publicationId,title,year,authors,sourceOrVenue,publicationType,doi,url,facultyRelationships,researchThemes,geomaticsApproaches,visibility,bibliographicStatus,sourceProvenance,internalNotes,sourceRows,sourceReviewStatuses
an-integrated-approach-to-studying-connectivity-relationship-between-terrestri-47dbc399,An integrated approach to studying connectivity relationship between terrestrial and coastal marine environments,,AC Blanco,,other,,,ariel-c-blanco,coastal-marine-systems,,internal,needs-review,Supplied Google Scholar profile copy,Source review status: REVIEW - unresolved year,234,REVIEW - unresolved year
change-detection-of-mangrove-forests-in-the-verde-island-passage-7277e802,Change Detection of Mangrove Forests in the Verde Island Passage,,11th National Symposium in Marine Science,,other,,,margaux-angelica-a-cruz,coastal-marine-systems|ecosystems-biodiversity-land-change,,internal,needs-review,Supplied Google Scholar profile copy,Source review status: REVIEW - unresolved year,348,REVIEW - unresolved year
detecting-and-documenting-landscape-changes-in-pe-ablanca-s-reforestation-site-1146bc06,Detecting and Documenting Landscape Changes in Peñablanca’s Reforestation Site Using Satellite Imagery,,Cagayan Valley Program on Environment and Development (CVPED) Conference,,other,,,margaux-angelica-a-cruz,ecosystems-biodiversity-land-change,earth-observation-remote-sensing,internal,needs-review,Supplied Google Scholar profile copy,Source review status: REVIEW - unresolved year,350,REVIEW - unresolved year
facing-the-additionality-challenge-in-implementing-a-forest-restoration-projec-b1b2ef34,Facing the Additionality Challenge in Implementing a Forest Restoration Project for a Protected Area,,19th Annual Biodiversity Symposium,,other,,,margaux-angelica-a-cruz,ecosystems-biodiversity-land-change,,internal,needs-review,Supplied Google Scholar profile copy,Source review status: REVIEW - unresolved year,349,REVIEW - unresolved year
habitat-extent-and-degradation-in-the-agusan-marsh-key-biodiversity-area-c08b46d9,Habitat Extent and Degradation in the Agusan Marsh Key Biodiversity Area,,18th Annual Philippine Biodiversity Symposium,,other,,,margaux-angelica-a-cruz,ecosystems-biodiversity-land-change,,internal,needs-review,Supplied Google Scholar profile copy,Source review status: REVIEW - unresolved year,351,REVIEW - unresolved year
modeling-poverty-in-the-philippines-34a19fa1,modeling poverty in the Philippines,,"L Marquez, A Blanco, E Robles, J Ornos, M Marquez",,other,,,ariel-c-blanco,urban-sustainable-systems,environmental-spatial-modeling,internal,needs-review,Supplied Google Scholar profile copy,Source review status: HOLD - probable duplicate candidate,224,HOLD - probable duplicate candidate
design-and-development-of-an-electronic-nose-system-to-control-the-processing-5b6d5001,Design and Development of an Electronic Nose System to Control the Processing of Dry Cured Iberian Hams Monitored via Internet in Electronic Noses and Olfaction 2000,2000,"MC Horrillo, I Sayago, MJ Fernández, R Gómez-Espinosa, A Blanco, ...","Institute of Physics publishing, Bristol and Philadelphia",other,,,ariel-c-blanco,,,internal,source-supported,Supplied Google Scholar profile copy,,99,READY - supported title and year
bio-optical-modeling-of-laguna-de-bay-waters-and-applications-to-lake-monitori-bdebef44,Bio-Optical Modeling of Laguna de Bay Waters and Applications to Lake Monitoring Using ASTER Data,2003,"EC Paringit, K Nadaoka, MCD Rubio, H Tamura, AC Blanco","Proceedings of the KSRS Conference, 667-669",other,,,ariel-c-blanco,,earth-observation-remote-sensing|environmental-spatial-modeling|geovisualization-decision-support,internal,source-supported,Supplied Google Scholar profile copy,,217,READY - supported title and year
field-survey-on-hydrodynamics-and-water-quality-in-manila-bay-and-laguna-lake-6415fbe4,Field survey on hydrodynamics and water quality in Manila Bay and Laguna Lake,2003,"H Tamura, K Nadaoka, E Paringit, FP Siringan, GQ Tabios III, CL Villanoy, ...",Proceedings of the symposium on environmental issues related to …,other,,,ariel-c-blanco,water-air-environmental-quality,environmental-spatial-modeling,internal,source-supported,Supplied Google Scholar profile copy,,138,READY - supported title and year
integrated-use-of-gis-and-hydrological-models-for-targeting-areas-tool-for-ass-706d68cb,Integrated Use of GIS and Hydrological Models for Targeting Areas: Tool for Assisting a Participatory Soil and Water Conservation Program,2003,AC Blanco,"University of Melbourne, Department of Geomatics",other,,,ariel-c-blanco,,gis-spatial-analytics,internal,source-supported,Supplied Google Scholar profile copy,,218,READY - supported title and year
connectivity-and-impact-assessment-of-land-use-cover-and-benthic-cover-change-cb67f416,Connectivity and impact assessment of land use/cover and benthic cover change by advance remote sensing analysis,2005,"MCR Paringit, EC Paringit, K Nadaoka, AC Blanco",,other,,,ariel-c-blanco,coastal-marine-systems|ecosystems-biodiversity-land-change,earth-observation-remote-sensing,internal,source-supported,Supplied Google Scholar profile copy,,216,READY - supported title and year
2005-6ce15bb3,衛星データに基づく八重山諸島における土地利用・植生被覆の長期的変遷と周辺サンゴ礁域の海底被覆状態変化の関係解析,2005,"MCD Rubio, EC Paringit, AC Blanco","海岸工学論文集 52, 1111-1115",other,,,ariel-c-blanco,,,internal,source-supported,Supplied Google Scholar profile copy,,215,READY - supported title and year
a-comparative-assessment-and-estimation-of-potential-soil-erosion-rates-and-pa-53d134bc,A Comparative Assessment and Estimation of Potential Soil Erosion Rates and Patterns in Laguna Lake Watershed Using Three Models,2006,"CB Ariel, A Blanco",Japan Society for the Promotion of Science (JSPS) and University of the …,other,,,ariel-c-blanco,ecosystems-biodiversity-land-change,,internal,source-supported,Supplied Google Scholar profile copy,,213,READY - supported title and year
a-comparative-assessment-and-estimation-of-potential-soil-erosion-rates-and-pa-a504171c,A Comparative Assessment and Estimation of Potential Soil Erosion Rates and Patterns in Laguna Lake Watershed Using Three Models: Towards Development of an Erosion Index System for Integrated Watershed-Lake Management,2006,"AC Blanco, K Nadaoka","Symposium on Infrastructure Development and the Environment, 7-8",other,,,ariel-c-blanco,ecosystems-biodiversity-land-change,,internal,source-supported,Supplied Google Scholar profile copy,,25,READY - supported title and year
complementarity-of-sensor-based-measurements-and-community-perception-for-moni-7044512d,Complementarity of sensor-based measurements and community perception for monitoring and management of seawater quality,2006,"MCR Paringit, K Nadaoka, T Pokavanich, H Iizuka, AC Blanco, ...",,other,,,ariel-c-blanco,coastal-marine-systems|water-air-environmental-quality,,internal,source-supported,Supplied Google Scholar profile copy,,214,READY - supported title and year
a-multi-scale-investigation-of-environmental-controls-onn-shiraho-coral-reef-t-3cc2ef2c,"A multi-scale investigation of environmental controls onn Shiraho Coral Reef through Field Measurements, Remote Sensing and GIS",2007,"CB Ariel, A Blanco, K NADAOKA, T YAMAMOTO","Abstracts, 21st Pacific Science Congress, Okinawa, Japan, 91",other,,,ariel-c-blanco,coastal-marine-systems,earth-observation-remote-sensing|gis-spatial-analytics,internal,source-supported,Supplied Google Scholar profile copy,,210,READY - supported title and year
coral-mortality-discrimination-and-change-detection-using-landsat-tm-and-etm-i-3dad614c,"Coral mortality discrimination and change detection using Landsat TM And ETM+ imageries of Balabac, Palawan",2007,"MAR Abella, J Cy, LT David",28th Asian Conference on Remote Sensing. Kuala Lumpur,other,,,margaux-angelica-a-cruz,coastal-marine-systems,earth-observation-remote-sensing,internal,source-supported,Supplied Google Scholar profile copy,,344,READY - supported title and year
integrated-analysis-of-socio-economic-and-environmental-statistics-towards-dev-595c86ae,Integrated analysis of socio-economic and environmental statistics towards development of coupled economy-environment indicators for Fiji and Samoa,2007,"CB Ariel, A Blanco, K NADAOKA","Abstracts, 21st Pacific Science Congress, Okinawa, Japan, 285",other,,,ariel-c-blanco,urban-sustainable-systems,,internal,source-supported,Supplied Google Scholar profile copy,,212,READY - supported title and year
integrated-socio-environmental-investigation-of-water-quality-condition-in-pue-3534261f,Integrated socio-environmental investigation of water quality condition in Puerto Galera: The Decision Supported System Development,2007,"T Pokavanich, K NADAOKA, CB Ariel, A Blanco, MC Rubio","Abstract, 21st Pacific Science Congress, Okinawa, Japan, 78",other,,,ariel-c-blanco,water-air-environmental-quality,geovisualization-decision-support,internal,source-supported,Supplied Google Scholar profile copy,,208,READY - supported title and year
spatial-and-temporal-distribution-composition-of-nutrients-microalgae-and-cdom-5e145ef6,"Spatial and temporal distribution composition of nutrients, microalgae and CDOM in Shiraoh reef, ishigaki island",2007,"B Ariel, A Blanco, K Nadaoka, T Yamamoto",Abstracts of the Japan Geoscience Union Meeting 2007 [CD],other,,,ariel-c-blanco,coastal-marine-systems|water-air-environmental-quality,,internal,source-supported,Supplied Google Scholar profile copy,,211,READY - supported title and year
water-balance-analysis-of-laguna-de-bay-philippines-with-focus-on-lake-water-u-13ecf836,"Water balance analysis of Laguna de Bay, Philippines with focus on lake-water use and salinity intrusion",2007,"H EUGENE, EC HERRERA, K NADAOKA, CB Ariel, A Blanco","Abstracts of the Japan Geoscience Union Meeting 2007,[CD]",other,,,ariel-c-blanco,water-air-environmental-quality,,internal,source-supported,Supplied Google Scholar profile copy,,209,READY - supported title and year
comprehensive-circulation-and-water-quality-investigation-of-the-coastal-lagoo-7aa94dd8,"Comprehensive circulation and water quality investigation of the coastal lagoon: Puerto Galera, The Philippines",2008,"T Pokavanich, K Nadaoka, AC Blanco",Proceedings of 8th International Conference on Hydro-science and Engineering …,other,,,ariel-c-blanco,coastal-marine-systems|water-air-environmental-quality,,internal,source-supported,Supplied Google Scholar profile copy,,78,READY - supported title and year
planktonic-and-benthic-microalgal-community-composition-as-indicators-of-terre-80546387,"Planktonic and benthic microalgal community composition as indicators of terrestrial influence on a fringing reef in Ishigaki Island, Southwest Japan",2008,"AC Blanco, K Nadaoka, T Yamamoto","Marine Environmental Research 66 (5), 520-535",other,,,ariel-c-blanco,coastal-marine-systems,,internal,source-supported,Supplied Google Scholar profile copy,,6,READY - supported title and year
assessment-of-philippine-coastal-vulnerability-to-sea-level-rise-using-rs-and-a026c99f,"Assessment of Philippine Coastal Vulnerability to Sea Level Rise Using RS and GIS: A Case Study of Bolinao, Pangasinan",2009,"SRC Reyes, AC Blanco",Philippine Engineering Journal 30 (2),other,,,ariel-c-blanco,climate-hazards-resilience|coastal-marine-systems,gis-spatial-analytics,internal,source-supported,Supplied Google Scholar profile copy,,160,READY - supported title and year
a-comprehensive-assessment-of-terrestrial-loadings-and-their-influence-on-a-fr-0ae8d66e,"A comprehensive assessment of terrestrial loadings and their influence on a fringing reef in Ishigaki Island, Okinawa, Japan",2010,"AC BLANCO, K NADAOKA, T YAMAMOTO, A WATANABE, K KINJO, ...","Asian and Pacific Coasts 2009: (In 4 Volumes, with CD-ROM), 228-235",other,10.1142/9789814287951_0167,https://doi.org/10.1142/9789814287951_0167,ariel-c-blanco,coastal-marine-systems,,internal,verified,Supplied Google Scholar profile copy,Deduplicated from 2 identical title/year source rows.,"159,228",READY - supported title and year
dynamic-evolution-of-nutrient-discharge-under-stormflow-and-baseflow-condition-781ae7d6,"Dynamic evolution of nutrient discharge under stormflow and baseflow conditions in a coastal agricultural watershed in Ishigaki Island, Okinawa, Japan",2010,"AC Blanco, K Nadaoka, T Yamamoto, K Kinjo","Hydrological Processes 24 (18), 2601-2616",other,,,ariel-c-blanco,coastal-marine-systems|ecosystems-biodiversity-land-change|water-air-environmental-quality,,internal,source-supported,Supplied Google Scholar profile copy,,10,READY - supported title and year
remote-sensing-and-gis-based-assessment-of-coastal-vulnerability-of-bolinao-pa-e362e20b,"Remote sensing and GIS-based assessment of coastal vulnerability of Bolinao, Pangasinan to sea level rise",2010,"SRC Reyes, AC Blanco",,other,,,ariel-c-blanco,climate-hazards-resilience|coastal-marine-systems,earth-observation-remote-sensing|gis-spatial-analytics,internal,source-supported,Supplied Google Scholar profile copy,,207,READY - supported title and year
roles-of-sporadic-intrusion-of-outer-sea-water-in-water-exchange-and-water-qua-f12c2d60,"Roles of sporadic intrusion of outer sea water in water exchange and water quality variations in the coastal lagoon of puerto galera, philippines",2010,"T Pokavanich, K Nadaoka, AC Blanco","Asian and Pacific Coasts 2009: (In 4 Volumes, with CD-ROM), 232-238",other,,,ariel-c-blanco,coastal-marine-systems|water-air-environmental-quality,,internal,source-supported,Supplied Google Scholar profile copy,,137,READY - supported title and year
a-partnership-for-sustainable-lake-environment-collaborative-monitoring-and-re-1f55a6ce,"A partnership for sustainable lake environment: collaborative monitoring and research on Laguna de Bay, Philippines, for management of resource use and ecosystem conservation",2011,"EC Herrera, K Nadaoka, AC Blanco, EC Hernandez","Lakes & Reservoirs: Research & Management 16 (2), 137-148",other,10.1111/j.1440-1770.2011.00449.x,https://doi.org/10.1111/j.1440-1770.2011.00449.x,ariel-c-blanco,,,internal,verified,Supplied Google Scholar profile copy,Deduplicated from 2 identical title/year source rows.,"53,227",READY - supported title and year
advanced-systems-for-detection-of-toxic-substances-towards-a-more-eco-efficien-4989e592,ADVANCED SYSTEMS FOR DETECTION OF TOXIC SUBSTANCES. TOWARDS A MORE ECO-EFFICIENT AIRCRAFT,2011,"C Cruz, JP Santos, M Aleixandre, A Blanco, MC Horrillo",,other,,,ariel-c-blanco,,,internal,source-supported,Supplied Google Scholar profile copy,,225,READY - supported title and year
estimation-of-nearshore-groundwater-discharge-and-its-potential-effects-on-a-f-dfbb376c,Estimation of nearshore groundwater discharge and its potential effects on a fringing coral reef,2011,"AC Blanco, A Watanabe, K Nadaoka, S Motooka, EC Herrera, ...","Marine pollution bulletin 62 (4), 770-785",other,,,ariel-c-blanco,coastal-marine-systems|water-air-environmental-quality,,internal,source-supported,Supplied Google Scholar profile copy,,8,READY - supported title and year
assessment-of-coastal-vulnerability-to-sea-level-rise-of-bolinao-pangasinan-us-63e12e19,"Assessment of coastal vulnerability to sea level rise of Bolinao, Pangasinan using remote sensing and geographic information systems",2012,"SRC Reyes, AC Blanco","The International Archives of the Photogrammetry, Remote Sensing and Spatial …",other,,,ariel-c-blanco,climate-hazards-resilience|coastal-marine-systems,earth-observation-remote-sensing,internal,source-supported,Supplied Google Scholar profile copy,,35,READY - supported title and year
assessment-of-coastal-vulnerability-to-sea-level-rise-using-remote-sensing-rs-1f8cacfa,"Assessment of coastal vulnerability to sea level rise using remote sensing (RS) and geographic information systems (GIS): a case study of Bolinao, Pangasinan, Philippines",2012,"SR Reyes, AC Blanco","Asian and Pacific Coasts 2011, 377-384",other,,,ariel-c-blanco,climate-hazards-resilience|coastal-marine-systems,earth-observation-remote-sensing|gis-spatial-analytics,internal,source-supported,Supplied Google Scholar profile copy,,65,READY - supported title and year
climate-change-impact-assessment-on-soil-loss-rate-in-a-large-river-basin-usin-f9b44869,"Climate Change Impact Assessment on Soil Loss Rate in a Large River Basin Using SWAT Model, RS and GIS",2012,"JA PRINCIPE, AC BLANCO",,other,,,ariel-c-blanco,climate-hazards-resilience,environmental-spatial-modeling|gis-spatial-analytics,internal,source-supported,Supplied Google Scholar profile copy,,204,READY - supported title and year
extraction-of-benthic-cover-information-from-video-tows-and-photographs-using-cdddf666,Extraction of benthic cover information from video tows and photographs using object-based image analysis,2012,"MTL Estomata, AC Blanco, K Nadaoka, ECM Tomoling","The International Archives of the Photogrammetry, Remote Sensing and Spatial …",other,,,ariel-c-blanco,coastal-marine-systems,earth-observation-remote-sensing,internal,source-supported,Supplied Google Scholar profile copy,,98,READY - supported title and year
integrated-use-of-electrical-resistance-tomography-and-radon-monitoring-for-ch-05865674,INTEGRATED USE OF ELECTRICAL RESISTANCE TOMOGRAPHY AND RADON MONITORING FOR CHARACTERIZING SUBMARINE GROUNDWATER DISCHARGE DYNAMICS IN A FRINGING REEF,2012,"AC BLANCO, K NADAOKA, A WATANABE","Asian And Pacific Coasts 2011, 1102-1109",other,,,ariel-c-blanco,coastal-marine-systems|water-air-environmental-quality,,internal,source-supported,Supplied Google Scholar profile copy,,206,READY - supported title and year
integrated-use-of-remote-sensing-gis-and-swat-model-to-explore-climate-change-dea1dba8,"Integrated use of remote sensing, GIS and swat model to explore climate change effects on river discharge in the Cagayan river Basin and land cover-based adaptation measures",2012,"JA Principe, AC Blanco","Proceedings of the 33rd Asian Conference on Remote Sensing, 1509-1518",other,,,ariel-c-blanco,climate-hazards-resilience|ecosystems-biodiversity-land-change,earth-observation-remote-sensing|environmental-spatial-modeling|gis-spatial-analytics,internal,source-supported,Supplied Google Scholar profile copy,,117,READY - supported title and year
key-biodiversity-areas-in-the-philippines-priorities-for-conservation-2012-186d6812,Key biodiversity areas in the Philippines: priorities for conservation,2012,"RGR Ambal, MV Duya, MA Cruz, OG Coroza, SG Vergara, N de Silva, ...","Journal of Threatened Taxa 4 (8), 2788-2796",other,,,margaux-angelica-a-cruz,ecosystems-biodiversity-land-change,,internal,source-supported,Supplied Google Scholar profile copy,,343,READY - supported title and year
sediment-discharge-from-an-agricultural-watershed-investigating-the-influence-6cf2e887,Sediment discharge from an agricultural watershed: investigating the influence of land-cover fragmentation using the GSSHA model,2012,"AC BLANCO, K NADAOKA, MCR PARINGIT","IAHS-AISH publication, 271-275",other,,,ariel-c-blanco,ecosystems-biodiversity-land-change,environmental-spatial-modeling,internal,source-supported,Supplied Google Scholar profile copy,,205,READY - supported title and year
evaluating-mean-sea-level-anomalies-for-the-philippines-using-satellite-altime-72982352,EVALUATING MEAN SEA LEVEL ANOMALIES FOR THE PHILIPPINES USING SATELLITE ALTIMETRY DATA AND GEOGRAPHIC INFORMATION SYSTEMS (GIS),2013,"SRC REYES, AC BLANCO",,other,,,ariel-c-blanco,coastal-marine-systems,earth-observation-remote-sensing|gis-spatial-analytics,internal,source-supported,Supplied Google Scholar profile copy,,161,READY - supported title and year
improved-classification-of-moderate-resolution-satellite-image-using-band-rati-ca0eaf82,"IMPROVED CLASSIFICATION OF MODERATE RESOLUTION SATELLITE IMAGE USING BAND RATIO, NBAI AND PC TRANSFORM",2013,"JA Principe, AC Blanco, T Yamamoto, K Nadaoka",,other,,,ariel-c-blanco,,earth-observation-remote-sensing|geoai-spatial-data-science,internal,source-supported,Supplied Google Scholar profile copy,,230,READY - supported title and year
mapping-of-seagrass-and-other-benthic-habitats-in-bolinao-pangasinan-using-wor-19106cde,"Mapping of seagrass and other benthic habitats in Bolinao, Pangasinan using Worldview-2 satellite image",2013,"AM Tamondong, AC Blanco, MD Fortes, K Nadaoka","2013 IEEE International Geoscience and Remote Sensing Symposium-IGARSS, 1579 …",other,10.1109/igarss.2013.6723091,https://doi.org/10.1109/igarss.2013.6723091,ariel-c-blanco|ayin-m-tamondong,coastal-marine-systems|ecosystems-biodiversity-land-change,earth-observation-remote-sensing,internal,source-supported,Supplied Google Scholar profile copy,Deduplicated from 2 identical title/year source rows.,"14,235",READY - supported title and year
phenological-changes-in-alaminos-and-bani-watersheds-derived-using-modis-data-f2c36ea3,Phenological Changes in Alaminos and Bani Watersheds Derived Using MODIS Data: Indications of Salinity Intrusion,2013,"R Sith, AC Blanco",,other,,,ariel-c-blanco,ecosystems-biodiversity-land-change|water-air-environmental-quality,earth-observation-remote-sensing,internal,source-supported,Supplied Google Scholar profile copy,,226,READY - supported title and year
seasonal-variability-of-water-quality-around-patch-reefs-inside-a-lagoon-from-24a3a297,Seasonal variability of water quality around patch reefs inside a lagoon from its interaction with outer sea,2013,"T POKAVANICH, T YAMAMOTO, K NADAOKA, AC BLANCO","Galaxea, Journal of Coral Reef Studies 15 (Supplement), 54-59",other,,,ariel-c-blanco,coastal-marine-systems|water-air-environmental-quality,,internal,source-supported,Supplied Google Scholar profile copy,,158,READY - supported title and year
spatiotemporal-variations-in-co2-flux-in-a-fringing-reef-simulated-using-a-nov-c8064ef1,Spatiotemporal variations in CO2 flux in a fringing reef simulated using a novel carbonate system dynamics model,2013,"A Watanabe, T Yamamoto, K Nadaoka, Y Maeda, T Miyajima, Y Tanaka, ...","Coral Reefs 32 (1), 239-254",other,,,ariel-c-blanco,coastal-marine-systems|water-air-environmental-quality,environmental-spatial-modeling|gis-spatial-analytics,internal,source-supported,Supplied Google Scholar profile copy,,31,READY - supported title and year
swat-model-for-assessment-of-climate-change-and-land-use-land-cover-change-imp-bfef776d,Swat Model for Assessment of Climate Change and Land Use/Land Cover Change Impact on Philippine Soil Loss and Exploration of Land Cover-Based Mitigation Measures: Case of Cagayan,2013,"J Principe, A Blanco","ASEAN Eng. J. Part C 3, 104",other,,,ariel-c-blanco,climate-hazards-resilience|ecosystems-biodiversity-land-change,environmental-spatial-modeling,internal,source-supported,Supplied Google Scholar profile copy,,70,READY - supported title and year
3dgis-based-multi-agent-geosimulation-and-visualization-of-building-evacuation-882b11a4,3DGIS-based multi-agent geosimulation and visualization of building evacuation using GAMA platform,2014,"EG Macatulad, AC Blanco","The International Archives of the Photogrammetry, Remote Sensing and Spatial …",other,,,ariel-c-blanco,urban-sustainable-systems,environmental-spatial-modeling|geovisualization-decision-support|gis-spatial-analytics|lidar-photogrammetry-3d-geomatics,internal,source-supported,Supplied Google Scholar profile copy,,23,READY - supported title and year
a-framework-for-assessing-risk-from-natural-hazards-including-climate-change-f-e5b67e9f,"A FRAMEWORK FOR ASSESSING RISK FROM NATURAL HAZARDS INCLUDING CLIMATE CHANGE FOR WATER, WASTEWATER AND SOLID WASTE SERVICES",2014,"L Magpili, G Louis, CA Pinto, J Henriquez, A Blanco, P Bishop",Proceedings of the International Annual Conference of the American Society …,other,,,ariel-c-blanco,climate-hazards-resilience,,internal,source-supported,Supplied Google Scholar profile copy,,203,READY - supported title and year
assessment-of-water-quality-variations-in-san-juan-river-using-gis-and-multiva-d43738e5,Assessment of water quality variations in San Juan River using GIS and multivariate statistical techniques,2014,"A Blanco, A Alarilla, R Dimalibot, M Bonga, E Paringit","ASEAN Engineering Journal Part C 2 (2), 24",other,,,ariel-c-blanco,water-air-environmental-quality,gis-spatial-analytics,internal,source-supported,Supplied Google Scholar profile copy,,136,READY - supported title and year
change-in-seagrass-fractional-cover-in-bolinao-and-anda-philippines-derived-fr-72368896,"Change in seagrass fractional cover in Bolinao and Anda, Philippines, derived from Landsat images",2014,"AC Blanco, A Tamondong, E Tagle, M Fortes, K Nadaoka","Proceedings of the 35th Asian Conference on Remote Sensing, ACRS",other,,,ariel-c-blanco|ayin-m-tamondong,coastal-marine-systems,earth-observation-remote-sensing,internal,source-supported,Supplied Google Scholar profile copy,Deduplicated from 2 identical title/year source rows.,"116,263",READY - supported title and year
coupling-artificial-neural-networks-and-genetic-algorithms-in-redesigning-exis-911c9cd4,Coupling artificial neural networks and genetic algorithms in redesigning existing cities for flood resistance,2014,"GO Cruz, F Ballesteros Jr, A Blanco",ACHI,other,,,ariel-c-blanco,climate-hazards-resilience,geoai-spatial-data-science,internal,source-supported,Supplied Google Scholar profile copy,,157,READY - supported title and year
development-and-applications-of-an-integrated-decision-support-system-for-real-025efd31,Development and Applications of an Integrated Decision Support System for realizing Sustainable Aquaculture and Coastal Ecosystem in Bolinao and its surrounding areas,2014,"CB Ariel, A Blanco, M Yoshikai, T Tsuchiya, K NADAOKA, A Watanabe, ...",(No Title),other,,,ariel-c-blanco,coastal-marine-systems,geovisualization-decision-support,internal,source-supported,Supplied Google Scholar profile copy,,202,READY - supported title and year
feature-classification-using-supervised-classification-support-vector-machines-fed1adbe,FEATURE CLASSIFICATION USING SUPERVISED CLASSIFICATION SUPPORT VECTOR MACHINES,2014,"TAM Rollan, MV Jerez, AC Blanco",,other,,,ariel-c-blanco,,geoai-spatial-data-science,internal,source-supported,Supplied Google Scholar profile copy,,200,READY - supported title and year
geovisualization-of-land-use-and-zoning-ordinances-in-boracay-island-malay-akl-48ff746a,"Geovisualization of Land Use and Zoning Ordinances in Boracay Island, Malay, Aklan",2014,"CB Ariel, A Blanco, K NADAOKA",(No Title),other,,,ariel-c-blanco,ecosystems-biodiversity-land-change,geovisualization-decision-support,internal,source-supported,Supplied Google Scholar profile copy,,201,READY - supported title and year
a-multi-scale-approach-for-benthic-habitat-mapping-of-shallow-water-region-of-1a90250a,"A multi-scale approach for benthic habitat mapping of shallow water region of Guiuan, Eastern Samar using a 4-band high resolution WorldView-2 satellite image using object-based image analysis",2015,"MSP Estabillo, AM Tamondong",36th Asian Conference on Remote Sensing Philippines2015,other,,,ayin-m-tamondong,coastal-marine-systems|ecosystems-biodiversity-land-change,earth-observation-remote-sensing,internal,source-supported,Supplied Google Scholar profile copy,,255,READY - supported title and year
combining-watershed-transformation-and-local-maxima-approach-in-developing-a-t-0f499afb,Combining Watershed Transformation and Local Maxima Approach in Developing a Tree Detection and Counting Methodology using Object-Based Image Analysis,2015,"TA ROLLAN, C CARRANZA, M JEREZ, A BLANCO",Proceedings of South East Asian Survey Congress,other,,,ariel-c-blanco,ecosystems-biodiversity-land-change,earth-observation-remote-sensing,internal,source-supported,Supplied Google Scholar profile copy,,115,READY - supported title and year
development-of-the-philippine-hydrologic-dataset-phd-from-lidar-and-other-remo-f661fea6,Development of the Philippine Hydrologic Dataset (PHD) from LiDAR and other remotely-sensed data,2015,"AMC Perez, MC Gaspa, DS Aloc, MAP Mahor, KAC Gonzalez, ...",Earth Resources and Environmental Remote Sensing/GIS Applications VI 9644 …,other,,,ariel-c-blanco,,lidar-photogrammetry-3d-geomatics,internal,source-supported,Supplied Google Scholar profile copy,,135,READY - supported title and year
evaluation-of-canny-edge-detection-and-muti-threshold-segmentation-technique-f-8ca1fd17,Evaluation of Canny Edge Detection and Muti-Threshold Segmentation Technique for Precise Mapping and Inventory of Aquaculture Ponds in Coastal Areas,2015,"RV Peralta, AM Tamondong",,other,,,ayin-m-tamondong,coastal-marine-systems,,internal,source-supported,Supplied Google Scholar profile copy,,254,READY - supported title and year
geostatistical-analysis-of-water-quality-in-bolinao-pangasinan-2015-df91c8bc,"GEOSTATISTICAL ANALYSIS OF WATER QUALITY IN BOLINAO, PANGASINAN",2015,"RV Ramos, AC Blanco",,other,,,ariel-c-blanco,water-air-environmental-quality,gis-spatial-analytics,internal,source-supported,Supplied Google Scholar profile copy,,233,READY - supported title and year
hydrodynamic-investigation-of-a-shallow-tropical-lake-environment-laguna-lake-1a41c342,"Hydrodynamic investigation of a shallow tropical lake environment (Laguna Lake, Philippines) and associated implications for eutrophic vulnerability",2015,"E Herrera, K Nadaoka, A Blanco, E Hernandez","ASEAN Engineering Journal 4 (1), 48-62",other,,,ariel-c-blanco,climate-hazards-resilience,environmental-spatial-modeling,internal,source-supported,Supplied Google Scholar profile copy,,21,READY - supported title and year
light-detection-and-ranging-lidar-data-processing-and-classification-for-bathy-f90e020b,LIGHT DETECTION AND RANGING (LIDAR) DATA PROCESSING AND CLASSIFICATION FOR BATHYMETRIC DEM GENERATION OF PHILIPPINE SHALLOW WATERS,2015,"JM Medina, JF Prieto, SJD Samalburo, MRCO Ang",,other,,,jommer-m-medina,coastal-marine-systems,geoai-spatial-data-science|lidar-photogrammetry-3d-geomatics,internal,source-supported,Supplied Google Scholar profile copy,,342,READY - supported title and year
mangrove-forest-extent-mapping-in-siargao-island-surigao-del-norte-philippines-37448696,"MANGROVE FOREST EXTENT MAPPING IN SIARGAO ISLAND, SURIGAO DEL NORTE, PHILIPPINES USING SUPPORT VECTOR MACHINE (SVM) CLASSIFICATION",2015,"G Al Jayson, AB Baloloy, AC Blanco, LT David",,other,,,ariel-c-blanco,coastal-marine-systems|ecosystems-biodiversity-land-change,geoai-spatial-data-science,internal,source-supported,Supplied Google Scholar profile copy,,232,READY - supported title and year
mangrove-forest-extent-mapping-in-southwestern-luzon-using-2015-landsat-imager-569f6518,Mangrove forest extent mapping in Southwestern Luzon using 2015 landsat imagery,2015,"AJ Songcuan, AB Baloloy, AC Blanco, LT David, GA Go, IE Cadalzo, ...","Proceedings of the 36th Asian Conference on RS (ACRS), Quezon City …",other,,,ayin-m-tamondong,coastal-marine-systems|ecosystems-biodiversity-land-change,earth-observation-remote-sensing,internal,source-supported,Supplied Google Scholar profile copy,,247,READY - supported title and year
multi-agent-geo-simulation-of-building-evacuation-from-3dgis-dataset-of-melcho-3dd4644c,"MULTI-AGENT GEO-SIMULATION OF BUILDING EVACUATION FROM 3DGIS DATASET OF MELCHOR HALL, UP DILIMAN",2015,AC Blanco,11th Engineering Research and Development for Technology Conference,other,,,ariel-c-blanco,urban-sustainable-systems,environmental-spatial-modeling|gis-spatial-analytics|lidar-photogrammetry-3d-geomatics,internal,source-supported,Supplied Google Scholar profile copy,,199,READY - supported title and year
object-based-image-analysis-for-benthic-habitat-mapping-using-lidar-derivative-f688a4e2,Object-Based Image Analysis for Benthic Habitat Mapping using LiDAR Derivatives,2015,"IE CADALZO, C CRUZ, GA GO, A TAMONDONG",,other,,,ayin-m-tamondong,coastal-marine-systems|ecosystems-biodiversity-land-change,earth-observation-remote-sensing|lidar-photogrammetry-3d-geomatics,internal,source-supported,Supplied Google Scholar profile copy,,297,READY - supported title and year
object-based-image-analysis-for-mangroves-extraction-using-lidar-datasets-and-65061e15,Object-based image analysis for mangroves extraction using LIDAR datasets and orthophoto,2015,"RL Jalbuena, RV Peralta, AM Tamondong",Asian Association on Remote Sensing,other,,,ayin-m-tamondong,coastal-marine-systems,earth-observation-remote-sensing|lidar-photogrammetry-3d-geomatics,internal,source-supported,Supplied Google Scholar profile copy,,242,READY - supported title and year
the-phil-lidar-2-program-national-resource-inventory-of-the-philippines-using-c42abbf8,The Phil-LiDAR 2 program: National resource inventory of the Philippines using LiDAR and other remotely sensed data,2015,"AC Blanco, AM Tamondong, AMC Perez, M Ang, EC Paringit","The International Archives of the Photogrammetry, Remote Sensing and Spatial …",other,10.5194/isprsarchives-xl-7-w3-1123-2015,https://doi.org/10.5194/isprsarchives-xl-7-w3-1123-2015,ariel-c-blanco|ayin-m-tamondong,,lidar-photogrammetry-3d-geomatics,internal,source-supported,Supplied Google Scholar profile copy,Deduplicated from 2 identical title/year source rows.,"16,236",READY - supported title and year
the-phil-lidar-2-program-national-resource-inventory-of-the-philippines-using-61ba2bf3,The Phil-LiDAR 2 Program: National resource inventory of the Philippines using LiDAR and other remotely sensed Data. The International Archives of the Photogrammetry,2015,"AC Blanco, AM Tamondong, AMC Perez, M Ang, EC Paringit","Remote Sensing and Spatial Information Sciences, XL-7-W3, 1123-1127",other,,,ayin-m-tamondong,,lidar-photogrammetry-3d-geomatics,internal,source-supported,Supplied Google Scholar profile copy,,248,READY - supported title and year
a-framework-for-capacity-building-in-mapping-coastal-resources-using-remote-se-58429141,A framework for capacity building in mapping coastal resources using remote sensing in the Philippines,2016,"A Tamondong, C Cruz, T Ticman, R Peralta, GA Go, M Vergara, ...","The International Archives of the Photogrammetry, Remote Sensing and Spatial …",other,10.5194/isprsarchives-xli-b6-149-2016,https://doi.org/10.5194/isprsarchives-xli-b6-149-2016,ariel-c-blanco|ayin-m-tamondong,coastal-marine-systems|urban-sustainable-systems,earth-observation-remote-sensing,internal,source-supported,Supplied Google Scholar profile copy,Deduplicated from 2 identical title/year source rows.,"155,277",READY - supported title and year
an-agent-based-approach-to-modeling-poverty-in-the-philippines-2016-70f113a1,An agent-based approach to modeling poverty in the Philippines,2016,"L Marquez, A Blanco, E Robles, J Ornos, M Marquez",,other,,,ariel-c-blanco,urban-sustainable-systems,environmental-spatial-modeling,internal,source-supported,Supplied Google Scholar profile copy,,231,READY - supported title and year
assessment-of-point-cloud-analysis-in-improving-object-based-agricultural-land-8b3080a6,"Assessment of point cloud analysis in improving object-based agricultural land cover classification using discrete LIDAR data in Cabadbaran, Agusan del Norte, Philippines",2016,"TAM Rollan, AC Blanco",6th International Conference on Geographic Object-Based Image Analysis …,other,,,ariel-c-blanco,ecosystems-biodiversity-land-change,geoai-spatial-data-science|lidar-photogrammetry-3d-geomatics,internal,source-supported,Supplied Google Scholar profile copy,,133,READY - supported title and year
automated-calculation-of-cloud-cover-from-rgb-composite-of-landsat-8-and-diwat-3907b005,Automated calculation of cloud cover from rgb composite of landsat 8 and diwata-1 satellite imagery,2016,"MET Amado, A Tamondong",,other,,,ayin-m-tamondong,,earth-observation-remote-sensing,internal,source-supported,Supplied Google Scholar profile copy,,269,READY - supported title and year
design-of-a-free-and-open-source-data-processing-archiving-and-distribution-su-22dc5ef8,"DESIGN OF A FREE AND OPEN SOURCE DATA PROCESSING, ARCHIVING, AND DISTRIBUTION SUBSYSTEM FOR THE GROUND RECEIVING STATION OF THE PHILIPPINE SCIENTIFIC EARTH OBSERVATION MICRO-SATELLITE",2016,"RKD Aranas, BJD Jiao, BJP Magallon, MKF Ramos, JA Amado, ...","The International Archives of the Photogrammetry, Remote Sensing and Spatial …",other,10.5194/isprs-archives-XLI-B7-909-2016,https://doi.org/10.5194/isprs-archives-XLI-B7-909-2016,ayin-m-tamondong,,earth-observation-remote-sensing,internal,verified,Supplied Google Scholar profile copy,,276,READY - supported title and year
elucidating-factors-of-seagrass-fractional-cover-change-using-spatial-regressi-e289c38b,Elucidating factors of seagrass fractional cover change using spatial regression,2016,AC BLANCO,Proceedings of the 7th ASEAN Environmental Engineering Conference,other,,,ariel-c-blanco,coastal-marine-systems,gis-spatial-analytics,internal,source-supported,Supplied Google Scholar profile copy,,196,READY - supported title and year
georeferencing-uas-derivatives-through-point-cloud-registration-with-archived-0a6e97cf,Georeferencing UAS derivatives through point cloud registration with archived lidar datasets,2016,"M Magtalas, JCL Aves, AC Blanco","ISPRS Annals of the Photogrammetry, Remote Sensing and Spatial Information …",other,,,ariel-c-blanco,,gis-spatial-analytics|lidar-photogrammetry-3d-geomatics,internal,source-supported,Supplied Google Scholar profile copy,,69,READY - supported title and year
landsat-based-detection-and-severity-analysis-of-burned-sugarcane-plots-in-tar-4fbd47f7,"Landsat-based detection and severity analysis of burned sugarcane plots in tarlac, philippines using differenced normalized burn ratio (dNBR)",2016,"AB Baloloy, AC Blanco, BS Gana, LC Olalia","The International Archives of the Photogrammetry, Remote Sensing and Spatial …",other,,,ariel-c-blanco,ecosystems-biodiversity-land-change,earth-observation-remote-sensing,internal,source-supported,Supplied Google Scholar profile copy,,49,READY - supported title and year
mangrove-classification-through-the-use-of-object-oriented-classification-and-086c2c9d,"Mangrove classification through the use of object oriented classification and support vector machine of lidar datasets: a case study in Naawan and Manticao, Misamis Oriental, Philippines",2016,"RL Jalbuena, RV Peralta, AM Tamondong",Earth Resources and Environmental Remote Sensing/GIS Applications VII 10005 …,other,10.1117/12.2241964,https://doi.org/10.1117/12.2241964,ayin-m-tamondong,coastal-marine-systems,geoai-spatial-data-science|lidar-photogrammetry-3d-geomatics,internal,verified,Supplied Google Scholar profile copy,,253,READY - supported title and year
mapping-of-coral-reefs-using-the-combined-bathymetric-lidar-and-casi-datasets-41d5d4fb,Mapping of coral reefs using the combined bathymetric lidar and CASI datasets (Conference Presentation),2016,"CA Cruz, AM Tamondong, GA Go","Remote Sensing of the Ocean, Sea Ice, Coastal Waters, and Large Water …",other,,,ayin-m-tamondong,coastal-marine-systems,lidar-photogrammetry-3d-geomatics,internal,source-supported,Supplied Google Scholar profile copy,,294,READY - supported title and year
nationwide-natural-resource-inventory-of-the-philippines-using-lidar-strategie-96a9a411,"Nationwide natural resource inventory of the Philippines using LiDAR: strategies, progress, and challenges",2016,"AC Blanco, A Tamondong, AM Perez, MRC Ang, E Paringit, R Alberto, ...","The International Archives of the Photogrammetry, Remote Sensing and Spatial …",other,10.5194/isprsarchives-xli-b6-105-2016,https://doi.org/10.5194/isprsarchives-xli-b6-105-2016,ariel-c-blanco|ayin-m-tamondong,,lidar-photogrammetry-3d-geomatics,internal,source-supported,Supplied Google Scholar profile copy,Deduplicated from 2 identical title/year source rows.,"64,246",READY - supported title and year
rapid-assessment-of-seagrass-cover-change-using-mixture-tuned-matched-filterin-8e0d161b,RAPID ASSESSMENT OF SEAGRASS COVER CHANGE USING MIXTURE TUNED MATCHED FILTERING,2016,"AM Tamondong, AC Blanco, RR Quides",,other,,,ariel-c-blanco|ayin-m-tamondong,coastal-marine-systems,,internal,source-supported,Supplied Google Scholar profile copy,Deduplicated from 2 identical title/year source rows.,"223,295",READY - supported title and year
rs-based-water-resources-inventory-of-the-philippines-capacity-building-effort-86bd5e8e,Rs-Based Water Resources Inventory of the Philippines: Capacity Building Efforts for Nationwide Implementation,2016,"AMC Perez, RM De La Cruz, NT Olfindo, NJB Borlongan, MM Felicen, ...","The International Archives of the Photogrammetry, Remote Sensing and Spatial …",other,,,ariel-c-blanco,urban-sustainable-systems,,internal,source-supported,Supplied Google Scholar profile copy,,134,READY - supported title and year
seagrass-cover-change-mapping-in-the-bolinao-anda-area-2016-3b3648d4,Seagrass Cover Change Mapping in the Bolinao-Anda Area,2016,"AC BLANCO, M Fortes, K NADAOKA",(No Title),other,,,ariel-c-blanco,coastal-marine-systems,,internal,source-supported,Supplied Google Scholar profile copy,,197,READY - supported title and year
species-diversity-of-tropical-seagrasses-affect-fish-assemblage-structures-aro-7059f324,"Species diversity of tropical seagrasses affect fish assemblage structures, around Santiago Island, Bolinao, northwestern Philippines",2016,"Y TANAKA, T Yorisue, K Honda, Y Nakamura, T Miyajima, GA Go, ...",,other,,,ariel-c-blanco|ayin-m-tamondong,coastal-marine-systems,,internal,source-supported,Supplied Google Scholar profile copy,Deduplicated from 2 identical title/year source rows.,"198,296",READY - supported title and year
using-spatial-point-pattern-analysis-as-supplement-for-object-based-image-clas-fd119470,Using spatial point pattern analysis as supplement for object-based image classification of tree clusters,2016,"ELM Tanada, AC Blanco",6th International Conference on Geographic Object-Based Image Analysis …,other,,,ariel-c-blanco,ecosystems-biodiversity-land-change,earth-observation-remote-sensing|geoai-spatial-data-science,internal,source-supported,Supplied Google Scholar profile copy,,156,READY - supported title and year
3d-visualization-of-mangrove-and-aquaculture-conversion-in-banate-bay-iloilo-2-71aff7d3,"3d visualization of mangrove and aquaculture conversion in Banate Bay, Iloilo",2017,"GA Domingo, MM Mallillin, AMC Perez, ARC Claridades, AM Tamondong","The International Archives of the Photogrammetry, Remote Sensing and Spatial …",other,10.5194/isprs-archives-xlii-4-w5-53-2017,https://doi.org/10.5194/isprs-archives-xlii-4-w5-53-2017,ayin-m-tamondong,coastal-marine-systems,geovisualization-decision-support|lidar-photogrammetry-3d-geomatics,internal,source-supported,Supplied Google Scholar profile copy,,251,READY - supported title and year
a-dynamic-model-to-assess-mariculture-induced-environmental-impacts-on-seagras-4ed74e55,"A dynamic model to assess mariculture-induced environmental impacts on seagrass beds along coasts of Bolinao and Anda, Philippines",2017,M Fortes,Japan Geoscience Union,other,,,ariel-c-blanco,coastal-marine-systems,,internal,source-supported,Supplied Google Scholar profile copy,,193,READY - supported title and year
assessing-the-vulnerability-of-agricultural-crops-to-riverine-floods-in-kalibo-36ca7aa4,"Assessing the Vulnerability of Agricultural Crops to Riverine Floods in Kalibo, Philippines using Composite Index Method.",2017,"RP Jose, RJ Apura, DM dela Torre, AC Blanco, PKD Cruz, TAM Rollan, ...","GISTAM, 184-194",other,,,ariel-c-blanco,climate-hazards-resilience|ecosystems-biodiversity-land-change,,internal,source-supported,Supplied Google Scholar profile copy,,63,READY - supported title and year
combination-of-modis-vegetation-indices-grace-terrestrial-water-storage-change-3f36d25e,"Combination of MODIS Vegetation Indices, GRACE Terrestrial Water Storage Changes, and In-Situ Measurements for Drought Assessment in Cagayan River Basin, Philippines",2017,"AMC Perez, AC Blanco","JNRD-Journal of Natural Resources and Development 7, 45-55",other,,,ariel-c-blanco,climate-hazards-resilience|ecosystems-biodiversity-land-change,earth-observation-remote-sensing,internal,source-supported,Supplied Google Scholar profile copy,,132,READY - supported title and year
comparative-assessment-of-water-column-correction-techniques-for-seagrass-mapp-166ef66c,Comparative Assessment of Water Column Correction Techniques for Seagrass Mapping Using Worldview-2 Image,2017,"A Tamondong, A Blanco, M Fortes",Philippine Engineering Journal 38 (2),other,,,ariel-c-blanco|ayin-m-tamondong,coastal-marine-systems,earth-observation-remote-sensing,internal,source-supported,Supplied Google Scholar profile copy,Deduplicated from 2 identical title/year source rows.,"153,274",READY - supported title and year
creating-a-spectral-library-of-coastal-resources-in-the-philippines-2017-92daf551,CREATING A SPECTRAL LIBRARY OF COASTAL RESOURCES IN THE PHILIPPINES,2017,"C Cruz, DM dela Torre, A Tamondong, A Blanco",,other,,,ariel-c-blanco|ayin-m-tamondong,coastal-marine-systems,,internal,source-supported,Supplied Google Scholar profile copy,Deduplicated from 2 identical title/year source rows.,"222,300",READY - supported title and year
development-of-mapping-design-for-agricultural-features-extracted-from-lidar-d-d0d6ebf8,Development of Mapping Design for Agricultural Features Extracted from LiDAR Datasets.,2017,"NB Gatdula, MV Jerez, TAM Rollan, RP Jose, CDU Caranza, JA Laurente, ...","GISTAM, 276-283",other,,,ariel-c-blanco,ecosystems-biodiversity-land-change,lidar-photogrammetry-3d-geomatics,internal,source-supported,Supplied Google Scholar profile copy,,154,READY - supported title and year
exploring-climate-change-effects-on-watershed-sediment-yield-and-land-cover-ba-7e56288c,"EXPLORING CLIMATE CHANGE EFFECTS ON WATERSHED SEDIMENT YIELD AND LAND COVER-BASED MITIGATION MEASURES USING SWAT MODEL, RS AND GIS: CASE OF CAGAYAN RIVER BASIN, PHILIPPINES",2017,"JA Principe, AC Blanco",宇宙からの地球環境・災害のモニタリングとリスク評価: 生研フォーラム論文集= Monitoring of …,other,,,ariel-c-blanco,climate-hazards-resilience|ecosystems-biodiversity-land-change,environmental-spatial-modeling|gis-spatial-analytics,internal,source-supported,Supplied Google Scholar profile copy,,195,READY - supported title and year
extraction-of-seagrass-biophysical-parameters-using-unmanned-aerial-systems-ua-01a2b9f9,EXTRACTION OF SEAGRASS BIOPHYSICAL PARAMETERS USING UNMANNED AERIAL SYSTEMS (UAS),2017,"A Tamondong, AG Dalagan, LA Manasan, R Ramos",,other,,,ayin-m-tamondong,coastal-marine-systems,lidar-photogrammetry-3d-geomatics,internal,source-supported,Supplied Google Scholar profile copy,,299,READY - supported title and year
feature-extraction-and-descriptor-calculation-methods-for-automatic-georeferen-73f0f959,Feature extraction and descriptor calculation methods for automatic georeferencing of Philippines' first microsatellite imagery,2017,"MEA Tupas, JA Dasallas, BJD Jiao, BJP Magallon, JNH Sempio, ...","Image and Signal Processing for Remote Sensing XXIII 10427, 450-458",other,10.1117/12.2278177,https://doi.org/10.1117/12.2278177,ayin-m-tamondong,,earth-observation-remote-sensing,internal,source-supported,Supplied Google Scholar profile copy,,275,READY - supported title and year
mangrove-forest-extent-mapping-in-southwestern-luzon-using-2015-landsat-imager-12c515aa,Mangrove Forest Extent Mapping in Southwestern Luzon Using 2015 Landsat Imagery,2017,A Blanco,,other,,,ariel-c-blanco,coastal-marine-systems|ecosystems-biodiversity-land-change,earth-observation-remote-sensing,internal,source-supported,Supplied Google Scholar profile copy,,194,READY - supported title and year
nationwide-mapping-of-coastal-resources-in-the-philippines-using-remote-sensin-def124ae,Nationwide mapping of coastal resources in the Philippines using remote sensing,2017,"A Tamondong, C Cruz, KD Ticman, GA Go, R Peralta, MV Vergara, ...",Natural Resources Canada,other,,,ariel-c-blanco|ayin-m-tamondong,coastal-marine-systems,earth-observation-remote-sensing,internal,source-supported,Supplied Google Scholar profile copy,Deduplicated from 2 identical title/year source rows.,"192,293",READY - supported title and year
quality-assessment-and-control-of-outputs-of-a-nationwide-agricultural-land-co-7078d826,Quality assessment and control of outputs of a nationwide agricultural land cover mapping program using LIDAR: PHIL-LIDAR 2 parmap experience,2017,"HM Pagkalinawan, NB Gatdula, RP Jose, TM Rollan, EM Tañada, ...","The International Archives of the Photogrammetry, Remote Sensing and Spatial …",other,,,ariel-c-blanco,ecosystems-biodiversity-land-change,lidar-photogrammetry-3d-geomatics,internal,source-supported,Supplied Google Scholar profile copy,,114,READY - supported title and year
spectral-discrimination-of-coral-reef-environment-using-derivative-analysis-20-5eaf5d28,Spectral discrimination of coral reef environment using derivative analysis,2017,"C Cruz, A Tamondong, KD Ticman, GA Go, R Peralta, MV Vergara, ...",Natural Resources Canada,other,,,ariel-c-blanco|ayin-m-tamondong,coastal-marine-systems,,internal,source-supported,Supplied Google Scholar profile copy,Deduplicated from 2 identical title/year source rows.,"191,292",READY - supported title and year
3d-visualization-of-building-interior-using-omnidirectional-images-2018-65769e81,3D Visualization of Building Interior using Omnidirectional Images,2018,"ARC Claridades, J Lee, AC Blanco",39th Asian Conference on Remote Sensing: Remote Sensing Enabling Prosperity …,other,,,ariel-c-blanco,urban-sustainable-systems,earth-observation-remote-sensing|geovisualization-decision-support|lidar-photogrammetry-3d-geomatics,internal,source-supported,Supplied Google Scholar profile copy,,131,READY - supported title and year
a-blend-then-index-method-of-fusing-landsat-and-modis-satellite-images-using-e-07dd55d0,A BLEND-THEN-INDEX METHOD OF FUSING LANDSAT AND MODIS SATELLITE IMAGES USING ENCHANCED SPATIAL AND TEMPORAL ADAPTIVE REFLECTANCE FUSION MODEL (ESTARFM),2018,"MER Tagle, MA Manalili, AC Blanco, DMLDX Zhu",,other,,,ariel-c-blanco,,earth-observation-remote-sensing,internal,source-supported,Supplied Google Scholar profile copy,,229,READY - supported title and year
assessment-of-landsat-8-based-indices-for-water-quality-parameter-estimation-i-b4ab19ea,"Assessment of Landsat 8-based indices for water quality parameter estimation in Laguna de Bay, Philippines",2018,"KDV Ticman, JM Medina, EV Gubatanga, RL Jalbuena, JAS Santos, ...",Proceedings-39th Asian Conference on Remote Sensing: Remote Sensing Enabling …,other,,,ariel-c-blanco|jommer-m-medina,water-air-environmental-quality,earth-observation-remote-sensing,internal,source-supported,Supplied Google Scholar profile copy,Deduplicated from 2 identical title/year source rows.,"89,323",READY - supported title and year
building-construction-progress-monitoring-using-unmanned-aerial-system-uas-low-e27b47d6,"Building construction progress monitoring using unmanned aerial system (UAS), low-cost photogrammetry, and geographic information system (GIS)",2018,"JR Bognot, CG Candido, AC Blanco, JRY Montelibano","ISPRS Annals of the Photogrammetry, Remote Sensing and Spatial Information …",other,,,ariel-c-blanco,urban-sustainable-systems,gis-spatial-analytics|lidar-photogrammetry-3d-geomatics,internal,source-supported,Supplied Google Scholar profile copy,,13,READY - supported title and year
development-of-a-sentinel-2-based-mangroves-zonation-mapping-workflow-applicat-bac77913,Development of a Sentinel 2-Based Mangroves Zonation Mapping Workflow: Application in the Philippines and Japan,2018,"AC BLANCO, M Yoshikai, T Nakamura, K NADAOKA",(No Title),other,,,ariel-c-blanco,coastal-marine-systems,earth-observation-remote-sensing|geovisualization-decision-support,internal,source-supported,Supplied Google Scholar profile copy,,189,READY - supported title and year
estimation-of-mangrove-forest-aboveground-biomass-using-multispectral-bands-ve-bc348dce,"ESTIMATION OF MANGROVE FOREST ABOVEGROUND BIOMASS USING MULTISPECTRAL BANDS, VEGETATION INDICES AND BIOPHYSICAL VARIABLES DERIVED FROM OPTICAL SATELLITE IMAGERIES: RAPIDEYE, PLANETSCOPE AND SENTINEL-2",2018,E Paringit,"ISPRS annals of the photogrammetry, remote sensing and spatial information …",other,10.5194/isprs-annals-IV-3-29-2018,https://doi.org/10.5194/isprs-annals-IV-3-29-2018,ariel-c-blanco,coastal-marine-systems|ecosystems-biodiversity-land-change,earth-observation-remote-sensing,internal,verified,Supplied Google Scholar profile copy,,2,READY - supported title and year
estimation-of-pm2-5-vertical-distribution-using-customized-uav-and-mobile-sens-6cdd4907,"ESTIMATION OF PM2.5 VERTICAL DISTRIBUTION USING CUSTOMIZED UAV AND MOBILE SENSORS IN BRGY. UP CAMPUS, DILIMAN, QUEZON CITY",2018,"JB Babaan, JP Ballori, AM Tamondong, RV Ramos, PM Ostrea","The International Archives of the Photogrammetry, Remote Sensing and Spatial …",other,10.5194/isprs-archives-xlii-4-w9-89-2018,https://doi.org/10.5194/isprs-archives-xlii-4-w9-89-2018,ayin-m-tamondong,urban-sustainable-systems|water-air-environmental-quality,lidar-photogrammetry-3d-geomatics,internal,source-supported,Supplied Google Scholar profile copy,,238,READY - supported title and year
land-cover-change-and-the-use-of-soilgrids-data-for-assessing-flash-flood-in-m-f0efb855,"Land cover change and the use of SoilGrids data for assessing flash flood in Marikina river basin, The Philippines",2018,"DP Shrestha, BM Brebante, VG Jetten, E Herrera, AC Blanco, ...",AOGS-EGU Joint Conference: New Dimensions for Natural Hazards in Asia,other,,,ariel-c-blanco,climate-hazards-resilience|ecosystems-biodiversity-land-change,,internal,source-supported,Supplied Google Scholar profile copy,,190,READY - supported title and year
modelling-above-ground-biomass-of-mangrove-forest-using-sentinel-1-imagery-201-d463582e,Modelling above ground biomass of mangrove forest using Sentinel-1 imagery,2018,"RJL Argamosa, AC Blanco, AB Baloloy, CG Candido, JBLC Dumalag, ...","ISPRS Annals of the Photogrammetry, Remote Sensing and Spatial Information …",other,,,ariel-c-blanco,coastal-marine-systems|ecosystems-biodiversity-land-change,earth-observation-remote-sensing|environmental-spatial-modeling,internal,source-supported,Supplied Google Scholar profile copy,,11,READY - supported title and year
reef-scale-modeling-of-coral-calcification-responses-to-ocean-acidification-an-bd0b17b8,Reef-scale modeling of coral calcification responses to ocean acidification and sea-level rise,2018,"T Nakamura, K Nadaoka, A Watanabe, T Yamamoto, T Miyajima, ...","Coral Reefs 37 (1), 37-53",other,,,ariel-c-blanco,coastal-marine-systems,environmental-spatial-modeling,internal,source-supported,Supplied Google Scholar profile copy,,30,READY - supported title and year
remote-sensing-based-estimation-of-seagrass-percent-cover-and-lai-for-above-gr-9a49364e,Remote sensing-based estimation of seagrass percent cover and LAI for above ground carbon sequestration mapping,2018,"A Tamondong, C Cruz, RR Quides, M Garcia, JA Cruz, J Guihawan, ...","Remote Sensing of the Open and Coastal Ocean and Inland Waters 10778, 1077803",other,10.1117/12.2324695,https://doi.org/10.1117/12.2324695,ariel-c-blanco|ayin-m-tamondong,coastal-marine-systems,earth-observation-remote-sensing,internal,source-supported,Supplied Google Scholar profile copy,Deduplicated from 2 identical title/year source rows.,"33,239",READY - supported title and year
using-omnidirectional-images-for-semi-automatically-generating-indoorgml-data-e78795fd,Using omnidirectional images for semi-automatically generating IndoorGML data,2018,"AR Claridades, J Lee, A Blanco","Journal of the Korean Society of Surveying, Geodesy, Photogrammetry and …",other,,,ariel-c-blanco,,earth-observation-remote-sensing|lidar-photogrammetry-3d-geomatics,internal,source-supported,Supplied Google Scholar profile copy,,62,READY - supported title and year
a-3dgis-multi-agent-geo-simulation-model-for-assessment-of-building-evacuation-f7049bca,A 3DGIS multi-agent geo-simulation model for assessment of building evacuation scenarios considering urgency and knowledge of exits,2019,"EG Macatulad, AC Blanco","International Journal of Urban Sciences 23 (3), 318-334",other,,,ariel-c-blanco,urban-sustainable-systems,environmental-spatial-modeling|gis-spatial-analytics|lidar-photogrammetry-3d-geomatics,internal,source-supported,Supplied Google Scholar profile copy,,45,READY - supported title and year
analysis-of-the-impact-of-vegetation-distribution-urbanization-and-solar-radia-80807fc1,"ANALYSIS OF THE IMPACT OF VEGETATION DISTRIBUTION, URBANIZATION, AND SOLAR RADIATION ON THE SEASONAL VARIATION OF THE URBAN HEAT ISLAND EFFECT IN CEBU CITY USING LANDSAT AND GLOBAL HORIZONTAL IRRADIANCE DATA",2019,"SF Cañete, LL Schaap, R Andales, RES Otadoy, AC Blanco, J Babaan, ...","The International Archives of the Photogrammetry, Remote Sensing and Spatial …",other,10.5194/isprs-archives-XLII-4-W19-93-2019,https://doi.org/10.5194/isprs-archives-XLII-4-W19-93-2019,ariel-c-blanco,climate-hazards-resilience|ecosystems-biodiversity-land-change|urban-sustainable-systems,earth-observation-remote-sensing,internal,verified,Supplied Google Scholar profile copy,,85,READY - supported title and year
assessment-of-seagrass-percent-cover-and-water-quality-using-uav-images-and-fi-37e635a6,"Assessment of Seagrass Percent Cover and Water Quality Using Uav Images and Field Measurements in Bolinao, Pangasinan",2019,"M Guerrero, JAM Vivar, RV Ramos, AM Tamondong","The International Archives of the Photogrammetry, Remote Sensing and Spatial …",other,10.5194/isprs-archives-xlii-4-w19-233-2019,https://doi.org/10.5194/isprs-archives-xlii-4-w19-233-2019,ayin-m-tamondong,coastal-marine-systems|water-air-environmental-quality,earth-observation-remote-sensing|lidar-photogrammetry-3d-geomatics,internal,source-supported,Supplied Google Scholar profile copy,,291,READY - supported title and year
bio-optical-modelling-of-laguna-lake-using-bomber-tool-and-wasi-derived-invert-246c95f8,Bio optical modelling of Laguna Lake using bomber tool and wasi-derived inverted parameters,2019,"RL Jalbuena, AC Blanco, A Manuel, RR Sta. Ana, JA Santos","The International Archives of the Photogrammetry, Remote Sensing and Spatial …",other,,,ariel-c-blanco,,earth-observation-remote-sensing|environmental-spatial-modeling,internal,source-supported,Supplied Google Scholar profile copy,,130,READY - supported title and year
canopy-cover-estimation-from-satellite-data-for-acacia-mangium-plantation-basa-8306e08f,"CANOPY COVER ESTIMATION FROM SATELLITE DATA FOR ACACIA MANGIUM PLANTATION BASAY, NEGROS ORIENTAL",2019,"FAM Tandoc, CJS Sarmiento, EC Paringit, AM Tamondong, FJO Pamittan, ...","The International Archives of the Photogrammetry, Remote Sensing and Spatial …",other,10.5194/isprs-archives-xlii-4-w19-421-2019,https://doi.org/10.5194/isprs-archives-xlii-4-w19-421-2019,ayin-m-tamondong,ecosystems-biodiversity-land-change,earth-observation-remote-sensing,internal,source-supported,Supplied Google Scholar profile copy,,262,READY - supported title and year
chlorophyll-a-concentration-retrieval-using-convolutional-neural-networks-in-l-6ff91d79,"Chlorophyll-a concentration retrieval using convolutional neural networks in Laguna Lake, Philippines",2019,"MA Syariz, CH Lin, AC Blanco","The International Archives of the Photogrammetry, Remote Sensing and Spatial …",other,,,ariel-c-blanco,water-air-environmental-quality,geoai-spatial-data-science,internal,source-supported,Supplied Google Scholar profile copy,,52,READY - supported title and year
correlation-of-uav-based-multispectral-vegetation-indices-and-leaf-color-chart-6362912a,Correlation of UAV-based multispectral vegetation indices and leaf color chart observations for nitrogen concentration assessment on rice crops,2019,"CM Bacsa, RM Martorillas, LP Balicanta, AM Tamondong","The International Archives of the Photogrammetry, Remote Sensing and Spatial …",other,10.5194/isprs-archives-xlii-4-w19-31-2019,https://doi.org/10.5194/isprs-archives-xlii-4-w19-31-2019,ayin-m-tamondong,ecosystems-biodiversity-land-change,earth-observation-remote-sensing|lidar-photogrammetry-3d-geomatics,internal,source-supported,Supplied Google Scholar profile copy,,241,READY - supported title and year
estimation-of-chlorophyll-a-concentration-in-laguna-de-bay-using-sentinel-3-sa-539d3c47,Estimation of chlorophyll-a concentration in Laguna de Bay using Sentinel-3 satellite data,2019,"M Conopio, RK Japor, AC Blanco, AM Tamondong","The International Archives of the Photogrammetry, Remote Sensing and Spatial …",other,10.5194/isprs-archives-xlii-4-w19-125-2019,https://doi.org/10.5194/isprs-archives-xlii-4-w19-125-2019,ariel-c-blanco|ayin-m-tamondong,water-air-environmental-quality,earth-observation-remote-sensing,internal,source-supported,Supplied Google Scholar profile copy,Deduplicated from 2 identical title/year source rows.,"57,245",READY - supported title and year
estimation-of-chlorophyll-a-concentration-in-sampaloc-lake-using-uas-multispec-c37d299b,Estimation of chlorophyll-a concentration in Sampaloc Lake using Uas multispectral remote sensing and regression analysis,2019,"RMG Maravilla, JP Quinalayo, AC Blanco, CG Candido, EV Gubatanga, ...","The International Archives of the Photogrammetry, Remote Sensing and Spatial …",other,,,ariel-c-blanco,water-air-environmental-quality,earth-observation-remote-sensing|lidar-photogrammetry-3d-geomatics,internal,source-supported,Supplied Google Scholar profile copy,,77,READY - supported title and year
geospatial-and-clustering-analysis-of-dengue-cases-using-self-organizing-maps-0b15e330,"Geospatial and Clustering Analysis of dengue cases using self-organizing maps: case of Quezon City, 2010–2015",2019,"JJ Valles, C Perez, AC Blanco","The International Archives of the Photogrammetry, Remote Sensing and Spatial …",other,,,ariel-c-blanco,urban-sustainable-systems,geoai-spatial-data-science|gis-spatial-analytics,internal,source-supported,Supplied Google Scholar profile copy,,75,READY - supported title and year
geospatial-assessment-and-modeling-of-urban-heat-islands-in-quezon-city-philip-7a4ded74,"Geospatial assessment and modeling of urban heat islands in Quezon City, Philippines using ols and geographically weighted regression",2019,"CA Alcantara, JD Escoto, AC Blanco, AB Baloloy, JA Santos","The International Archives of the Photogrammetry, Remote Sensing and Spatial …",other,,,ariel-c-blanco|john-emmanuel-d-escoto,climate-hazards-resilience|urban-sustainable-systems,environmental-spatial-modeling|gis-spatial-analytics,internal,source-supported,Supplied Google Scholar profile copy,Deduplicated from 2 identical title/year source rows.,"37,314",READY - supported title and year
geospatial-assessment-of-vulnerabilities-of-croplands-to-flooding-risks-a-case-51c1371b,Geospatial assessment of vulnerabilities of croplands to flooding risks: A case study of Philippine river basins,2019,"DMG Dela Torre, PKA Dela Cruz, RP Jose, NB Gatdula, AC Blanco","The International Archives of the Photogrammetry, Remote Sensing and Spatial …",other,,,ariel-c-blanco,climate-hazards-resilience|ecosystems-biodiversity-land-change,gis-spatial-analytics,internal,source-supported,Supplied Google Scholar profile copy,,56,READY - supported title and year
geostatistics-for-air-quality-mapping-case-of-baguio-city-philippines-2019-6f6b0e60,"Geostatistics for air quality mapping: Case of Baguio City, Philippines",2019,"RV Ramos, AC Blanco","The International Archives of the Photogrammetry, Remote Sensing and Spatial …",other,,,ariel-c-blanco,urban-sustainable-systems|water-air-environmental-quality,gis-spatial-analytics,internal,source-supported,Supplied Google Scholar profile copy,,68,READY - supported title and year
gis-assisted-rain-induced-landslide-susceptibility-mapping-of-benguet-using-a-43d54ed1,Gis-Assisted Rain-Induced Landslide Susceptibility Mapping of Benguet Using a Logistic Regression Model,2019,"MN Cruz, KC Medina, AS Cabriga, F Mendoza, AC Blanco","The International Archives of the Photogrammetry, Remote Sensing and Spatial …",other,,,ariel-c-blanco,climate-hazards-resilience,environmental-spatial-modeling|gis-spatial-analytics,internal,source-supported,Supplied Google Scholar profile copy,,112,READY - supported title and year
gis-based-mapping-of-local-climate-zones-using-fuzzy-logic-and-cellular-automa-3d043db6,GIS-based mapping of local climate zones using fuzzy logic and cellular automata,2019,"I Estacio, J Babaan, NJ Pecson, AC Blanco, JE Escoto, CK Alcantara","The International Archives of the Photogrammetry, Remote Sensing and Spatial …",other,,,ariel-c-blanco|john-emmanuel-d-escoto,climate-hazards-resilience,geoai-spatial-data-science|gis-spatial-analytics,internal,source-supported,Supplied Google Scholar profile copy,Deduplicated from 2 identical title/year source rows.,"15,312",READY - supported title and year
historical-and-current-distribution-of-mangroves-in-the-philippines-spatio-tem-7a93061d,Historical and current distribution of mangroves in the Philippines: spatio-temporal analysis,2019,"AB Baloloy, AC Blanco",,other,,,ariel-c-blanco,coastal-marine-systems,gis-spatial-analytics,internal,source-supported,Supplied Google Scholar profile copy,,188,READY - supported title and year
hydropower-dam-site-selection-and-visualization-using-gis-and-rs-techniques-a-808f4451,"Hydropower dam site selection and visualization using GIS and RS techniques: a case of Marinduque, Philippines",2019,"RMA Fesalbon, AC Blanco","The International Archives of the Photogrammetry, Remote Sensing and Spatial …",other,,,ariel-c-blanco,urban-sustainable-systems,geovisualization-decision-support|gis-spatial-analytics,internal,source-supported,Supplied Google Scholar profile copy,,48,READY - supported title and year
ideal-kiosk-placement-in-up-diliman-for-equal-probability-of-customer-turnout-7a337d2e,Ideal Kiosk Placement in up Diliman for Equal Probability of Customer Turnout,2019,"KA Cabello, MAA Manabat, MBA Zamora, AC Blanco","The International Archives of the Photogrammetry, Remote Sensing and Spatial …",other,,,ariel-c-blanco,urban-sustainable-systems,,internal,source-supported,Supplied Google Scholar profile copy,,129,READY - supported title and year
illuminance-mapping-of-nighttime-road-environment-using-unmanned-aerial-system-96332d92,Illuminance mapping of nighttime road environment using unmanned aerial system,2019,"RT Bahia, MC Estur, AC Blanco, M Soriano","The International Archives of the Photogrammetry, Remote Sensing and Spatial …",other,,,ariel-c-blanco,urban-sustainable-systems,,internal,source-supported,Supplied Google Scholar profile copy,,88,READY - supported title and year
indoorgml-based-topological-data-generation-from-omnidirectional-images-2019-626ce089,IndoorGML-based Topological Data Generation from Omnidirectional Images,2019,"AR Claridades, J Lee, A Blanco","한국측량학회 학술대회자료집, 69-73",other,,,ariel-c-blanco,,earth-observation-remote-sensing|lidar-photogrammetry-3d-geomatics,internal,source-supported,Supplied Google Scholar profile copy,,187,READY - supported title and year
intra-urban-heat-island-detection-and-trend-characterization-in-metro-manila-u-e7f8c833,Intra-urban heat island detection and trend characterization in Metro Manila using surface temperatures derived from multi-temporal Landsat data,2019,"KP Landicho, AC Blanco","The International Archives of the Photogrammetry, Remote Sensing and Spatial …",other,,,ariel-c-blanco,climate-hazards-resilience|urban-sustainable-systems,earth-observation-remote-sensing,internal,source-supported,Supplied Google Scholar profile copy,,87,READY - supported title and year
linear-spectral-unmixing-of-sentinel-3-imagery-for-urban-land-cover-land-surfa-19ceb06c,"Linear spectral unmixing of Sentinel-3 imagery for urban land cover-land surface temperature (LST) analysis: a case study of metro Manila, Philippines",2019,"C Cruz, AC Blanco, J Babaan, JA Cruz, E Paringit","The International Archives of the Photogrammetry, Remote Sensing and Spatial …",other,,,ariel-c-blanco,climate-hazards-resilience|ecosystems-biodiversity-land-change|urban-sustainable-systems,earth-observation-remote-sensing,internal,source-supported,Supplied Google Scholar profile copy,,67,READY - supported title and year
mapping-of-blue-carbon-ecosystems-effect-of-proximity-activity-types-and-frequ-fbf8766b,"Mapping of blue carbon ecosystems: effect of proximity, activity types and frequency of visits in the accuracy of participatory maps",2019,"RRT Francisco, AC Blanco, MAG Manalili, NB Gatdula, AJG Songcuan, ...","The International Archives of the Photogrammetry, Remote Sensing and Spatial …",other,,,ariel-c-blanco,coastal-marine-systems,,internal,source-supported,Supplied Google Scholar profile copy,,97,READY - supported title and year
mapping-of-sargassum-distribution-in-the-eastern-coast-of-southern-leyte-using-acb48e0d,MAPPING OF SARGASSUM DISTRIBUTION IN THE EASTERN COAST OF SOUTHERN LEYTE USING SENTINEL 2 SATELLITE IMAGERY,2019,"JJ Lasquites, AC Blanco, A Tamondong","The International Archives of the Photogrammetry, Remote Sensing and Spatial …",other,10.5194/isprs-archives-xlii-4-w19-289-2019,https://doi.org/10.5194/isprs-archives-xlii-4-w19-289-2019,ariel-c-blanco|ayin-m-tamondong,coastal-marine-systems,earth-observation-remote-sensing,internal,source-supported,Supplied Google Scholar profile copy,Deduplicated from 2 identical title/year source rows.,"111,261",READY - supported title and year
offshore-submarine-groundwater-discharge-at-a-coral-reef-front-controlled-by-f-3599bac4,Offshore submarine groundwater discharge at a coral reef front controlled by faults,2019,"DLM Cantarero, A Blanco, MB Cardenas, K Nadaoka, FP Siringan","Geochemistry, Geophysics, Geosystems 20 (7), 3170-3185",other,,,ariel-c-blanco,coastal-marine-systems|water-air-environmental-quality,,internal,source-supported,Supplied Google Scholar profile copy,,22,READY - supported title and year
on-the-transferability-of-smart-energy-systems-on-off-grid-islands-using-clust-ad0aab24,On the transferability of smart energy systems on off-grid islands using cluster analysis–A case study for the Philippine archipelago,2019,"H Meschede, EA Esparcia Jr, P Holzapfel, P Bertheau, RC Ang, ...","Applied Energy 251, 113290",other,,,ariel-c-blanco,urban-sustainable-systems,,internal,source-supported,Supplied Google Scholar profile copy,,9,READY - supported title and year
optimization-of-ground-control-point-gcp-configuration-for-unmanned-aerial-veh-802fd8de,Optimization of ground control point (GCP) configuration for unmanned aerial vehicle (UAV) survey using structure from motion (SFM),2019,"JKS Villanueva, AC Blanco","The international archives of the photogrammetry, remote sensing and spatial …",other,,,ariel-c-blanco,,lidar-photogrammetry-3d-geomatics,internal,source-supported,Supplied Google Scholar profile copy,,3,READY - supported title and year
radiometric-calibration-of-landsat-8-oli-and-sentinel-2-msi-images-for-water-q-b45ffeab,"Radiometric Calibration of LANDSAT-8 Oli and SENTINEL-2 MSI Images for Water Quality Modelling of Laguna Lake, Philippines",2019,"EV Gubatanga Jr, AC Blanco, CH Lin, BY Lin","The International Archives of the Photogrammetry, Remote Sensing and Spatial …",other,,,ariel-c-blanco,water-air-environmental-quality,earth-observation-remote-sensing|environmental-spatial-modeling,internal,source-supported,Supplied Google Scholar profile copy,,186,READY - supported title and year
simulating-species-dominance-in-mixed-mangrove-forests-considering-species-spe-374fc713,"Simulating species dominance in mixed mangrove forests considering species-specific responses to shading, salinity, and inundation frequency",2019,"I Estacio, A Blanco",International Conference on Simulation and Modeling Methodologies …,other,,,ariel-c-blanco,coastal-marine-systems|ecosystems-biodiversity-land-change|water-air-environmental-quality,,internal,source-supported,Supplied Google Scholar profile copy,,113,READY - supported title and year
spatial-and-temporal-analysis-of-monthly-water-consumption-and-land-surface-te-54f05b0c,Spatial and temporal analysis of monthly water consumption and land surface temperature (LST) derived using landsat 8 and modis data,2019,"R Enriquez, M Rodriguez, AC Blanco, I Estacio, LR Depositario","The International Archives of the Photogrammetry, Remote Sensing and Spatial …",other,,,ariel-c-blanco,climate-hazards-resilience|water-air-environmental-quality,earth-observation-remote-sensing,internal,source-supported,Supplied Google Scholar profile copy,,76,READY - supported title and year
spatial-and-temporal-community-detection-of-car-mobility-network-in-metro-mani-e034d81e,Spatial and Temporal Community Detection of Car Mobility Network in Metro Manila,2019,"BG Carcellar Iii, AC Blanco, M Nagai","The International Archives of the Photogrammetry, Remote Sensing and Spatial …",other,,,ariel-c-blanco,urban-sustainable-systems,,internal,source-supported,Supplied Google Scholar profile copy,,152,READY - supported title and year
spatio-temporal-analysis-of-urban-heat-island-in-mandaue-city-philippines-2019-2ed255cb,"Spatio-temporal analysis of urban heat island in Mandaue City, Philippines",2019,"AM Rejuso, AC Cortes, AC Blanco, CA Cruz, JB Babaan","The International Archives of the Photogrammetry, Remote Sensing and Spatial …",other,,,ariel-c-blanco,climate-hazards-resilience|urban-sustainable-systems,gis-spatial-analytics,internal,source-supported,Supplied Google Scholar profile copy,,47,READY - supported title and year
spatiotemporal-analysis-of-the-urban-cooling-island-uci-effect-of-water-spaces-752e2d5d,Spatiotemporal analysis of the urban cooling island (UCI) effect of water spaces in a highly urbanized city: a case study of iloilo river and adjacent wetlands,2019,"JA Cruz, JA Santos, JJ Garcia, AC Blanco, AD Moscoso","The International Archives of the Photogrammetry, Remote Sensing and Spatial …",other,,,ariel-c-blanco,urban-sustainable-systems,gis-spatial-analytics,internal,source-supported,Supplied Google Scholar profile copy,,58,READY - supported title and year
spatiotemporal-multi-satellite-biophysical-data-analysis-of-the-effect-of-urba-44d83585,"Spatiotemporal multi-satellite biophysical data analysis of the effect of urbanization on land surface and air temperature in Baguio City, Philippines",2019,"A Baloloy, RR Sta. Ana, JA Cruz, AC Blanco, NV Lubrica, CJ Valdez, ...","The International Archives of the Photogrammetry, Remote Sensing and Spatial …",other,,,ariel-c-blanco,urban-sustainable-systems,earth-observation-remote-sensing|gis-spatial-analytics,internal,source-supported,Supplied Google Scholar profile copy,,34,READY - supported title and year
urban-effects-on-land-surface-temperature-in-davao-city-philippines-2019-fd26caa9,"Urban effects on land surface temperature in Davao City, Philippines",2019,"MM Tinoy, AU Novero, KP Landicho, AB Baloloy, AC Blanco","The International Archives of the Photogrammetry, Remote Sensing and Spatial …",other,,,ariel-c-blanco,climate-hazards-resilience|urban-sustainable-systems,,internal,source-supported,Supplied Google Scholar profile copy,,46,READY - supported title and year
using-openly-sourced-3d-geographic-information-systems-gis-in-determining-the-62d8b232,Using openly sourced 3D geographic information systems (GIS) in determining the photovoltaic potential of Quezon City Hall in terms of received direct solar radiation,2019,"MLR Lagahit, AC Blanco","The International Archives of the Photogrammetry, Remote Sensing and Spatial …",other,,,ariel-c-blanco,urban-sustainable-systems,gis-spatial-analytics|lidar-photogrammetry-3d-geomatics,internal,source-supported,Supplied Google Scholar profile copy,,86,READY - supported title and year
co-evolution-of-landscape-forest-and-soil-in-a-planted-mangrove-eco-park-in-ka-862e90cd,"Co-Evolution of Landscape, Forest, and Soil in a Planted Mangrove Eco-Park in Kalibo, Philippines",2020,"W Dimalanta, CM Jaraula, RR Rollon, KL Bejasa, T Miyajima, FP Siringan, ...",Ocean Sciences Meeting 2020,other,,,ariel-c-blanco,coastal-marine-systems|ecosystems-biodiversity-land-change,,internal,source-supported,Supplied Google Scholar profile copy,,185,READY - supported title and year
development-and-application-of-a-new-mangrove-vegetation-index-mvi-for-rapid-a-6a323228,Development and application of a new mangrove vegetation index (MVI) for rapid and accurate mangrove mapping,2020,"AB Baloloy, AC Blanco, RRCS Ana, K Nadaoka","ISPRS Journal of Photogrammetry and Remote Sensing 166, 95-117",other,,,ariel-c-blanco,coastal-marine-systems|ecosystems-biodiversity-land-change,geovisualization-decision-support,internal,source-supported,Supplied Google Scholar profile copy,,1,READY - supported title and year
estimation-of-chl-a-concentration-in-laguna-lake-using-sentinel-3-olci-images-73ffbb5d,Estimation of chl-a concentration in laguna lake using sentinel-3 olci imageS,2020,"AC Blanco, A Manuel, R Jalbuena, K Ticman, JM Medina, E Gubatanga, ...","The International Archives of the Photogrammetry, Remote Sensing and Spatial …",other,,,ariel-c-blanco|jommer-m-medina,water-air-environmental-quality,earth-observation-remote-sensing,internal,source-supported,Supplied Google Scholar profile copy,Deduplicated from 2 identical title/year source rows.,"110,328",READY - supported title and year
evaluation-of-object-based-classification-methods-for-mapping-benthic-habitats-6aa80257,Evaluation of object-based classification methods for Mapping Benthic habitats using Bathymetric LiDAR derivatives,2020,"A Tamondong, IE Cadalzo, MS Estabillo, GA Go, C Cruz, A Blanco",Philippine Engineering Journal 41 (2),other,,,ariel-c-blanco|ayin-m-tamondong,coastal-marine-systems|ecosystems-biodiversity-land-change,geoai-spatial-data-science|lidar-photogrammetry-3d-geomatics,internal,source-supported,Supplied Google Scholar profile copy,Deduplicated from 2 identical title/year source rows.,"109,260",READY - supported title and year
investigating-the-effects-of-river-discharges-on-submerged-aquatic-vegetation-8abaae0f,Investigating the effects of river discharges on submerged aquatic vegetation using UAV images and GIS techniques,2020,"A Tamondong, T Nakamura, Y Kobayashi, M Garcia, K Nadaoka","ISPRS Annals of the Photogrammetry, Remote Sensing and Spatial Information …",other,10.5194/isprs-annals-v-5-2020-93-2020,https://doi.org/10.5194/isprs-annals-v-5-2020-93-2020,ayin-m-tamondong,ecosystems-biodiversity-land-change,earth-observation-remote-sensing|gis-spatial-analytics|lidar-photogrammetry-3d-geomatics,internal,source-supported,Supplied Google Scholar profile copy,,244,READY - supported title and year
land-cover-monitoring-of-laguna-lake-watershed-using-modis-ndvi-data-2020-218f218a,Land cover monitoring of laguna lake watershed using MODIS NDVI data,2020,"JM Medina, AC Blanco, CG Candido","The International Archives of the Photogrammetry, Remote Sensing and Spatial …",other,,,ariel-c-blanco|jommer-m-medina,ecosystems-biodiversity-land-change,earth-observation-remote-sensing,internal,source-supported,Supplied Google Scholar profile copy,Deduplicated from 2 identical title/year source rows.,"96,324",READY - supported title and year
modelling-and-simulation-of-potential-future-urbanization-scenarios-and-its-ef-3af05928,"Modelling and simulation of potential future urbanization scenarios and its effect on the microclimate of lower session road, baguio city",2020,"A Baloloy, JA Cruz, A Blanco, NV Lubrica, CJ Valdez, JJ Bernardo","ISPRS Annals of the Photogrammetry, Remote Sensing and Spatial Information …",other,,,ariel-c-blanco,climate-hazards-resilience|urban-sustainable-systems,environmental-spatial-modeling,internal,source-supported,Supplied Google Scholar profile copy,,42,READY - supported title and year
modelling-of-land-surface-temperature-using-gray-level-co-occurrence-matrix-an-d939bc98,Modelling of land surface temperature using gray level co-occurrence matrix and random forest regression,2020,"AC Blanco, JB Babaan, JE Escoto, CK Alcantara","The International Archives of the Photogrammetry, Remote Sensing and Spatial …",other,,,ariel-c-blanco|john-emmanuel-d-escoto,climate-hazards-resilience|ecosystems-biodiversity-land-change,environmental-spatial-modeling|geoai-spatial-data-science,internal,source-supported,Supplied Google Scholar profile copy,Deduplicated from 2 identical title/year source rows.,"84,316",READY - supported title and year
optmization-of-bio-optical-model-parameters-for-turbid-lake-water-quality-esti-212bfe53,Optmization of bio-optical model parameters for turbid lake water quality estimation using Landsat 8 and wasi-2D,2020,"A Manuel, AC Blanco, AM Tamondong, R Jalbuena, O Cabrera, P Gege","The International Archives of the Photogrammetry, Remote Sensing and Spatial …",other,10.5194/isprs-archives-xlii-3-w11-67-2020,https://doi.org/10.5194/isprs-archives-xlii-3-w11-67-2020,ariel-c-blanco|ayin-m-tamondong,water-air-environmental-quality,earth-observation-remote-sensing,internal,source-supported,Supplied Google Scholar profile copy,Deduplicated from 2 identical title/year source rows.,"51,243",READY - supported title and year
spatial-disaggregation-of-landsat-derived-land-surface-temperature-over-a-hete-8f748bed,Spatial disaggregation of Landsat-derived land surface temperature over a heterogeneous urban landscape using planetscope image derivatives,2020,"JA Cruz, JA Santos, A Blanco","The International Archives of the Photogrammetry, Remote Sensing and Spatial …",other,,,ariel-c-blanco,climate-hazards-resilience|urban-sustainable-systems,earth-observation-remote-sensing,internal,source-supported,Supplied Google Scholar profile copy,,50,READY - supported title and year
spectral-and-spatial-kernel-water-quality-mapping-2020-d717172c,Spectral and spatial kernel water quality mapping,2020,"HJ Chu, LM Jaelani, M Van Nguyen, CH Lin, AC Blanco","Environmental Monitoring and Assessment 192 (5), 299",other,,,ariel-c-blanco,water-air-environmental-quality,,internal,source-supported,Supplied Google Scholar profile copy,,66,READY - supported title and year
waternet-a-convolutional-neural-network-for-chlorophyll-a-concentration-retrie-c34434a8,WaterNet: A convolutional neural network for chlorophyll-a concentration retrieval,2020,"MA Syariz, CH Lin, MV Nguyen, LM Jaelani, AC Blanco","Remote Sensing 12 (12), 1966",other,,,ariel-c-blanco,water-air-environmental-quality,geoai-spatial-data-science,internal,source-supported,Supplied Google Scholar profile copy,,7,READY - supported title and year
ashfall-dispersal-mapping-of-the-2020-taal-volcano-eruption-using-diwata-2-ima-78235713,Ashfall dispersal mapping of the 2020 Taal Volcano eruption using Diwata-2 Imagery for disaster assessment,2021,"EJG Merin, ALF Yute, CJS Sarmiento, EE Elazagui","The International Archives of the Photogrammetry, Remote Sensing and Spatial …",other,,,erica-erin-e-elazegui,climate-hazards-resilience,earth-observation-remote-sensing,internal,source-supported,Supplied Google Scholar profile copy,,303,READY - supported title and year
assessment-of-pine-forest-condition-towards-early-detection-and-monitoring-of-cfec9684,Assessment of Pine Forest Condition Towards Early Detection and Monitoring of Stress Through a Synergistic Use of Sentinel-1 and Sentinel-2 Imagery,2021,"MEP Neri, BAB Recto, AC Blanco, RV Ramos","Journal of Advanced Geospatial Science & Technology 1 (1), 1-18",other,,,ariel-c-blanco,ecosystems-biodiversity-land-change,earth-observation-remote-sensing|gis-spatial-analytics,internal,source-supported,Supplied Google Scholar profile copy,,108,READY - supported title and year
blue-carbon-ecosystem-services-through-a-vulnerability-lens-opportunities-to-r-a02e3f31,Blue carbon ecosystem services through a vulnerability lens: opportunities to reduce social vulnerability in fishing communities,2021,"TEAL Quiros, K Sudo, RV Ramilo, HG Garay, MPG Soniega, A Baloloy, ...","Frontiers in Marine Science 8, 671753",other,10.3389/fmars.2021.671753,https://doi.org/10.3389/fmars.2021.671753,ariel-c-blanco|ayin-m-tamondong,climate-hazards-resilience|coastal-marine-systems,,internal,source-supported,Supplied Google Scholar profile copy,Deduplicated from 2 identical title/year source rows.,"18,237",READY - supported title and year
development-of-a-digital-twin-for-the-monitoring-of-smart-cities-using-open-so-9a20ef2d,Development of a digital twin for the monitoring of smart cities using open-source software,2021,"JE Escoto, D Fargas Jr, K Panlilio, M Jerez, CJ Sarmiento","The International Archives of the Photogrammetry, Remote Sensing and Spatial …",other,,,john-emmanuel-d-escoto,urban-sustainable-systems,geovisualization-decision-support,internal,source-supported,Supplied Google Scholar profile copy,,315,READY - supported title and year
development-of-a-framework-for-a-functional-structural-seagrass-transplantatio-1461f6c9,Development of a Framework for a Functional-Structural Seagrass Transplantation Simulation using GAMA Platform.,2021,"TAM Rollan, AC Blanco, E Macatulad","SIMULTECH, 248-255",other,,,ariel-c-blanco,coastal-marine-systems|ecosystems-biodiversity-land-change,environmental-spatial-modeling,internal,source-supported,Supplied Google Scholar profile copy,,128,READY - supported title and year
development-of-a-rapid-mangrove-zonation-mapping-workflow-using-sentinel-2-der-c796b9e8,Development of a rapid mangrove zonation mapping workflow using Sentinel 2-derived indices and biophysical dataset,2021,"AB Baloloy, AC Blanco, S Sharma, K Nadaoka","Frontiers in Remote Sensing 2, 730238",other,,,ariel-c-blanco,coastal-marine-systems,earth-observation-remote-sensing,internal,source-supported,Supplied Google Scholar profile copy,,28,READY - supported title and year
development-of-the-im4manilabay-mapable-web-portal-2021-d8a1336e,Development of the IM4MANILABAY Mapable Web Portal,2021,"NB Gatdula, BJD Jiao, JA Laurente, AC Blanco, JM Medina, D Fargas, ...","The International Archives of the Photogrammetry, Remote Sensing and Spatial …",other,,,ariel-c-blanco|jommer-m-medina,,geovisualization-decision-support,internal,source-supported,Supplied Google Scholar profile copy,Deduplicated from 2 identical title/year source rows.,"181,341",READY - supported title and year
development-of-the-masdan-mobile-application-and-web-based-gis-interface-for-t-a4d35267,Development of the Masdan Mobile Application and Web-Based GIS Interface for the Monitoring and Management of the Manila Bay Environment,2021,"GAM Narciso, DC Fargas Jr, CG Candido, JM Medina, MLP Tinio, ...","The International Archives of the Photogrammetry, Remote Sensing and Spatial …",other,,,ariel-c-blanco|jommer-m-medina,,geovisualization-decision-support|gis-spatial-analytics,internal,source-supported,Supplied Google Scholar profile copy,Deduplicated from 2 identical title/year source rows.,"150,332",READY - supported title and year
evaluation-of-the-cooling-effect-of-green-and-blue-spaces-on-urban-microclimat-a47d5ab4,"Evaluation of the cooling effect of green and blue spaces on urban microclimate through numerical simulation: A case study of Iloilo River Esplanade, Philippines",2021,"JA Cruz, AC Blanco, JJ Garcia, JA Santos, AD Moscoso","Sustainable Cities and Society 74, 103184",other,,,ariel-c-blanco,climate-hazards-resilience|urban-sustainable-systems,environmental-spatial-modeling,internal,source-supported,Supplied Google Scholar profile copy,,4,READY - supported title and year
improving-the-consistency-of-multi-temporal-land-cover-mapping-of-laguna-lake-f6fafa7f,"Improving the consistency of multi-temporal land cover mapping of Laguna lake watershed using light gradient boosting machine (LightGBM) approach, change detection analysis, and Markov chain",2021,"C Candido, AC Blanco, J Medina, E Gubatanga, A Santos, RS Ana, ...","Remote Sensing Applications: Society and Environment 23, 100565",other,10.1016/j.rsase.2021.100565,https://doi.org/10.1016/j.rsase.2021.100565,ariel-c-blanco|jommer-m-medina,ecosystems-biodiversity-land-change,geoai-spatial-data-science,internal,verified,Supplied Google Scholar profile copy,Deduplicated from 2 identical title/year source rows.,"17,319",READY - supported title and year
limitation-assessment-and-workflow-refinement-of-the-mangrove-vegetation-index-d7dd8e3c,Limitation assessment and workflow refinement of the mangrove vegetation index (MVI)-based mapping methodology using sentinel-2 imagery,2021,"MP Neri, AB Baloloy, AC Blanco","The International Archives of the Photogrammetry, Remote Sensing and Spatial …",other,,,ariel-c-blanco,coastal-marine-systems|ecosystems-biodiversity-land-change,earth-observation-remote-sensing,internal,source-supported,Supplied Google Scholar profile copy,,20,READY - supported title and year
mangrove-biomass-estimation-using-canopy-height-and-wood-density-in-the-south-8a0689c3,Mangrove biomass estimation using canopy height and wood density in the South East and East Asian regions,2021,"R Suwa, R Rollon, S Sharma, M Yoshikai, GMG Albano, K Ono, NS Adi, ...","Estuarine, Coastal and Shelf Science 248, 106937",other,,,ariel-c-blanco,coastal-marine-systems|ecosystems-biodiversity-land-change,,internal,source-supported,Supplied Google Scholar profile copy,,12,READY - supported title and year
mapping-coloured-dissolved-organic-matter-in-manila-bay-using-sentinel-3-and-w-eecef37f,Mapping coloured dissolved organic matter in Manila Bay Using SENTINEL-3 and Wasi,2021,"A Manuel, AC Blanco, O Cabrera","The International Archives of the Photogrammetry, Remote Sensing and Spatial …",other,,,ariel-c-blanco,,earth-observation-remote-sensing,internal,source-supported,Supplied Google Scholar profile copy,,107,READY - supported title and year
modeling-seagrass-bed-dynamics-under-environmental-impacts-of-intensive-maricu-ec92a87e,"Modeling seagrass bed dynamics under environmental impacts of intensive mariculture activities in Bolinao and Anda, the Philippines",2021,"M Yoshikai, T Nakamura, Y Tanaka, M Nakaoka, A Watanabe, EC Herrera, ...","Estuarine, Coastal and Shelf Science 250, 107152",other,10.1016/j.ecss.2020.107152,https://doi.org/10.1016/j.ecss.2020.107152,ariel-c-blanco|ayin-m-tamondong,coastal-marine-systems,environmental-spatial-modeling,internal,source-supported,Supplied Google Scholar profile copy,Deduplicated from 2 identical title/year source rows.,"39,240",READY - supported title and year
monitoring-and-assessment-of-agri-urban-land-conversion-using-multi-sensor-rem-1baac209,Monitoring and assessment of agri-urban land conversion using multi-sensor remote sensing and GIS techniques,2021,"DC Fargas Jr, GAM Narciso, AC Blanco","ISPRS annals of the photogrammetry, remote sensing and spatial information …",other,,,ariel-c-blanco,urban-sustainable-systems,earth-observation-remote-sensing|gis-spatial-analytics,internal,source-supported,Supplied Google Scholar profile copy,,83,READY - supported title and year
monitoring-post-disaster-mangrove-forest-recoveries-in-lawaan-balangiga-easter-8e9ba850,"Monitoring post-disaster mangrove forest recoveries in Lawaan-Balangiga, Eastern Samar using time series analysis of moisture and vegetation indices",2021,"KV Ticman, SG Salmo III, KE Cabello, MQ Germentil, DM Burgos, ...","The International Archives of the Photogrammetry, Remote Sensing and Spatial …",other,,,ariel-c-blanco,climate-hazards-resilience|coastal-marine-systems|ecosystems-biodiversity-land-change,earth-observation-remote-sensing,internal,source-supported,Supplied Google Scholar profile copy,,82,READY - supported title and year
multi-sensor-approach-to-leaf-area-index-estimation-using-statistical-machine-e33afb95,Multi-sensor approach to leaf area index estimation using statistical machine learning models: A case on mangrove forests,2021,"KP Martinez, DFM Burgos, AC Blanco, SG Salmo III","ISPRS Annals of the Photogrammetry, Remote Sensing and Spatial Information …",other,,,ariel-c-blanco,coastal-marine-systems|ecosystems-biodiversity-land-change,geoai-spatial-data-science,internal,source-supported,Supplied Google Scholar profile copy,,74,READY - supported title and year
multi-task-convolution-neural-network-for-season-insensitive-chlorophyll-a-est-3891d2c9,Multi-task convolution neural network for season-insensitive chlorophyll-a estimation in inland water,2021,"M Van Nguyen, CH Lin, MA Syariz, TTH Le, AC Blanco",IEEE Journal of Selected Topics in Applied Earth Observations and Remote …,other,,,ariel-c-blanco,water-air-environmental-quality,geoai-spatial-data-science,internal,source-supported,Supplied Google Scholar profile copy,,61,READY - supported title and year
pasig-river-water-quality-estimation-using-an-empirical-ordinary-least-squares-a569121c,Pasig river water quality estimation using an empirical ordinary least squares regression model of sentinel-2 satellite images,2021,"JE Escoto, AC Blanco, RJ Argamosa, JM Medina","The International Archives of the Photogrammetry, Remote Sensing and Spatial …",other,,,ariel-c-blanco|john-emmanuel-d-escoto|jommer-m-medina,water-air-environmental-quality,earth-observation-remote-sensing|environmental-spatial-modeling,internal,source-supported,Supplied Google Scholar profile copy,Deduplicated from 3 identical title/year source rows.,"27,313,320",READY - supported title and year
post-disaster-assessment-of-mangrove-forest-recovery-in-lawaan-balangiga-easte-38df9077,"Post-disaster assessment of mangrove forest recovery in lawaan-balangiga, eastern samar using ndvi time series analysis",2021,"KE Cabello, MQ Germentil, AC Blanco, EG Macatulad, SG Salmo III","ISPRS Annals of the Photogrammetry, Remote Sensing and Spatial Information …",other,,,ariel-c-blanco,climate-hazards-resilience|coastal-marine-systems|ecosystems-biodiversity-land-change,earth-observation-remote-sensing,internal,source-supported,Supplied Google Scholar profile copy,,32,READY - supported title and year
preliminary-investigation-on-chlorophyll-a-and-total-suspended-matter-concentr-69fd04d6,Preliminary investigation on chlorophyll-a and total suspended matter concentration in manila bay using Himawari-8 ahi and Sentinel-3 olci C2RCC,2021,"RB Torres, AC Blanco","The International Archives of the Photogrammetry, Remote Sensing and Spatial …",other,,,ariel-c-blanco,water-air-environmental-quality,earth-observation-remote-sensing,internal,source-supported,Supplied Google Scholar profile copy,,73,READY - supported title and year
present-day-vertical-land-movement-in-san-fernando-la-union-and-currimao-iloco-6480b168,"Present-day vertical land movement in San Fernando (La Union) and Currimao (Ilocos Norte), northwest Luzon, Philippines",2021,"P Caesar Flores, A Rediang, N Alen Pasaje, RM Alfante, MDA Bauzon, ...","EGU General Assembly Conference Abstracts, EGU21-12815",other,,,ariel-c-blanco,,,internal,source-supported,Supplied Google Scholar profile copy,,182,READY - supported title and year
project-sinag-solar-pv-resource-and-installation-assessment-using-geospatial-t-b9ff713f,Project SINAG: Solar PV Resource and Installation Assessment Using Geospatial Technologies,2021,"J Principe, A Blanco, MRC Ang",宇宙からの地球環境・災害のモニタリングとリスク評価: 生研フォーラム論文集= Monitoring of …,other,,,ariel-c-blanco,urban-sustainable-systems,gis-spatial-analytics,internal,source-supported,Supplied Google Scholar profile copy,,184,READY - supported title and year
scaling-relations-and-substrate-conditions-controlling-the-complexity-of-rhizo-1e85f5b0,Scaling relations and substrate conditions controlling the complexity of Rhizophora prop root system,2021,"M Yoshikai, T Nakamura, R Suwa, R Argamosa, T Okamoto, R Rollon, ...","Estuarine, Coastal and Shelf Science 248, 107014",other,,,ariel-c-blanco,,,internal,source-supported,Supplied Google Scholar profile copy,,29,READY - supported title and year
semi-automated-delineation-of-informal-settlement-structures-from-drone-rgb-im-811906ac,Semi-Automated Delineation of Informal Settlement Structures from Drone RGB Imagery Using Object-Based Image Analysis,2021,"RAB Rivera, ENB Idago, AC Blanco, KAP Vergara","The International Archives of the Photogrammetry, Remote Sensing and Spatial …",other,,,ariel-c-blanco,,earth-observation-remote-sensing|lidar-photogrammetry-3d-geomatics,internal,source-supported,Supplied Google Scholar profile copy,,151,READY - supported title and year
spatio-temporal-mapping-and-analysis-of-mangrove-extents-around-manila-bay-usi-864d7d85,Spatio-temporal mapping and analysis of mangrove extents around Manila Bay using Landsat satellite imagery and Mangrove Vegetation Index (MVI),2021,"M Conopio, AB Baloloy, J Medina, AC Blanco","The International Archives of the Photogrammetry, Remote Sensing and Spatial …",other,,,ariel-c-blanco|jommer-m-medina,coastal-marine-systems|ecosystems-biodiversity-land-change,earth-observation-remote-sensing|gis-spatial-analytics,internal,source-supported,Supplied Google Scholar profile copy,Deduplicated from 2 identical title/year source rows.,"55,321",READY - supported title and year
supplementing-satellite-imagery-with-social-media-data-for-remote-reconnaissan-eed7ecf6,Supplementing satellite imagery with social media data for remote reconnaissance: A case study of the 2020 Taal volcano eruption,2021,"ALF Yute, EJG Merin, CJS Sarmiento, EE Elazagui","The International Archives of the Photogrammetry, Remote Sensing and Spatial …",other,,,erica-erin-e-elazegui,climate-hazards-resilience|urban-sustainable-systems,earth-observation-remote-sensing,internal,source-supported,Supplied Google Scholar profile copy,,302,READY - supported title and year
the-retrieval-of-chlorophyll-a-concentrations-in-inland-water-using-convolutio-31e9a031,THE RETRIEVAL OF CHLOROPHYLL-A CONCENTRATIONS IN INLAND WATER USING CONVOLUTION NEURAL NETWORK ON SATELLITE IMAGERY,2021,"M Van Nguyen, CH Lin, AC Blanco","42nd Asian Conference on Remote Sensing, ACRS 2021",other,,,ariel-c-blanco,water-air-environmental-quality,earth-observation-remote-sensing|geoai-spatial-data-science,internal,source-supported,Supplied Google Scholar profile copy,,183,READY - supported title and year
time-series-analysis-for-monitoring-seagrass-habitat-and-environment-in-busuan-01d160bb,"Time series analysis for monitoring seagrass habitat and environment in busuanga, Philippines using google earth engine",2021,A Quirós,"The International Archives of the Photogrammetry, Remote Sensing and Spatial …",other,10.5194/isprs-archives-xliii-b3-2021-109-2021,https://doi.org/10.5194/isprs-archives-xliii-b3-2021-109-2021,ayin-m-tamondong,coastal-marine-systems|ecosystems-biodiversity-land-change,,internal,source-supported,Supplied Google Scholar profile copy,,250,READY - supported title and year
utilization-of-sentinel-2-imagery-in-the-estimation-of-plastics-among-floating-66eba9a8,Utilization of Sentinel-2 imagery in the estimation of plastics among floating debris along the coast of Manila Bay,2021,"MLR Gonzaga, MTS Wong, AC Blanco, JA Principe","The International Archives of the Photogrammetry, Remote Sensing and Spatial …",other,,,ariel-c-blanco,coastal-marine-systems,earth-observation-remote-sensing,internal,source-supported,Supplied Google Scholar profile copy,,44,READY - supported title and year
creating-value-from-philippine-space-activities-mobilizing-space-data-2022-7ba2537b,Creating Value from Philippine Space Activities: Mobilizing Space Data,2022,"AC Blanco, JS Marciano, GJ Perez, S Meneses, RK Aranas, S Muta, ...",IGARSS 2022-2022 IEEE International Geoscience and Remote Sensing Symposium …,other,,,ariel-c-blanco,,,internal,source-supported,Supplied Google Scholar profile copy,,180,READY - supported title and year
evaluating-mitigation-strategies-for-urban-heat-island-in-mandaue-city-using-e-8296f63a,Evaluating mitigation strategies for urban heat island in Mandaue City using ENVI-met,2022,"A Cortes, AJ Rejuso, JA Santos, A Blanco","Journal of Urban Management 11 (1), 97-106",other,,,ariel-c-blanco,climate-hazards-resilience|urban-sustainable-systems,environmental-spatial-modeling,internal,source-supported,Supplied Google Scholar profile copy,,5,READY - supported title and year
field-measurement-and-prediction-of-drag-in-a-planted-rhizophora-mangrove-fore-db3119d9,Field Measurement and Prediction of Drag in a Planted Rhizophora Mangrove Forest,2022,"M Yoshikai, T Nakamura, DM Bautista, EC Herrera, A Baloloy, R Suwa, ...","Journal of Geophysical Research: Oceans 127 (11), e2021JC018320",other,,,ariel-c-blanco,coastal-marine-systems|ecosystems-biodiversity-land-change,,internal,source-supported,Supplied Google Scholar profile copy,,24,READY - supported title and year
ground-deformation-analysis-caused-by-post-2013-earthquake-in-bohol-philippine-0753c3a3,"Ground deformation analysis caused by post-2013 earthquake in Bohol, Philippines: MDAI Bauzon et al.",2022,"MDAI Bauzon, RB Reyes, AC Blanco, FP Siringan","Spatial Information Research 30 (6), 791-807",other,,,ariel-c-blanco,climate-hazards-resilience,,internal,source-supported,Supplied Google Scholar profile copy,,146,READY - supported title and year
integrated-gis-and-air-dispersion-modeling-approach-for-roadside-pollutant-map-d6504326,"Integrated GIS and air dispersion modeling approach for roadside pollutant mapping: a case study in Baguio City, Philippines",2022,"RV Ramos, AC Blanco","Spatial Information Research 30 (3), 371-383",other,,,ariel-c-blanco,urban-sustainable-systems|water-air-environmental-quality,environmental-spatial-modeling|gis-spatial-analytics,internal,source-supported,Supplied Google Scholar profile copy,,106,READY - supported title and year
integrated-remote-sensing-and-coupled-watershed-ocean-vegetation-modeling-for-b733d392,"Integrated Remote Sensing and Coupled Watershed-Ocean-Vegetation Modeling for Seagrass Studies in Busuanga, Palawan, Philippines",2022,"AM TAMONDONG, A Tamondong",(No Title),other,,,ayin-m-tamondong,coastal-marine-systems|ecosystems-biodiversity-land-change,earth-observation-remote-sensing|environmental-spatial-modeling,internal,source-supported,Supplied Google Scholar profile copy,,290,READY - supported title and year
lake-water-level-variability-determination-from-sar-backscatter-of-discrete-ob-a072e5a4,"Lake water level variability determination from SAR backscatter of discrete objects, GNSS levelling and satellite altimetry",2022,"R Reyes, M Nagai, A Blanco","Survey Review 54 (383), 153-162",other,,,ariel-c-blanco,,earth-observation-remote-sensing,internal,source-supported,Supplied Google Scholar profile copy,,95,READY - supported title and year
landfill-site-suitability-mapping-using-fuzzy-multi-criteria-decision-analysis-1079264e,"Landfill Site Suitability Mapping Using Fuzzy Multi-Criteria Decision Analysis and GIS: Case of Quezon City, Philippines",2022,"N Sadie, MA Tanchuling, A Blanco",Philippine Engineering Journal 43 (1),other,,,ariel-c-blanco,urban-sustainable-systems,gis-spatial-analytics,internal,source-supported,Supplied Google Scholar profile copy,,147,READY - supported title and year
mapping-oil-spills-on-sea-surface-from-sentinel-2-images-using-principal-compo-bf9d7223,Mapping Oil Spills on Sea Surface from Sentinel 2 Images Using Principal Components and Categorical Boosting,2022,"RJL Argamosa, AC Blanco, RB Reyes","The International Archives of the Photogrammetry, Remote Sensing and Spatial …",other,,,ariel-c-blanco,coastal-marine-systems,earth-observation-remote-sensing,internal,source-supported,Supplied Google Scholar profile copy,,149,READY - supported title and year
modelling-the-chlorophyll-a-concentration-of-laguna-lake-using-himawari-8-sate-7a804e1b,Modelling the chlorophyll-a concentration of Laguna Lake using himawari-8 satellite imagery and machine learning algorithms for near real time monitoring,2022,"ERG Martinez, RJL Argamosa, RB Torres, AC Blanco","The International Archives of the Photogrammetry, Remote Sensing and Spatial …",other,,,ariel-c-blanco,water-air-environmental-quality,earth-observation-remote-sensing|environmental-spatial-modeling|geoai-spatial-data-science,internal,source-supported,Supplied Google Scholar profile copy,,81,READY - supported title and year
optimization-of-tree-positioning-to-maximize-walking-in-urban-outdoor-spaces-a-b349c114,Optimization of tree positioning to maximize walking in urban outdoor spaces: A modeling and simulation framework,2022,"I Estacio, R Hadfi, A Blanco, T Ito, J Babaan","Sustainable Cities and Society 86, 104105",other,,,ariel-c-blanco,ecosystems-biodiversity-land-change|urban-sustainable-systems,environmental-spatial-modeling,internal,source-supported,Supplied Google Scholar profile copy,,19,READY - supported title and year
quantifying-vertical-land-motion-at-tide-gauge-sites-using-permanent-scatterer-c80d8b14,Quantifying vertical land motion at tide gauge sites using permanent scatterer interferometric synthetic aperture radar and global navigation satellite system solutions,2022,"R Reyes, MDA Bauzon, NA Pasaje, RM Alfante, PM De Lara, M Ordillano, ...","Spatial Information Research 30 (2), 309-319",other,,,ariel-c-blanco,,earth-observation-remote-sensing,internal,source-supported,Supplied Google Scholar profile copy,,94,READY - supported title and year
rapid-mapping-and-assessment-of-damages-due-to-typhoon-rai-using-sentinel-1-sy-72bfdb64,Rapid Mapping and Assessment of Damages Due to Typhoon Rai Using Sentinel-1 Synthetic Aperture Radar Data,2022,"SF Meneses III, AC Blanco","The International Archives of the Photogrammetry, Remote Sensing and Spatial …",other,,,ariel-c-blanco,climate-hazards-resilience,earth-observation-remote-sensing,internal,source-supported,Supplied Google Scholar profile copy,,93,READY - supported title and year
seagrass-biomass-and-sediment-carbon-in-conserved-and-disturbed-seascape-2022-e6b8ca73,Seagrass biomass and sediment carbon in conserved and disturbed seascape,2022,"AGB Reyes, MCS Vergara, AC Blanco, SG Salmo III","Ecological Research 37 (1), 67-79",other,,,ariel-c-blanco,coastal-marine-systems|ecosystems-biodiversity-land-change,,internal,source-supported,Supplied Google Scholar profile copy,,36,READY - supported title and year
simulation-of-urban-heat-island-during-a-high-heat-event-using-wrf-urban-canop-c350be55,Simulation of urban heat island during a high-heat event using WRF urban canopy models: A case study for Metro Manila,2022,"RGJP Bilang, AC Blanco, JAS Santos, LMP Olaguera","Atmosphere 13 (10), 1658",other,,,ariel-c-blanco,climate-hazards-resilience|urban-sustainable-systems,environmental-spatial-modeling,internal,source-supported,Supplied Google Scholar profile copy,,26,READY - supported title and year
typhoon-damage-mapping-using-normalized-differenced-spatial-autocorrelation-an-8337c251,Typhoon damage mapping using normalized differenced spatial autocorrelation and Planetscope image,2022,AC Blanco,"The International Archives of the Photogrammetry, Remote Sensing and Spatial …",other,,,ariel-c-blanco,climate-hazards-resilience,earth-observation-remote-sensing,internal,source-supported,Supplied Google Scholar profile copy,,148,READY - supported title and year
a-comparative-analysis-of-machine-learning-and-index-based-approach-to-mangrov-0a4d8031,A COMPARATIVE ANALYSIS OF MACHINE LEARNING AND INDEX-BASED APPROACH TO MANGROVE EXTENT MAPPING,2023,"KM Bantay, DCDM Vergara, KP Martinez, RM de la Cruz, GJP Perez, ...",,other,,,ariel-c-blanco,coastal-marine-systems,geoai-spatial-data-science,internal,source-supported,Supplied Google Scholar profile copy,,221,READY - supported title and year
analysis-of-kriging-interpolation-models-for-particulate-matter-levels-in-the-31b70430,"ANALYSIS OF KRIGING INTERPOLATION MODELS FOR PARTICULATE MATTER LEVELS IN THE NATIONAL CAPITAL REGION, PHILIPPINES",2023,"RA Torres, R Ramos, BA Recto, A Tamondong",,other,,,ayin-m-tamondong,water-air-environmental-quality,,internal,source-supported,Supplied Google Scholar profile copy,,298,READY - supported title and year
assessing-and-modelling-urban-heat-island-in-baguio-city-using-landsat-imagery-c70c16eb,Assessing and modelling urban heat Island in Baguio City using Landsat imagery and machine learning,2023,"D Vergara, AC Blanco, JJS Marciano Jr, SF Meneses Iii, NJB Borlongan, ...","The International Archives of the Photogrammetry, Remote Sensing and Spatial …",other,,,ariel-c-blanco,climate-hazards-resilience|urban-sustainable-systems,earth-observation-remote-sensing|environmental-spatial-modeling|geoai-spatial-data-science,internal,source-supported,Supplied Google Scholar profile copy,,41,READY - supported title and year
assessment-of-mangrove-extent-extraction-accuracy-of-threshold-segmentation-ba-8818f617,Assessment of mangrove extent extraction accuracy of threshold segmentation-based indices using sentinel imagery,2023,"CDC Zablan, AC Blanco, K Nadaoka, KP Martinez, AB Baloloy","The International Archives of the Photogrammetry, Remote Sensing and Spatial …",other,,,ariel-c-blanco,coastal-marine-systems,earth-observation-remote-sensing,internal,source-supported,Supplied Google Scholar profile copy,,43,READY - supported title and year
detailed-mapping-of-residential-land-use-in-quezon-city-using-sentinel-2-image-750eea2e,Detailed Mapping of Residential Land Use in Quezon City Using SENTINEL-2 Imagery: AN Analysis of Pixel-Based Image Classification Using Support Vector Machine,2023,"MID Mabalot, LS Sumera, AC Blanco, BG Carcellar","The International Archives of the Photogrammetry, Remote Sensing and Spatial …",other,,,ariel-c-blanco,ecosystems-biodiversity-land-change|urban-sustainable-systems,earth-observation-remote-sensing|geoai-spatial-data-science,internal,source-supported,Supplied Google Scholar profile copy,,177,READY - supported title and year
development-of-google-earth-engine-application-for-spatiotemporal-analysis-of-ba3606a4,"Development of Google Earth engine application for Spatiotemporal analysis of turbidity in Batan Estuary, Aklan through the harmonization of Landsat and SENTINEL-2 imagery",2023,"CDC Zablan, AC Blanco, YH Primavera-Tirol, K Nadaoka","The International Archives of the Photogrammetry, Remote Sensing and Spatial …",other,,,ariel-c-blanco,water-air-environmental-quality,earth-observation-remote-sensing|geovisualization-decision-support|gis-spatial-analytics,internal,source-supported,Supplied Google Scholar profile copy,,80,READY - supported title and year
estimating-airborne-particulate-matter-in-the-national-capital-region-philippi-b59cf181,"ESTIMATING AIRBORNE PARTICULATE MATTER IN THE NATIONAL CAPITAL REGION, PHILIPPINES USING MULTIPLE LINEAR REGRESSION AND GRADIENT BOOSTING ALGORITHM ON MODIS MAIAC AEROSOL OPTICAL DEPTH",2023,"RAB Torres, RV Ramos, BAB Recto, AM Tamondong, BJD Jiao, ...","ISPRS Annals of the Photogrammetry, Remote Sensing and Spatial Information …",other,10.5194/isprs-annals-X-4-W1-2022-639-2023,https://doi.org/10.5194/isprs-annals-X-4-W1-2022-639-2023,ayin-m-tamondong,water-air-environmental-quality,earth-observation-remote-sensing|geoai-spatial-data-science,internal,verified,Supplied Google Scholar profile copy,,267,READY - supported title and year
estimation-of-mangrove-fractional-cover-from-multispectral-and-hyperspectral-d-08abbe2b,Estimation Of Mangrove Fractional Cover From Multispectral And Hyperspectral Data Using Mixture Tuned Matched Filtering,2023,"AC Blanco, CR Perez","The International Archives of the Photogrammetry, Remote Sensing and Spatial …",other,,,ariel-c-blanco,coastal-marine-systems,earth-observation-remote-sensing,internal,source-supported,Supplied Google Scholar profile copy,,122,READY - supported title and year
hotspot-analysis-and-comparison-between-satellite-derived-aerosol-optical-dept-5ce193af,Hotspot analysis and comparison between satellite-derived aerosol optical depth and ground-based particulate matter measurements in metro manila,2023,"BAB Recto, RAB Torres, RV Ramos, AM Tamondong, MG Cayetano, ...","ISPRS Annals of the Photogrammetry, Remote Sensing and Spatial Information …",other,10.5194/isprs-annals-x-4-w1-2022-639-2023,https://doi.org/10.5194/isprs-annals-x-4-w1-2022-639-2023,ayin-m-tamondong,water-air-environmental-quality,earth-observation-remote-sensing|gis-spatial-analytics,internal,source-supported,Supplied Google Scholar profile copy,,268,READY - supported title and year
influence-of-the-el-ni-o-southern-oscillation-to-the-interannual-sea-level-var-17908acf,Influence of the El Niño Southern Oscillation to the interannual sea-level variability in the Philippine Sea,2023,"PCM Flores, RB Reyes, CL Amedo-Repollo, FP Siringan, A Rediang, ...","Coastal Altimetry, 177-190",other,,,ariel-c-blanco,,,internal,source-supported,Supplied Google Scholar profile copy,,127,READY - supported title and year
manila-bay-watershed-scorecard-a-gis-based-quantitative-watershed-health-asses-cb1f50ce,Manila Bay Watershed Scorecard: a Gis-Based Quantitative Watershed Health Assessment,2023,"M Zamora, AC Blanco","ISPRS Annals of the Photogrammetry, Remote Sensing and Spatial Information …",other,,,ariel-c-blanco,,gis-spatial-analytics,internal,source-supported,Supplied Google Scholar profile copy,,123,READY - supported title and year
mapping-multi-decadal-mangrove-forest-change-in-the-philippines-vegetation-ext-28e993ca,Mapping multi-decadal mangrove forest change in the Philippines: vegetation extent and impacts of anthropogenic and climate-related factors,2023,"AB Baloloy, KP Martinez, AC Blanco, MEP Neri, K Di V. Ticman, ...",Climate change strategies: handling the challenges of adapting to a changing …,other,,,ariel-c-blanco,climate-hazards-resilience|coastal-marine-systems|ecosystems-biodiversity-land-change,,internal,source-supported,Supplied Google Scholar profile copy,,38,READY - supported title and year
modeling-flow-and-sediment-dynamics-in-an-estuarine-mangrove-forest-and-adjace-393804c6,Modeling flow and sediment dynamics in an estuarine mangrove forest and adjacent areas: the impact of mangrove forest dynamics on landscape evolution,2023,"M Yoshikai, T Nakamura, A Blanco, B Hernandez, E Herrera, C Ferrera, ...","EGU General Assembly Conference Abstracts, EGU-13835",other,,,ariel-c-blanco,coastal-marine-systems|ecosystems-biodiversity-land-change,environmental-spatial-modeling,internal,source-supported,Supplied Google Scholar profile copy,,176,READY - supported title and year
philippines-case-study-two-looking-into-the-management-strategies-of-three-phi-a30e53a6,Philippines Case Study Two: Looking into the Management Strategies of Three Philippine National Integrated Protected Area System (NIPAS) Sites,2023,"KSA Cordero-Bailey, LT David, TLP dela Cruz, AT Almo, S Martinez, ...",Challenges in Tropical Coastal Zone Management: Experiences and Lessons …,other,,,ariel-c-blanco,,,internal,source-supported,Supplied Google Scholar profile copy,,178,READY - supported title and year
rise-or-fall-how-local-factors-influence-coastal-sea-level-in-the-philippines-676317b8,Rise or fall? How local factors influence coastal sea level in the Philippines,2023,"RB Reyes, PC Flores, A Bauzon, A Rediang, RM Alfante, NA Pasaje, ...","PHILIPPINE ENGINEERING JOURNAL 44 (1), 1-24",other,,,ariel-c-blanco,coastal-marine-systems,,internal,source-supported,Supplied Google Scholar profile copy,,145,READY - supported title and year
small-satellites-for-disaster-and-environmental-monitoring-2023-2420f68b,Small Satellites for Disaster and Environmental Monitoring,2023,"M Nagai, AC Blanco, V Lagutov, S Ninsawat",Remote Sensing,other,,,ariel-c-blanco,climate-hazards-resilience,earth-observation-remote-sensing,internal,source-supported,Supplied Google Scholar profile copy,,179,READY - supported title and year
spatio-temporal-analysis-and-modelling-of-dengue-incidences-in-quezon-city-usi-264d72f1,Spatio-temporal analysis and modelling of dengue incidences in Quezon City using ordinary least squares and spatial regression,2023,"AC Blanco, BJJ Harder, IAR Teh","The International Archives of the Photogrammetry, Remote Sensing and Spatial …",other,,,ariel-c-blanco,urban-sustainable-systems,environmental-spatial-modeling|gis-spatial-analytics,internal,source-supported,Supplied Google Scholar profile copy,,126,READY - supported title and year
spatio-temporal-analysis-of-decadal-mangrove-cover-and-fragmentation-in-region-45f741ed,"Spatio-temporal analysis of decadal mangrove cover and fragmentation in Region IV-B MIMAROPA, Philippines",2023,"CDC Zablan, AA Nerves, AC Blanco, AB Baloloy, KP Martinez, MEP Neri","The International Archives of the Photogrammetry, Remote Sensing and Spatial …",other,,,ariel-c-blanco,coastal-marine-systems,gis-spatial-analytics,internal,source-supported,Supplied Google Scholar profile copy,,125,READY - supported title and year
spatio-temporal-characterization-of-manila-bay-using-optical-water-type-and-wa-cce5a946,Spatio-temporal characterization of Manila Bay using optical water type and water quality mapping using Sentinel-3 OLCI images,2023,"JM Medina, RL Jalbuena, RAB Torres, AC Blanco","The International Archives of the Photogrammetry, Remote Sensing and Spatial …",other,,,ariel-c-blanco|jommer-m-medina,water-air-environmental-quality,earth-observation-remote-sensing|gis-spatial-analytics,internal,source-supported,Supplied Google Scholar profile copy,Deduplicated from 2 identical title/year source rows.,"105,327",READY - supported title and year
spatiotemporal-analysis-of-satellite-based-trace-gases-concentrations-in-port-3b607d03,"SPATIOTEMPORAL ANALYSIS OF SATELLITE-BASED TRACE GASES CONCENTRATIONS IN PORT OF MANILA, PHILIPPINES",2023,"LJ Aporto, MA Latunio, R Ramos, A Tamondong",,other,,,ayin-m-tamondong,water-air-environmental-quality,earth-observation-remote-sensing|gis-spatial-analytics,internal,source-supported,Supplied Google Scholar profile copy,,301,READY - supported title and year
surface-urban-heat-islands-and-related-health-risk-in-the-philippines-a-geospa-d01697ed,Surface urban heat islands and related health risk in the Philippines: A geospatial assessment using MODIS data,2023,"D Vergara, AC Blanco","The International archives of the photogrammetry, remote sensing and spatial …",other,,,ariel-c-blanco,climate-hazards-resilience|urban-sustainable-systems,earth-observation-remote-sensing|gis-spatial-analytics,internal,source-supported,Supplied Google Scholar profile copy,,54,READY - supported title and year
temporal-variation-of-threshold-segmentation-based-mangrove-mapping-indices-in-fd73d17c,Temporal variation of threshold segmentation-based mangrove mapping indices in Karimunjawa-Kemujan islands with Sentinel images,2023,"CDC Zablan, AC Blanco, K Nadaoka",IGARSS 2023-2023 IEEE International Geoscience and Remote Sensing Symposium …,other,,,ariel-c-blanco,coastal-marine-systems,earth-observation-remote-sensing,internal,source-supported,Supplied Google Scholar profile copy,,124,READY - supported title and year
transformation-of-the-normalized-difference-chlorophyll-index-to-retrieve-chlo-e4d62fce,Transformation of the normalized difference chlorophyll index to retrieve chlorophyll-a concentrations in Manila Bay,2023,"A Manuel, AC Blanco","The International Archives of the Photogrammetry, Remote Sensing and Spatial …",other,,,ariel-c-blanco,water-air-environmental-quality,,internal,source-supported,Supplied Google Scholar profile copy,,60,READY - supported title and year
3d-reconstruction-of-the-fort-santiago-dungeons-using-handheld-laser-scanning-b94ea892,3d reconstruction of the fort santiago dungeons using handheld laser scanning method,2024,"PL Borrega, YA Felisilda, CJ Sarmiento, A Tamondong","The International Archives of the Photogrammetry, Remote Sensing and Spatial …",other,10.5194/isprs-archives-xlviii-4-w8-2023-69-2024,https://doi.org/10.5194/isprs-archives-xlviii-4-w8-2023-69-2024,ayin-m-tamondong,urban-sustainable-systems,lidar-photogrammetry-3d-geomatics,internal,source-supported,Supplied Google Scholar profile copy,,266,READY - supported title and year
advancing-blue-carbon-knowledge-leveraging-geomatics-for-capacity-building-thr-17c5b09d,Advancing blue carbon knowledge: Leveraging geomatics for capacity building through the bluecares project,2024,"K Martinez, A Blanco, A Tamondong, C Candido, K Nadaoka","The International Archives of the Photogrammetry, Remote Sensing and Spatial …",other,10.5194/isprs-archives-xlviii-5-2024-55-2024,https://doi.org/10.5194/isprs-archives-xlviii-5-2024-55-2024,ariel-c-blanco|ayin-m-tamondong,coastal-marine-systems|urban-sustainable-systems,,internal,source-supported,Supplied Google Scholar profile copy,Deduplicated from 2 identical title/year source rows.,"90,252",READY - supported title and year
assessment-of-the-vulnerability-of-coastal-agriculture-to-seawater-intrusion-u-ded93b1e,"Assessment of the vulnerability of coastal agriculture to seawater intrusion using remote sensing, GIS, and Multi-Criteria Decision Analysis",2024,"N Gatdula, A Blanco","International Journal of Digital Earth 17 (1), 2367733",other,,,ariel-c-blanco,climate-hazards-resilience|coastal-marine-systems|ecosystems-biodiversity-land-change,earth-observation-remote-sensing|gis-spatial-analytics,internal,source-supported,Supplied Google Scholar profile copy,,40,READY - supported title and year
comparative-analysis-of-prisma-hyperspectral-and-sentinel-2-multispectral-imag-f1c4b81a,Comparative analysis of Prisma hyperspectral and Sentinel-2 multispectral images for Chlorophyll-a and turbidity mapping of Taal lake,2024,"AM Hernando, AM Piano, AC Blanco, JM Medina, AY Manuel","The International Archives of the Photogrammetry, Remote Sensing and Spatial …",other,,,ariel-c-blanco|jommer-m-medina,water-air-environmental-quality,earth-observation-remote-sensing,internal,source-supported,Supplied Google Scholar profile copy,Deduplicated from 2 identical title/year source rows.,"101,325",READY - supported title and year
comparative-analysis-of-random-forest-and-support-vector-machine-for-benthic-h-1be9c999,Comparative analysis of random forest and support vector machine for benthic habitat segmentation,2024,"GAM Narciso, AM Tamondong, AC Blanco, T Nakamura, K Nadaoka",Eighth Geoinformation Science Symposium 2023: Geoinformation Science for …,other,10.1117/12.3009659,https://doi.org/10.1117/12.3009659,ariel-c-blanco|ayin-m-tamondong,coastal-marine-systems|ecosystems-biodiversity-land-change,geoai-spatial-data-science,internal,source-supported,Supplied Google Scholar profile copy,Deduplicated from 2 identical title/year source rows.,"174,288",READY - supported title and year
coral-bleaching-detection-using-prisma-hyperspectral-satellite-imagery-in-cala-b9d733b5,"Coral Bleaching Detection Using PRISMA Hyperspectral Satellite Imagery in Calatagan, Batangas",2024,"FD Rivera, GE Buenavista, A Tamondong, A Blanco","ISPRS Annals of the Photogrammetry, Remote Sensing and Spatial Information …",other,10.5194/isprs-annals-x-5-2024-165-2024,https://doi.org/10.5194/isprs-annals-x-5-2024-165-2024,ariel-c-blanco|ayin-m-tamondong,coastal-marine-systems,earth-observation-remote-sensing,internal,source-supported,Supplied Google Scholar profile copy,Deduplicated from 2 identical title/year source rows.,"79,249",READY - supported title and year
development-of-land-use-regression-models-for-particulate-matter-estimation-in-9782bd51,"Development of land-use regression models for particulate matter estimation in National Capital Region, Philippines",2024,"RAB Torres, RV Ramos, BAB Recto, AM Tamondong","The International Archives of the Photogrammetry, Remote Sensing and Spatial …",other,10.5194/isprs-archives-xlviii-4-w8-2023-437-2024,https://doi.org/10.5194/isprs-archives-xlviii-4-w8-2023-437-2024,ayin-m-tamondong,water-air-environmental-quality,environmental-spatial-modeling,internal,source-supported,Supplied Google Scholar profile copy,,273,READY - supported title and year
development-of-methodology-for-monitoring-and-assessing-the-national-greening-7d111326,Development of methodology for monitoring and assessing the national greening program using optical and SAR data,2024,"RR Diwa, NJB Borlongan, JIA Tabardillo, AJC Sabuito, CG Candido, ...","The International Archives of the Photogrammetry, Remote Sensing and Spatial …",other,,,ariel-c-blanco,,earth-observation-remote-sensing,internal,source-supported,Supplied Google Scholar profile copy,,71,READY - supported title and year
drones4bluecarbonseagrass-a-capacity-building-program-for-mapping-seagrasses-u-09d55380,DRONES4BLUECARBONSEAGRASS: A Capacity-Building Program for Mapping Seagrasses using Unmanned Aerial System (UAS) Technology in the Philippines,2024,"C Candido, A Blanco, A Tamondong, K Martinez, K Nadaoka","ISPRS Annals of the Photogrammetry, Remote Sensing and Spatial Information …",other,10.5194/isprs-annals-x-5-2024-9-2024,https://doi.org/10.5194/isprs-annals-x-5-2024-9-2024,ariel-c-blanco|ayin-m-tamondong,coastal-marine-systems|urban-sustainable-systems,lidar-photogrammetry-3d-geomatics,internal,source-supported,Supplied Google Scholar profile copy,Deduplicated from 2 identical title/year source rows.,"119,264",READY - supported title and year
eighth-geoinformation-science-symposium-2023-geoinformation-science-for-sustai-586fe7ba,Eighth Geoinformation Science Symposium 2023: Geoinformation Science for Sustainable Planet,2024,"A Blanco, AB Rimba, C Roelfsema, S Arjasakusuma","Proc. of SPIE Vol 12977, 1297701-1",other,,,ariel-c-blanco,,,internal,source-supported,Supplied Google Scholar profile copy,,175,READY - supported title and year
enhancement-of-the-field-assessment-protocols-and-suitability-maps-for-coconut-8aa6d959,Enhancement of the Field Assessment Protocols and Suitability Maps for Coconut,2024,"JT Francisco, JD Casisirano, AC Blanco, RL Rivera, LH Canja, ...","The International Archives of the Photogrammetry, Remote Sensing and Spatial …",other,,,ariel-c-blanco,ecosystems-biodiversity-land-change,gis-spatial-analytics,internal,source-supported,Supplied Google Scholar profile copy,,91,READY - supported title and year
enhancing-government-capacity-for-air-quality-management-in-the-philippines-th-2129375d,Enhancing Government Capacity for Air Quality Management in the Philippines through Geospatial Technologies: A Case of Project AiRMoVE,2024,"R Ramos, A Tamondong, RA Torres, BA Recto, K Panlilio, ML Tinio, ...","ISPRS Annals of the Photogrammetry, Remote Sensing and Spatial Information …",other,10.5194/isprs-annals-x-5-2024-151-2024,https://doi.org/10.5194/isprs-annals-x-5-2024-151-2024,ayin-m-tamondong,urban-sustainable-systems|water-air-environmental-quality,gis-spatial-analytics,internal,source-supported,Supplied Google Scholar profile copy,,272,READY - supported title and year
fishpond-status-mapping-using-radar-remote-sensing-2024-b1ea1afd,Fishpond status mapping using radar remote sensing,2024,"J Dumalag, AC Blanco, AM Tamondong","The International Archives of the Photogrammetry, Remote Sensing and Spatial …",other,10.5194/isprs-archives-xlviii-4-w8-2023-195-2024,https://doi.org/10.5194/isprs-archives-xlviii-4-w8-2023-195-2024,ariel-c-blanco|ayin-m-tamondong,coastal-marine-systems,earth-observation-remote-sensing,internal,source-supported,Supplied Google Scholar profile copy,Deduplicated from 2 identical title/year source rows.,"103,259",READY - supported title and year
increasing-the-awareness-of-the-benefits-of-earth-observation-applications-thr-90916ecc,Increasing the Awareness of the Benefits of Earth Observation Applications through the Space Information Infrastructure Capacity Building and Training Program (SIICaP),2024,"CN Pante, K Bantay, NJ Borlongan, JP Almonte, RK Aranas, A Blanco","ISPRS Annals of the Photogrammetry, Remote Sensing and Spatial Information …",other,,,ariel-c-blanco,urban-sustainable-systems,earth-observation-remote-sensing|geovisualization-decision-support,internal,source-supported,Supplied Google Scholar profile copy,,172,READY - supported title and year
integration-of-stumpf-s-ratio-model-and-random-forest-for-satellite-derived-ba-9a746a0b,Integration of Stumpf's ratio model and random forest for satellite-derived bathymetry estimation,2024,"GAM Narciso, AM Tamondong, AC Blanco","The International Archives of the Photogrammetry, Remote Sensing and Spatial …",other,10.5194/isprs-archives-xlviii-4-w8-2023-387-2024,https://doi.org/10.5194/isprs-archives-xlviii-4-w8-2023-387-2024,ariel-c-blanco|ayin-m-tamondong,coastal-marine-systems|ecosystems-biodiversity-land-change,earth-observation-remote-sensing|geoai-spatial-data-science,internal,source-supported,Supplied Google Scholar profile copy,Deduplicated from 2 identical title/year source rows.,"102,258",READY - supported title and year
investigating-the-relationship-of-water-quality-on-land-cover-change-in-boraca-36a6e44b,Investigating the Relationship of Water Quality on Land Cover Change in Boracay Island,2024,"DB Cabuyadao, CP Paladin, AM Tamondong, JM Medina","The International Archives of Photogrammetry, Remote Sensing and Spatial …",other,10.5194/isprs-archives-xlviii-4-w8-2023-85-2024,https://doi.org/10.5194/isprs-archives-xlviii-4-w8-2023-85-2024,ayin-m-tamondong|jommer-m-medina,ecosystems-biodiversity-land-change|water-air-environmental-quality,,internal,source-supported,Supplied Google Scholar profile copy,Deduplicated from 2 identical title/year source rows.,"289,340",READY - supported title and year
mapping-and-assessment-of-burned-areas-in-rizal-palawan-using-sar-burned-and-v-cd95aecf,"Mapping and assessment of burned areas in Rizal, Palawan using SAR burned and vegetation indices",2024,"D Vergara, CPI Canlas, AC Blanco",Eighth Geoinformation Science Symposium 2023: Geoinformation Science for …,other,,,ariel-c-blanco,ecosystems-biodiversity-land-change,earth-observation-remote-sensing,internal,source-supported,Supplied Google Scholar profile copy,,104,READY - supported title and year
mapping-and-assessment-of-slash-and-burn-farming-in-palawan-philippines-using-b56c8cc0,"Mapping and assessment of slash-and-burn farming in Palawan, Philippines using various fire and burnt area products",2024,"CPI Canlas, AC Blanco",Eighth Geoinformation Science Symposium 2023: Geoinformation Science for …,other,,,ariel-c-blanco,ecosystems-biodiversity-land-change,,internal,source-supported,Supplied Google Scholar profile copy,,144,READY - supported title and year
mapping-and-assessment-of-the-spatial-and-temporal-distribution-of-turbidity-i-60123062,MAPPING AND ASSESSMENT OF THE SPATIAL AND TEMPORAL DISTRIBUTION OF TURBIDITY IN LAKE BUHI FROM SENTINEL-2 IMAGES USING GEOGRAPHICALLY WEIGHTED REGRESSION AND NORMALIZED DIFFERENCE TURBIDITY INDEX,2024,"KAN Amaro, LMG Cortez, JM Medina, AC Blanco","The International Archives of the Photogrammetry, Remote Sensing and Spatial …",other,10.5194/isprs-archives-XLVIII-4-W9-2024-29-2024,https://doi.org/10.5194/isprs-archives-XLVIII-4-W9-2024-29-2024,ariel-c-blanco|jommer-m-medina,water-air-environmental-quality,earth-observation-remote-sensing|gis-spatial-analytics,internal,verified,Supplied Google Scholar profile copy,Deduplicated from 2 identical title/year source rows.,"72,322",READY - supported title and year
mindoro-oil-spill-progress-monitoring-using-satellite-imagery-2024-8fd62655,Mindoro oil spill progress monitoring using satellite imagery,2024,"RM de la Cruz, D Vergara, JIA Tabardillo, AJC Sabuito, NJB Borlongan, ...","The International Archives of the Photogrammetry, Remote Sensing and Spatial …",other,,,ariel-c-blanco,coastal-marine-systems,earth-observation-remote-sensing,internal,source-supported,Supplied Google Scholar profile copy,,143,READY - supported title and year
multisource-and-multitemporal-land-cover-mapping-of-greater-luzon-island-using-4a0a566f,Multisource and multitemporal land cover mapping of Greater Luzon Island using Google Earth Engine,2024,"CG Candido, AC Blanco, NJB Borlongan, RM de la Cruz","The International Archives of the Photogrammetry, Remote Sensing and Spatial …",other,,,ariel-c-blanco,ecosystems-biodiversity-land-change,,internal,source-supported,Supplied Google Scholar profile copy,,142,READY - supported title and year
onion-mapping-using-prisma-hyperspectral-image-comparative-analysis-of-k-means-82fc9834,Onion mapping using PRISMA hyperspectral image: comparative analysis of K-means classification and linear spectral unmixing,2024,"RR Diwa, KAE Cabello, AC Blanco","Multispectral, Hyperspectral, and Ultraspectral Remote Sensing Technology …",other,,,ariel-c-blanco,,earth-observation-remote-sensing|geoai-spatial-data-science,internal,source-supported,Supplied Google Scholar profile copy,,171,READY - supported title and year
optimization-of-space-data-development-and-distribution-and-capacity-building-8f8a31fc,Optimization of Space Data Development and Distribution and Capacity Building in the Philippines through the PhilSA Integrated Network for Space Enabled Actions towards Sustainability (PINAS) Project,2024,"PA Young, A Blanco, J Pangasinan","ISPRS Annals of the Photogrammetry, Remote Sensing and Spatial Information …",other,10.5194/isprs-annals-X-5-2024-235-2024,https://doi.org/10.5194/isprs-annals-X-5-2024-235-2024,ariel-c-blanco,urban-sustainable-systems,,internal,verified,Supplied Google Scholar profile copy,,173,READY - supported title and year
riverine-inputs-into-manila-bay-philippines-potentially-drive-changes-in-chlor-b9c69a3e,"Riverine inputs into Manila Bay, Philippines potentially drive changes in chlorophyll-a and total suspended matter concentrations measured from MODIS",2024,"PCM Flores, RA Torres, A Manuel, J Medina, LT David, AC Blanco",Eighth Geoinformation Science Symposium 2023: Geoinformation Science for …,other,,,ariel-c-blanco|jommer-m-medina,water-air-environmental-quality,earth-observation-remote-sensing,internal,source-supported,Supplied Google Scholar profile copy,Deduplicated from 2 identical title/year source rows.,"121,329",READY - supported title and year
shoreline-change-analysis-in-new-washington-aklan-using-digital-shoreline-anal-b596779a,"Shoreline change analysis in New Washington, Aklan using Digital Shoreline Analysis System (DSAS)",2024,"A Nerves, FD Rivera, A Blanco, Y Tirol, K Nadaoka","ISPRS Annals of the Photogrammetry, Remote Sensing and Spatial Information …",other,,,ariel-c-blanco,coastal-marine-systems,gis-spatial-analytics,internal,source-supported,Supplied Google Scholar profile copy,,59,READY - supported title and year
site-suitability-analysis-of-salt-farms-in-pangasinan-using-geospatial-data-an-ca33e9dd,Site Suitability Analysis of Salt Farms in Pangasinan Using Geospatial Data and Analytic Hierarchy Process,2024,"A Carrido, JSR Melgarejo, JA Principe, JM Medina","The International Archives of the Photogrammetry, Remote Sensing and Spatial …",other,,,jommer-m-medina,,gis-spatial-analytics,internal,source-supported,Supplied Google Scholar profile copy,,331,READY - supported title and year
space-data-dashboard-empowering-institutions-and-citizens-with-seamless-space-d5f93c63,Space+ data dashboard: Empowering institutions and citizens with seamless space data access,2024,"DC Fargas Jr, RM de la Cruz, AC Blanco","The International Archives of the Photogrammetry, Remote Sensing and Spatial …",other,,,ariel-c-blanco,,geovisualization-decision-support,internal,source-supported,Supplied Google Scholar profile copy,,92,READY - supported title and year
spatiotemporal-analysis-of-traffic-accidents-hotspots-using-twitter-data-the-c-2c5a512d,Spatiotemporal analysis of traffic accidents hotspots using Twitter data: the case of Quezon City,2024,"MG Ugalino Jr, JBB Guillermo, CJS Sarmiento, EEE Elazegui",Eighth Geoinformation Science Symposium 2023: Geoinformation Science for …,other,,,erica-erin-e-elazegui,urban-sustainable-systems,gis-spatial-analytics,internal,source-supported,Supplied Google Scholar profile copy,,311,READY - supported title and year
supervised-image-classification-model-for-coral-bleaching-detection-using-a-bi-e48ce5cb,Supervised image classification model for coral bleaching detection using a bi-temporal Sentinel-2 image stack,2024,"GAM Narciso, AM Tamondong, AC Blanco, T Nakamura, K Nadaoka","The International Archives of the Photogrammetry, Remote Sensing and Spatial …",other,10.5194/isprs-archives-xlviii-4-w8-2023-395-2024,https://doi.org/10.5194/isprs-archives-xlviii-4-w8-2023-395-2024,ariel-c-blanco|ayin-m-tamondong,coastal-marine-systems,earth-observation-remote-sensing|geoai-spatial-data-science,internal,source-supported,Supplied Google Scholar profile copy,Deduplicated from 2 identical title/year source rows.,"100,256",READY - supported title and year
time-series-analysis-of-satellite-based-trace-gases-concentrations-in-port-are-6d211bdd,Time-Series Analysis of Satellite-Based Trace Gases Concentrations in Port Areas in the Philippines Using SENTINEL-5P,2024,"LA Aporto, M Latunio, RV Ramos, AM Tamondong","The International Archives of the Photogrammetry, Remote Sensing and Spatial …",other,10.5194/isprs-archives-xlviii-4-w8-2023-9-2024,https://doi.org/10.5194/isprs-archives-xlviii-4-w8-2023-9-2024,ayin-m-tamondong,water-air-environmental-quality,earth-observation-remote-sensing,internal,source-supported,Supplied Google Scholar profile copy,,287,READY - supported title and year
towards-nationwide-mapping-of-seagrasses-in-the-philippines-empowering-student-0317af6f,Towards nationwide mapping of seagrasses in the Philippines: empowering students through remote sensing education,2024,"A Tamondong, A Blanco, K Martinez, C Candido, K Nadaoka","ISPRS Annals of the Photogrammetry, Remote Sensing and Spatial Information …",other,10.5194/isprs-annals-x-5-2024-205-2024,https://doi.org/10.5194/isprs-annals-x-5-2024-205-2024,ariel-c-blanco|ayin-m-tamondong,coastal-marine-systems,earth-observation-remote-sensing,internal,source-supported,Supplied Google Scholar profile copy,Deduplicated from 2 identical title/year source rows.,"120,265",READY - supported title and year
tree-planting-prioritization-in-national-capital-region-philippines-using-remo-2fc44930,"Tree Planting Prioritization in National Capital Region, Philippines Using Remote Sensing, Analytic Hierarchy Process and Gis",2024,"J Casisirano, M Tuminting, RV Ramos, JM Medina","The International Archives of the Photogrammetry, Remote Sensing and Spatial …",other,,,jommer-m-medina,ecosystems-biodiversity-land-change,earth-observation-remote-sensing|gis-spatial-analytics,internal,source-supported,Supplied Google Scholar profile copy,,326,READY - supported title and year
typhoon-karding-noru-storm-surge-analysis-using-the-coawst-modeling-system-202-a439b572,Typhoon Karding (Noru) storm surge analysis using the Coawst modeling system,2024,"LIJ Nioko, KMC Tablang, AM Tamondong, M Ang, DM Bautista","The international archives of the photogrammetry, remote sensing and spatial …",other,10.5194/isprs-archives-xlviii-4-w8-2023-403-2024,https://doi.org/10.5194/isprs-archives-xlviii-4-w8-2023-403-2024,ayin-m-tamondong,climate-hazards-resilience,environmental-spatial-modeling,internal,source-supported,Supplied Google Scholar profile copy,,257,READY - supported title and year
validating-the-philippine-mangrove-map-2023-through-capacity-building-and-crow-29aed7c9,Validating the Philippine Mangrove Map 2023 through capacity building and crowdsourcing,2024,"CDC Zablan, KM Bantay, AC Blanco, AM Bedi, DC Fargas Jr, ...","ISPRS Annals of the Photogrammetry, Remote Sensing and Spatial Information …",other,,,ariel-c-blanco,coastal-marine-systems|urban-sustainable-systems,,internal,source-supported,Supplied Google Scholar profile copy,,141,READY - supported title and year
a-geospatial-approach-for-the-assessment-and-management-prioritization-of-phil-78904b46,A Geospatial Approach for the Assessment and Management Prioritization of Philippine Terrestrial Key Biodiversity Areas: Towards Meeting Global Sustainability Targets,2025,MA Cruz,"ISPRS Annals of the Photogrammetry, Remote Sensing and Spatial Information …",other,,,margaux-angelica-a-cruz,ecosystems-biodiversity-land-change,gis-spatial-analytics,internal,source-supported,Supplied Google Scholar profile copy,,347,READY - supported title and year
aboveground-biomass-estimation-of-an-old-growth-mangrove-forest-using-airborne-a3ab47da,Aboveground biomass estimation of an old‐growth mangrove forest using airborne LiDAR in the Philippines,2025,"MSH Mandal, R Suwa, RN Rollon, GMG Albano, GAA Cruz, K Ono, ...","Ecological Research 40 (2), 120-132",other,,,ariel-c-blanco,coastal-marine-systems|ecosystems-biodiversity-land-change,lidar-photogrammetry-3d-geomatics,internal,source-supported,Supplied Google Scholar profile copy,,118,READY - supported title and year
estimation-of-pm-concentrations-in-the-philippines-using-sentinel-5p-and-artif-c639970c,Estimation of PM concentrations in the Philippines using Sentinel-5P and artificial neural network,2025,"MAS De Hitta, EC Castro, AC Blanco, MJB Felix","Remote Sensing of the Atmosphere, Clouds, and Precipitation VIII 13262, 129-142",other,,,ariel-c-blanco,water-air-environmental-quality,earth-observation-remote-sensing|geoai-spatial-data-science,internal,source-supported,Supplied Google Scholar profile copy,,140,READY - supported title and year
impact-of-land-cover-change-on-hydrology-and-coastal-water-quality-a-case-stud-d337d40e,Impact of Land Cover Change on Hydrology and Coastal Water Quality: a Case Study of the Agno River Basin Using Swat,2025,"MMT Aguila, JZ Malimban, AM Tamondong, JA Principe",IGARSS 2025-2025 IEEE International Geoscience and Remote Sensing Symposium …,other,10.1109/igarss55030.2025.11243295,https://doi.org/10.1109/igarss55030.2025.11243295,ayin-m-tamondong,coastal-marine-systems|ecosystems-biodiversity-land-change|water-air-environmental-quality,environmental-spatial-modeling,internal,source-supported,Supplied Google Scholar profile copy,,271,READY - supported title and year
integrated-approach-for-coral-reef-conservation-and-rehabilitation-in-the-phil-9922e890,INTEGRATED APPROACH FOR CORAL REEF CONSERVATION AND REHABILITATION IN THE PHILIPPINES,2025,"H TAKASUNA, K YAMAKI, T NAKAMURA, WL CAMPOS, ...",Proceedings of the 41st IAHR World Congress–Innovative Water Eng. for …,other,10.64697/978-90-835589-7-4_41wc-p1758-cd,https://doi.org/10.64697/978-90-835589-7-4_41wc-p1758-cd,ayin-m-tamondong,coastal-marine-systems,,internal,source-supported,Supplied Google Scholar profile copy,,286,READY - supported title and year
mapping-grassfire-burn-severity-with-sentinel-2-super-resolution-and-blacksky-0a367f10,"Mapping grassfire burn severity with Sentinel-2 super-resolution and BlackSky imagery: a case study of the 2025 Grassfire in Zambales, Philippines",2025,"KAE Cabello, ARS Velasco, AC Blanco","IOP Conference Series: Earth and Environmental Science 1551 (1), 012007",other,,,ariel-c-blanco,ecosystems-biodiversity-land-change,earth-observation-remote-sensing,internal,source-supported,Supplied Google Scholar profile copy,,139,READY - supported title and year
mapping-the-benthic-habitats-of-boracay-and-santa-cruz-islands-philippines-usi-faa1deb8,"Mapping the benthic habitats of Boracay and Santa Cruz Islands, Philippines using Sentinel-2 imagery and random forest classification in Google Earth Engine",2025,"KM Bantay, CG Candido, AC Blanco","Active and Passive Remote Sensing of Oceans, Seas, and Lakes 13264, 47-55",other,,,ariel-c-blanco,coastal-marine-systems|ecosystems-biodiversity-land-change,earth-observation-remote-sensing|geoai-spatial-data-science,internal,source-supported,Supplied Google Scholar profile copy,,170,READY - supported title and year
optimizing-blue-carbon-information-as-a-complementary-strategy-to-mangrove-con-32fe2403,"OPTIMIZING"" BLUE CARBON"" INFORMATION AS A COMPLEMENTARY STRATEGY TO MANGROVE CONSERVATION AND RESTORATION: A META-ANALYSIS ON CARBON STOCKS IN PHILIPPINE MANGROVES",2025,"SG Salmo, RC Corcino, ME Gerona-Daga, CF Naputo, KD Ticman, ...","BULLETIN OF MARINE SCIENCE 101 (3), 1673-1673",other,,,ariel-c-blanco,coastal-marine-systems,,internal,source-supported,Supplied Google Scholar profile copy,,169,READY - supported title and year
a-framework-for-the-development-of-digital-spatial-weights-using-social-media-1ca191a8,A Framework for the Development of Digital Spatial Weights using Social Media Data: Methodological Foundation and Initial Analysis,2026,"EEE Elazegui, AC Blanco, BG Carcellar III","ISPRS Annals of the Photogrammetry, Remote Sensing and Spatial Information …",other,,,ariel-c-blanco|erica-erin-e-elazegui,urban-sustainable-systems,,internal,source-supported,Supplied Google Scholar profile copy,Deduplicated from 2 identical title/year source rows.,"162,304",READY - supported title and year
aboveground-biomass-estimation-of-rice-crops-oryza-sativa-l-utilizing-paramete-8a3dcdc2,Aboveground Biomass Estimation of Rice Crops (Oryza sativa L.) Utilizing Parameters Derived From UAV-Based LiDAR And Multispectral Satellite Sensors,2026,"CL Gadrinab, JJS Israel, AM Tamondong, RT Bahia","The International Archives of the Photogrammetry, Remote Sensing and Spatial …",other,10.5194/isprs-archives-xlviii-5-w4-2025-111-2026,https://doi.org/10.5194/isprs-archives-xlviii-5-w4-2025-111-2026,ayin-m-tamondong,ecosystems-biodiversity-land-change,earth-observation-remote-sensing|lidar-photogrammetry-3d-geomatics,internal,source-supported,Supplied Google Scholar profile copy,,280,READY - supported title and year
analyzing-economic-spatial-patterns-of-the-metro-manila-urban-agglomeration-us-d0ad1c0f,Analyzing Economic Spatial Patterns of the Metro Manila Urban Agglomeration using Nighttime Light Data,2026,"CLS Paliza, KJS Swin, EEE Elazegui, ARC Claridades","ISPRS Annals of the Photogrammetry, Remote Sensing and Spatial Information …",other,,,erica-erin-e-elazegui,urban-sustainable-systems,gis-spatial-analytics,internal,source-supported,Supplied Google Scholar profile copy,,307,READY - supported title and year
analyzing-urban-agglomeration-patterns-and-economic-development-in-metro-manil-2860fd08,Analyzing Urban Agglomeration Patterns and Economic Development in Metro Manila using Social Network Analysis,2026,"KJS Swin, CLS Paliza, EEE Elazegui, RC Claridades","ISPRS Annals of the Photogrammetry, Remote Sensing and Spatial Information …",other,,,erica-erin-e-elazegui,urban-sustainable-systems,gis-spatial-analytics,internal,source-supported,Supplied Google Scholar profile copy,,306,READY - supported title and year
assessing-the-impact-of-sun-glint-on-seagrass-and-benthic-habitat-classificati-f4179baf,Assessing the Impact of Sun Glint on Seagrass and Benthic Habitat Classification Accuracy across various Algorithms using PlanetScope Imagery,2026,MA Cruz,"The International Archives of the Photogrammetry, Remote Sensing and Spatial …",other,,,margaux-angelica-a-cruz,coastal-marine-systems|ecosystems-biodiversity-land-change,earth-observation-remote-sensing|geoai-spatial-data-science,internal,source-supported,Supplied Google Scholar profile copy,,345,READY - supported title and year
assessing-the-relationship-between-coastal-reclamation-and-seagrass-ecosystems-f7d54864,"Assessing the Relationship between Coastal Reclamation and Seagrass Ecosystems in Coron, Palawan using Multitemporal Remote Sensing, Shoreline Change Analysis, and Turbidity Mapping",2026,"JPB Galan, DDO Gonzales, AM Tamondong, AL Quiros","ISPRS Annals of the Photogrammetry, Remote Sensing and Spatial Information …",other,10.5194/isprs-annals-X-5-W4-2025-253-2026,https://doi.org/10.5194/isprs-annals-X-5-W4-2025-253-2026,ayin-m-tamondong,coastal-marine-systems|water-air-environmental-quality,earth-observation-remote-sensing,internal,verified,Supplied Google Scholar profile copy,,270,READY - supported title and year
assessment-of-coastal-zone-changes-and-relative-bathymetry-in-dingalan-aurora-5728fc2c,"Assessment of Coastal Zone Changes and Relative Bathymetry in Dingalan, Aurora Using Remote Sensing Techniques",2026,"CJI Alonzo, GAM Rondin, JA Principe, AM Tamondong","ISPRS Annals of the Photogrammetry, Remote Sensing and Spatial Information …",other,10.5194/isprs-annals-x-5-w4-2025-27-2026,https://doi.org/10.5194/isprs-annals-x-5-w4-2025-27-2026,ayin-m-tamondong,coastal-marine-systems,earth-observation-remote-sensing,internal,source-supported,Supplied Google Scholar profile copy,,284,READY - supported title and year
assessment-of-groundwater-potential-in-north-central-palawan-using-remote-sens-546b1a0e,Assessment of Groundwater Potential in North-Central Palawan using Remote Sensing and Geophysical Analysis of Fractured Basement Aquifers,2026,"JG Cuevas, JEE Cari, JA Principe, AM Tamondong, CB Dimalanta, ...","ISPRS Annals of the Photogrammetry, Remote Sensing and Spatial Information …",other,10.5194/isprs-annals-x-5-w4-2025-197-2026,https://doi.org/10.5194/isprs-annals-x-5-w4-2025-197-2026,ayin-m-tamondong,water-air-environmental-quality,earth-observation-remote-sensing,internal,source-supported,Supplied Google Scholar profile copy,,278,READY - supported title and year
assessment-of-metro-manila-urban-parks-cooling-effect-based-on-landscape-metri-5505b543,Assessment of Metro Manila Urban Parks’ Cooling Effect Based on Landscape Metrics Using Threshold Value of Efficiency (TVoE) Approach,2026,"JC Guadalupe, JDG Gorospe, EEE Elazegui, JB Babaan-Mabaquiao","ISPRS Annals of the Photogrammetry, Remote Sensing and Spatial Information …",other,,,erica-erin-e-elazegui,urban-sustainable-systems,,internal,source-supported,Supplied Google Scholar profile copy,,309,READY - supported title and year
change-detection-of-invasive-swietenia-macrophylla-mahogany-in-bohol-man-made-2075b75d,Change Detection of Invasive Swietenia macrophylla (Mahogany) in Bohol Man-Made Forest from 2013-2023 Through Vegetation and Soil Spectral Indices Using Landsat 8 in Google Earth Engine,2026,"MJJ Broqueza, BG Agamao, CL Gadrinab, HM Porlares, EEE Elazegui","ISPRS Annals of the Photogrammetry, Remote Sensing and Spatial Information …",other,10.5194/isprs-annals-X-5-W4-2025-97-2026,https://doi.org/10.5194/isprs-annals-X-5-W4-2025-97-2026,erica-erin-e-elazegui,ecosystems-biodiversity-land-change,,internal,verified,Supplied Google Scholar profile copy,,308,READY - supported title and year
defining-fire-regime-in-palawan-philippines-using-satellite-based-fire-and-bur-7c7b5e85,"Defining Fire Regime in Palawan, Philippines using Satellite-based Fire and Burned Area Products",2026,"CP Canlas, AC Blanco",Philippines using Satellite-based Fire and Burned Area Products,other,10.2139/ssrn.6732050,https://doi.org/10.2139/ssrn.6732050,ariel-c-blanco,climate-hazards-resilience|ecosystems-biodiversity-land-change,earth-observation-remote-sensing,internal,verified,Supplied Google Scholar profile copy,,219,READY - supported title and year
delineation-and-extraction-of-information-on-farm-to-market-roads-fmr-using-ve-7bb793a6,Delineation and Extraction of Information on Farm-to-Market Roads (FMR) using Very High-Resolution (VHR) Satellite Image,2026,"AA Nerves, AMP Piano, ALS Arias, AJC Sabuito, AC Blanco","ISPRS Annals of the Photogrammetry, Remote Sensing and Spatial Information …",other,,,ariel-c-blanco,urban-sustainable-systems,earth-observation-remote-sensing,internal,source-supported,Supplied Google Scholar profile copy,,166,READY - supported title and year
development-and-application-of-coconut-vegetation-indices-cvis-for-rapid-and-a-15d0885b,"Development and Application of Coconut Vegetation Indices (CVIs) for Rapid and Accurate Coconut Mapping Using Sentinel-2 Images: A Case Study of Quezon Province, Philippines",2026,"JEJ Malangis, AC Blanco, AM Tamondong","ISPRS Annals of the Photogrammetry, Remote Sensing and Spatial Information …",other,10.5194/isprs-annals-x-5-w4-2025-323-2026,https://doi.org/10.5194/isprs-annals-x-5-w4-2025-323-2026,ariel-c-blanco|ayin-m-tamondong,ecosystems-biodiversity-land-change,earth-observation-remote-sensing|geovisualization-decision-support,internal,source-supported,Supplied Google Scholar profile copy,Deduplicated from 2 identical title/year source rows.,"168,285",READY - supported title and year
development-of-a-gis-based-socio-spatial-quality-index-for-assessing-urban-res-680c034b,Development of a GIS-Based Socio-Spatial Quality Index for Assessing Urban Resettlement Outcomes: A Case Study of Quezon City,2026,"JP Marco, SP Pascual, KAP Vergara, JM Medina","ISPRS Annals of the Photogrammetry, Remote Sensing and Spatial Information …",other,,,jommer-m-medina,urban-sustainable-systems,gis-spatial-analytics,internal,source-supported,Supplied Google Scholar profile copy,,335,READY - supported title and year
estimating-and-mapping-mangrove-aboveground-biomass-in-zambales-province-north-2c090856,"Estimating and Mapping Mangrove Aboveground Biomass in Zambales Province, Northwest Philippines using Ensemble Modeling on Fusion of Open Satellite Data​",2026,"CDC Zablan, AA Nerves, AC Blanco, S Salmo, RB Reyes",Northwest Philippines using Ensemble Modeling on Fusion of Open Satellite Data,other,10.2139/ssrn.6666088,https://doi.org/10.2139/ssrn.6666088,ariel-c-blanco,coastal-marine-systems|ecosystems-biodiversity-land-change,earth-observation-remote-sensing|environmental-spatial-modeling,internal,verified,Supplied Google Scholar profile copy,,220,READY - supported title and year
evaluating-machine-learning-algorithms-for-onion-mapping-in-nueva-ecija-philip-5d71450a,"Evaluating Machine Learning Algorithms for Onion Mapping in Nueva Ecija, Philippines Using Sentinel-2 Imagery",2026,"RR Diwa, AC Blanco","The International Archives of the Photogrammetry, Remote Sensing and Spatial …",other,,,ariel-c-blanco,,earth-observation-remote-sensing|geoai-spatial-data-science,internal,source-supported,Supplied Google Scholar profile copy,,164,READY - supported title and year
floating-photovoltaic-potential-assessment-of-angat-reservoir-philippines-usin-97589dc4,"Floating Photovoltaic Potential Assessment of Angat Reservoir, Philippines using Remote Sensing and Geographic Information Systems",2026,"MG Lagan, HM Porlares, MRCO Ang, JED Escoto","ISPRS Annals of the Photogrammetry, Remote Sensing and Spatial Information …",other,,,john-emmanuel-d-escoto,urban-sustainable-systems,earth-observation-remote-sensing,internal,source-supported,Supplied Google Scholar profile copy,,318,READY - supported title and year
green-green-grass-of-home-a-gis-based-analysis-of-greenspace-accessibility-in-7d788fa9,"Green, Green Grass of Home: A GIS-Based Analysis of Greenspace Accessibility in Quezon City",2026,"CJB Streegan, AC Blanco, JM Medina","The International Archives of the Photogrammetry, Remote Sensing and Spatial …",other,,,ariel-c-blanco|jommer-m-medina,ecosystems-biodiversity-land-change|urban-sustainable-systems,gis-spatial-analytics,internal,source-supported,Supplied Google Scholar profile copy,Deduplicated from 2 identical title/year source rows.,"163,334",READY - supported title and year
habitat-suitability-modeling-of-seagrass-on-santiago-island-pangasinan-using-s-b2fd9e90,"Habitat Suitability Modeling of Seagrass on Santiago Island, Pangasinan Using Satellite Imagery-Derived Environmental Parameters",2026,"GAP Amolato, JAS Cayasfon, ESJ Dumalaog, JM Medina","The International Archives of the Photogrammetry, Remote Sensing and Spatial …",other,,,jommer-m-medina,coastal-marine-systems|ecosystems-biodiversity-land-change,earth-observation-remote-sensing|environmental-spatial-modeling|gis-spatial-analytics,internal,source-supported,Supplied Google Scholar profile copy,,336,READY - supported title and year
integration-of-remote-sensing-and-particle-tracking-modeling-to-locate-marine-413ef950,Integration of Remote Sensing and Particle Tracking Modeling to Locate Marine Litter Accumulations in Manila Bay Pasig River Outfall,2026,"FAF Francisco, EKP Mortega, AM Tamondong, EC Herrera","ISPRS Annals of the Photogrammetry, Remote Sensing and Spatial Information …",other,10.5194/isprs-annals-x-5-w4-2025-245-2026,https://doi.org/10.5194/isprs-annals-x-5-w4-2025-245-2026,ayin-m-tamondong,coastal-marine-systems,earth-observation-remote-sensing|environmental-spatial-modeling,internal,source-supported,Supplied Google Scholar profile copy,,282,READY - supported title and year
mapping-the-unseen-the-impact-of-urban-sprawl-on-no2-co-and-o3-pollutants-in-c-9f160dae,"Mapping the Unseen: The Impact of Urban Sprawl on NO2, CO, and O3 Pollutants in Cavite Using Sentinel-2 and Sentinel-5P from 2020 to 2023",2026,"JEN Colendres, JCN de Vera, MP Santos, JM Medina","The International Archives of the Photogrammetry, Remote Sensing and Spatial …",other,,,jommer-m-medina,urban-sustainable-systems|water-air-environmental-quality,earth-observation-remote-sensing,internal,source-supported,Supplied Google Scholar profile copy,,338,READY - supported title and year
modeling-land-surface-temperature-lst-and-surface-urban-heat-islands-suhi-in-t-1b8fbed7,Modeling Land Surface Temperature (LST) and Surface Urban Heat Islands (SUHI) in Taguig City (Philippines) using Material Distribution Derived from Linear Spectral Unmixing of PRISMA Hyperspectral Data,2026,"KEM Aguilan, DLT Ngo, AC Blanco, EEE Elazegui","ISPRS Annals of the Photogrammetry, Remote Sensing and Spatial Information …",other,10.5194/isprs-annals-X-5-W4-2025-11-2026,https://doi.org/10.5194/isprs-annals-X-5-W4-2025-11-2026,ariel-c-blanco|erica-erin-e-elazegui,climate-hazards-resilience|urban-sustainable-systems,environmental-spatial-modeling,internal,verified,Supplied Google Scholar profile copy,Deduplicated from 2 identical title/year source rows.,"167,310",READY - supported title and year
multitemporal-analysis-of-green-spaces-in-manila-philippines-through-a-green-i-70a5aa48,"Multitemporal Analysis of Green Spaces in Manila, Philippines through a Green Index",2026,"FAF Francisco, DDO Gonzales, AMY Narca, JM Medina","ISPRS Annals of the Photogrammetry, Remote Sensing and Spatial Information …",other,,,jommer-m-medina,ecosystems-biodiversity-land-change,,internal,source-supported,Supplied Google Scholar profile copy,,330,READY - supported title and year
onshore-wind-farms-suitability-analysis-using-gis-based-ahp-promethee-ii-2026-703a1f12,Onshore Wind Farms Suitability Analysis Using GIS-based AHP-PROMETHEE II,2026,"CDS Gamboa, MRCO Ang, JM Medina","The International Archives of the Photogrammetry, Remote Sensing and Spatial …",other,,,jommer-m-medina,urban-sustainable-systems,gis-spatial-analytics,internal,source-supported,Supplied Google Scholar profile copy,,337,READY - supported title and year
post-disaster-building-damage-assessment-using-3d-surface-models-derived-from-bb0f4d22,Post-Disaster Building Damage Assessment Using 3D Surface Models Derived from Unmanned Aerial Vehicle (UAV) Imagery,2026,"APJ Manzano, AC Blanco","ISPRS Annals of the Photogrammetry, Remote Sensing and Spatial Information …",other,,,ariel-c-blanco,climate-hazards-resilience|urban-sustainable-systems,earth-observation-remote-sensing|lidar-photogrammetry-3d-geomatics,internal,source-supported,Supplied Google Scholar profile copy,,165,READY - supported title and year
prediction-of-red-tide-events-in-the-philippines-using-modis-derived-oceanogra-7adb430c,Prediction of Red Tide Events in the Philippines using MODIS-derived Oceanographic Parameters and XGBoost,2026,"CAP Arellano, AAC Castillo, AM Tamondong, JM Medina, JED Escoto","ISPRS Annals of the Photogrammetry, Remote Sensing and Spatial Information …",other,10.5194/isprs-annals-x-5-w4-2025-51-2026,https://doi.org/10.5194/isprs-annals-x-5-w4-2025-51-2026,ayin-m-tamondong|john-emmanuel-d-escoto|jommer-m-medina,coastal-marine-systems,earth-observation-remote-sensing|geoai-spatial-data-science,internal,source-supported,Supplied Google Scholar profile copy,Deduplicated from 3 identical title/year source rows.,"279,317,333",READY - supported title and year
spatial-and-socioeconomic-drivers-of-land-use-change-in-high-density-residenti-d3f8dcc1,Spatial and Socioeconomic Drivers of Land Use Change in High-Density Residential Areas (R-3) in Quezon City: A Predictive Simulation Using the Cellular Automata-Markov Chain Model,2026,"WRS Dario, RAD David, EEE Elazegui, ARC Claridades","ISPRS Annals of the Photogrammetry, Remote Sensing and Spatial Information …",other,,,erica-erin-e-elazegui,ecosystems-biodiversity-land-change|urban-sustainable-systems,environmental-spatial-modeling|geoai-spatial-data-science,internal,source-supported,Supplied Google Scholar profile copy,,305,READY - supported title and year
spatiotemporal-analysis-of-mining-induced-vegetation-loss-in-homonhon-island-u-74a29306,Spatiotemporal Analysis of Mining-Induced Vegetation Loss in Homonhon Island Using Normalized Difference Vegetation Index: Possible Impacts on Biodiversity and Community,2026,"MA Cruz, FD Rivera","Int. Arch. Photogramm. Remote Sens. Spatial Inf. Sci, 71–78",other,,,margaux-angelica-a-cruz,ecosystems-biodiversity-land-change,gis-spatial-analytics,internal,source-supported,Supplied Google Scholar profile copy,,346,READY - supported title and year
spatiotemporal-analysis-of-the-potential-impact-of-the-masinloc-power-plant-on-222e13ba,"Spatiotemporal Analysis of the Potential Impact of the Masinloc Power Plant on the Thermal Pollution in Oyon Bay, Zambales, and its Correlation to the Seagrass Cover",2026,"LGE Galinato, AM Tolentino, AM Tamondong, JM Medina, SG Salmo III","ISPRS Annals of the Photogrammetry, Remote Sensing and Spatial Information …",other,10.5194/isprs-annals-x-5-w4-2025-261-2026,https://doi.org/10.5194/isprs-annals-x-5-w4-2025-261-2026,ayin-m-tamondong|jommer-m-medina,coastal-marine-systems|water-air-environmental-quality,gis-spatial-analytics,internal,source-supported,Supplied Google Scholar profile copy,Deduplicated from 2 identical title/year source rows.,"283,339",READY - supported title and year
spatiotemporal-modeling-of-lava-dome-evolution-of-mt-mayon-during-its-2023-eru-44395119,Spatiotemporal Modeling of Lava Dome Evolution of Mt. Mayon during its 2023 Eruption using Remote Sensing Data,2026,"APA Castro, PMC Jatulan, JA Principe, AM Tamondong","ISPRS Annals of the Photogrammetry, Remote Sensing and Spatial Information …",other,10.5194/isprs-annals-x-5-w4-2025-159-2026,https://doi.org/10.5194/isprs-annals-x-5-w4-2025-159-2026,ayin-m-tamondong,climate-hazards-resilience,earth-observation-remote-sensing|environmental-spatial-modeling|gis-spatial-analytics,internal,source-supported,Supplied Google Scholar profile copy,,281,READY - supported title and year
