publication_decision,year,title,faculty,authors_preview,source_or_venue,doi,research_themes,geomatics_approaches,duplicate_status,bibliographic_status,review_notes,publication_id
hold,,An integrated approach to studying connectivity relationship between terrestrial and coastal marine environments,Ariel C. Blanco,AC Blanco,,,coastal-marine-systems,,none,needs-review,source status is not READY; missing year_for_website support,an-integrated-approach-to-studying-connectivity-relationship-between-terrestri-47dbc399
hold,,Change Detection of Mangrove Forests in the Verde Island Passage,Margaux Angelica A. Cruz,11th National Symposium in Marine Science,,,coastal-marine-systems|ecosystems-biodiversity-land-change,,none,needs-review,source status is not READY; missing year_for_website support,change-detection-of-mangrove-forests-in-the-verde-island-passage-7277e802
hold,,Detecting and Documenting Landscape Changes in Peñablanca’s Reforestation Site Using Satellite Imagery,Margaux Angelica A. Cruz,Cagayan Valley Program on Environment and Development (CVPED) Conference,,,ecosystems-biodiversity-land-change,earth-observation-remote-sensing,none,needs-review,source status is not READY; missing year_for_website support,detecting-and-documenting-landscape-changes-in-pe-ablanca-s-reforestation-site-1146bc06
hold,,Facing the Additionality Challenge in Implementing a Forest Restoration Project for a Protected Area,Margaux Angelica A. Cruz,19th Annual Biodiversity Symposium,,,ecosystems-biodiversity-land-change,,none,needs-review,source status is not READY; missing year_for_website support,facing-the-additionality-challenge-in-implementing-a-forest-restoration-projec-b1b2ef34
hold,,Habitat Extent and Degradation in the Agusan Marsh Key Biodiversity Area,Margaux Angelica A. Cruz,18th Annual Philippine Biodiversity Symposium,,,ecosystems-biodiversity-land-change,,none,needs-review,source status is not READY; missing year_for_website support,habitat-extent-and-degradation-in-the-agusan-marsh-key-biodiversity-area-c08b46d9
hold,,modeling poverty in the Philippines,Ariel C. Blanco,"L Marquez, A Blanco, E Robles, J Ornos, M Marquez",,,urban-sustainable-systems,environmental-spatial-modeling,none,needs-review,source status is not READY; missing year_for_website support,modeling-poverty-in-the-philippines-34a19fa1
pending-review,2000,Design and Development of an Electronic Nose System to Control the Processing of Dry Cured Iberian Hams Monitored via Internet in Electronic Noses and Olfaction 2000,Ariel C. Blanco,"MC Horrillo, I Sayago, MJ Fernández, R Gómez-Espinosa, A Blanco, ...","Institute of Physics publishing, Bristol and Philadelphia",,,,none,source-supported,clean-for-review,design-and-development-of-an-electronic-nose-system-to-control-the-processing-5b6d5001
pending-review,2003,Bio-Optical Modeling of Laguna de Bay Waters and Applications to Lake Monitoring Using ASTER Data,Ariel C. Blanco,"EC Paringit, K Nadaoka, MCD Rubio, H Tamura, AC Blanco","Proceedings of the KSRS Conference, 667-669",,,earth-observation-remote-sensing|environmental-spatial-modeling|geovisualization-decision-support,none,source-supported,clean-for-review,bio-optical-modeling-of-laguna-de-bay-waters-and-applications-to-lake-monitori-bdebef44
pending-review,2003,Field survey on hydrodynamics and water quality in Manila Bay and Laguna Lake,Ariel C. Blanco,"H Tamura, K Nadaoka, E Paringit, FP Siringan, GQ Tabios III, CL Villanoy, ...",Proceedings of the symposium on environmental issues related to …,,water-air-environmental-quality,environmental-spatial-modeling,none,source-supported,clean-for-review,field-survey-on-hydrodynamics-and-water-quality-in-manila-bay-and-laguna-lake-6415fbe4
pending-review,2003,Integrated Use of GIS and Hydrological Models for Targeting Areas: Tool for Assisting a Participatory Soil and Water Conservation Program,Ariel C. Blanco,AC Blanco,"University of Melbourne, Department of Geomatics",,,gis-spatial-analytics,none,source-supported,clean-for-review,integrated-use-of-gis-and-hydrological-models-for-targeting-areas-tool-for-ass-706d68cb
pending-review,2005,Connectivity and impact assessment of land use/cover and benthic cover change by advance remote sensing analysis,Ariel C. Blanco,"MCR Paringit, EC Paringit, K Nadaoka, AC Blanco",,,coastal-marine-systems|ecosystems-biodiversity-land-change,earth-observation-remote-sensing,none,source-supported,clean-for-review,connectivity-and-impact-assessment-of-land-use-cover-and-benthic-cover-change-cb67f416
pending-review,2005,衛星データに基づく八重山諸島における土地利用・植生被覆の長期的変遷と周辺サンゴ礁域の海底被覆状態変化の関係解析,Ariel C. Blanco,"MCD Rubio, EC Paringit, AC Blanco","海岸工学論文集 52, 1111-1115",,,,none,source-supported,clean-for-review,2005-6ce15bb3
pending-review,2006,A Comparative Assessment and Estimation of Potential Soil Erosion Rates and Patterns in Laguna Lake Watershed Using Three Models,Ariel C. Blanco,"CB Ariel, A Blanco",Japan Society for the Promotion of Science (JSPS) and University of the …,,ecosystems-biodiversity-land-change,,none,source-supported,clean-for-review,a-comparative-assessment-and-estimation-of-potential-soil-erosion-rates-and-pa-53d134bc
pending-review,2006,A Comparative Assessment and Estimation of Potential Soil Erosion Rates and Patterns in Laguna Lake Watershed Using Three Models: Towards Development of an Erosion Index System for Integrated Watershed-Lake Management,Ariel C. Blanco,"AC Blanco, K Nadaoka","Symposium on Infrastructure Development and the Environment, 7-8",,ecosystems-biodiversity-land-change,,none,source-supported,clean-for-review,a-comparative-assessment-and-estimation-of-potential-soil-erosion-rates-and-pa-a504171c
pending-review,2006,Complementarity of sensor-based measurements and community perception for monitoring and management of seawater quality,Ariel C. Blanco,"MCR Paringit, K Nadaoka, T Pokavanich, H Iizuka, AC Blanco, ...",,,coastal-marine-systems|water-air-environmental-quality,,none,source-supported,clean-for-review,complementarity-of-sensor-based-measurements-and-community-perception-for-moni-7044512d
pending-review,2007,"A multi-scale investigation of environmental controls onn Shiraho Coral Reef through Field Measurements, Remote Sensing and GIS",Ariel C. Blanco,"CB Ariel, A Blanco, K NADAOKA, T YAMAMOTO","Abstracts, 21st Pacific Science Congress, Okinawa, Japan, 91",,coastal-marine-systems,earth-observation-remote-sensing|gis-spatial-analytics,none,source-supported,clean-for-review,a-multi-scale-investigation-of-environmental-controls-onn-shiraho-coral-reef-t-3cc2ef2c
pending-review,2007,"Coral mortality discrimination and change detection using Landsat TM And ETM+ imageries of Balabac, Palawan",Margaux Angelica A. Cruz,"MAR Abella, J Cy, LT David",28th Asian Conference on Remote Sensing. Kuala Lumpur,,coastal-marine-systems,earth-observation-remote-sensing,none,source-supported,clean-for-review,coral-mortality-discrimination-and-change-detection-using-landsat-tm-and-etm-i-3dad614c
pending-review,2007,Integrated analysis of socio-economic and environmental statistics towards development of coupled economy-environment indicators for Fiji and Samoa,Ariel C. Blanco,"CB Ariel, A Blanco, K NADAOKA","Abstracts, 21st Pacific Science Congress, Okinawa, Japan, 285",,urban-sustainable-systems,,none,source-supported,clean-for-review,integrated-analysis-of-socio-economic-and-environmental-statistics-towards-dev-595c86ae
pending-review,2007,Integrated socio-environmental investigation of water quality condition in Puerto Galera: The Decision Supported System Development,Ariel C. Blanco,"T Pokavanich, K NADAOKA, CB Ariel, A Blanco, MC Rubio","Abstract, 21st Pacific Science Congress, Okinawa, Japan, 78",,water-air-environmental-quality,geovisualization-decision-support,none,source-supported,clean-for-review,integrated-socio-environmental-investigation-of-water-quality-condition-in-pue-3534261f
pending-review,2007,"Spatial and temporal distribution composition of nutrients, microalgae and CDOM in Shiraoh reef, ishigaki island",Ariel C. Blanco,"B Ariel, A Blanco, K Nadaoka, T Yamamoto",Abstracts of the Japan Geoscience Union Meeting 2007 [CD],,coastal-marine-systems|water-air-environmental-quality,,none,source-supported,clean-for-review,spatial-and-temporal-distribution-composition-of-nutrients-microalgae-and-cdom-5e145ef6
pending-review,2007,"Water balance analysis of Laguna de Bay, Philippines with focus on lake-water use and salinity intrusion",Ariel C. Blanco,"H EUGENE, EC HERRERA, K NADAOKA, CB Ariel, A Blanco","Abstracts of the Japan Geoscience Union Meeting 2007,[CD]",,water-air-environmental-quality,,none,source-supported,clean-for-review,water-balance-analysis-of-laguna-de-bay-philippines-with-focus-on-lake-water-u-13ecf836
pending-review,2008,"Comprehensive circulation and water quality investigation of the coastal lagoon: Puerto Galera, The Philippines",Ariel C. Blanco,"T Pokavanich, K Nadaoka, AC Blanco",Proceedings of 8th International Conference on Hydro-science and Engineering …,,coastal-marine-systems|water-air-environmental-quality,,none,source-supported,clean-for-review,comprehensive-circulation-and-water-quality-investigation-of-the-coastal-lagoo-7aa94dd8
pending-review,2008,"Planktonic and benthic microalgal community composition as indicators of terrestrial influence on a fringing reef in Ishigaki Island, Southwest Japan",Ariel C. Blanco,"AC Blanco, K Nadaoka, T Yamamoto","Marine Environmental Research 66 (5), 520-535",,coastal-marine-systems,,none,source-supported,clean-for-review,planktonic-and-benthic-microalgal-community-composition-as-indicators-of-terre-80546387
pending-review,2009,"Assessment of Philippine Coastal Vulnerability to Sea Level Rise Using RS and GIS: A Case Study of Bolinao, Pangasinan",Ariel C. Blanco,"SRC Reyes, AC Blanco",Philippine Engineering Journal 30 (2),,climate-hazards-resilience|coastal-marine-systems,gis-spatial-analytics,none,source-supported,clean-for-review,assessment-of-philippine-coastal-vulnerability-to-sea-level-rise-using-rs-and-a026c99f
pending-review,2010,"A comprehensive assessment of terrestrial loadings and their influence on a fringing reef in Ishigaki Island, Okinawa, Japan",Ariel C. Blanco,"AC BLANCO, K NADAOKA, T YAMAMOTO, A WATANABE, K KINJO, ...","Asian and Pacific Coasts 2009: (In 4 Volumes, with CD-ROM), 228-235",10.1142/9789814287951_0167,coastal-marine-systems,,none,verified,conflicting source titles,a-comprehensive-assessment-of-terrestrial-loadings-and-their-influence-on-a-fr-0ae8d66e
pending-review,2010,"Dynamic evolution of nutrient discharge under stormflow and baseflow conditions in a coastal agricultural watershed in Ishigaki Island, Okinawa, Japan",Ariel C. Blanco,"AC Blanco, K Nadaoka, T Yamamoto, K Kinjo","Hydrological Processes 24 (18), 2601-2616",,coastal-marine-systems|ecosystems-biodiversity-land-change|water-air-environmental-quality,,none,source-supported,clean-for-review,dynamic-evolution-of-nutrient-discharge-under-stormflow-and-baseflow-condition-781ae7d6
pending-review,2010,"Remote sensing and GIS-based assessment of coastal vulnerability of Bolinao, Pangasinan to sea level rise",Ariel C. Blanco,"SRC Reyes, AC Blanco",,,climate-hazards-resilience|coastal-marine-systems,earth-observation-remote-sensing|gis-spatial-analytics,none,source-supported,clean-for-review,remote-sensing-and-gis-based-assessment-of-coastal-vulnerability-of-bolinao-pa-e362e20b
pending-review,2010,"Roles of sporadic intrusion of outer sea water in water exchange and water quality variations in the coastal lagoon of puerto galera, philippines",Ariel C. Blanco,"T Pokavanich, K Nadaoka, AC Blanco","Asian and Pacific Coasts 2009: (In 4 Volumes, with CD-ROM), 232-238",,coastal-marine-systems|water-air-environmental-quality,,none,source-supported,clean-for-review,roles-of-sporadic-intrusion-of-outer-sea-water-in-water-exchange-and-water-qua-f12c2d60
pending-review,2011,"A partnership for sustainable lake environment: collaborative monitoring and research on Laguna de Bay, Philippines, for management of resource use and ecosystem conservation",Ariel C. Blanco,"EC Herrera, K Nadaoka, AC Blanco, EC Hernandez","Lakes & Reservoirs: Research & Management 16 (2), 137-148",10.1111/j.1440-1770.2011.00449.x,,,none,verified,clean-for-review,a-partnership-for-sustainable-lake-environment-collaborative-monitoring-and-re-1f55a6ce
pending-review,2011,ADVANCED SYSTEMS FOR DETECTION OF TOXIC SUBSTANCES. TOWARDS A MORE ECO-EFFICIENT AIRCRAFT,Ariel C. Blanco,"C Cruz, JP Santos, M Aleixandre, A Blanco, MC Horrillo",,,,,none,source-supported,clean-for-review,advanced-systems-for-detection-of-toxic-substances-towards-a-more-eco-efficien-4989e592
pending-review,2011,Estimation of nearshore groundwater discharge and its potential effects on a fringing coral reef,Ariel C. Blanco,"AC Blanco, A Watanabe, K Nadaoka, S Motooka, EC Herrera, ...","Marine pollution bulletin 62 (4), 770-785",,coastal-marine-systems|water-air-environmental-quality,,none,source-supported,clean-for-review,estimation-of-nearshore-groundwater-discharge-and-its-potential-effects-on-a-f-dfbb376c
pending-review,2012,"Assessment of coastal vulnerability to sea level rise of Bolinao, Pangasinan using remote sensing and geographic information systems",Ariel C. Blanco,"SRC Reyes, AC Blanco","The International Archives of the Photogrammetry, Remote Sensing and Spatial …",,climate-hazards-resilience|coastal-marine-systems,earth-observation-remote-sensing,none,source-supported,clean-for-review,assessment-of-coastal-vulnerability-to-sea-level-rise-of-bolinao-pangasinan-us-63e12e19
pending-review,2012,"Assessment of coastal vulnerability to sea level rise using remote sensing (RS) and geographic information systems (GIS): a case study of Bolinao, Pangasinan, Philippines",Ariel C. Blanco,"SR Reyes, AC Blanco","Asian and Pacific Coasts 2011, 377-384",,climate-hazards-resilience|coastal-marine-systems,earth-observation-remote-sensing|gis-spatial-analytics,none,source-supported,clean-for-review,assessment-of-coastal-vulnerability-to-sea-level-rise-using-remote-sensing-rs-1f8cacfa
pending-review,2012,"Climate Change Impact Assessment on Soil Loss Rate in a Large River Basin Using SWAT Model, RS and GIS",Ariel C. Blanco,"JA PRINCIPE, AC BLANCO",,,climate-hazards-resilience,environmental-spatial-modeling|gis-spatial-analytics,none,source-supported,clean-for-review,climate-change-impact-assessment-on-soil-loss-rate-in-a-large-river-basin-usin-f9b44869
pending-review,2012,Extraction of benthic cover information from video tows and photographs using object-based image analysis,Ariel C. Blanco,"MTL Estomata, AC Blanco, K Nadaoka, ECM Tomoling","The International Archives of the Photogrammetry, Remote Sensing and Spatial …",,coastal-marine-systems,earth-observation-remote-sensing,none,source-supported,clean-for-review,extraction-of-benthic-cover-information-from-video-tows-and-photographs-using-cdddf666
pending-review,2012,INTEGRATED USE OF ELECTRICAL RESISTANCE TOMOGRAPHY AND RADON MONITORING FOR CHARACTERIZING SUBMARINE GROUNDWATER DISCHARGE DYNAMICS IN A FRINGING REEF,Ariel C. Blanco,"AC BLANCO, K NADAOKA, A WATANABE","Asian And Pacific Coasts 2011, 1102-1109",,coastal-marine-systems|water-air-environmental-quality,,none,source-supported,clean-for-review,integrated-use-of-electrical-resistance-tomography-and-radon-monitoring-for-ch-05865674
pending-review,2012,"Integrated use of remote sensing, GIS and swat model to explore climate change effects on river discharge in the Cagayan river Basin and land cover-based adaptation measures",Ariel C. Blanco,"JA Principe, AC Blanco","Proceedings of the 33rd Asian Conference on Remote Sensing, 1509-1518",,climate-hazards-resilience|ecosystems-biodiversity-land-change,earth-observation-remote-sensing|environmental-spatial-modeling|gis-spatial-analytics,none,source-supported,clean-for-review,integrated-use-of-remote-sensing-gis-and-swat-model-to-explore-climate-change-dea1dba8
pending-review,2012,Key biodiversity areas in the Philippines: priorities for conservation,Margaux Angelica A. Cruz,"RGR Ambal, MV Duya, MA Cruz, OG Coroza, SG Vergara, N de Silva, ...","Journal of Threatened Taxa 4 (8), 2788-2796",,ecosystems-biodiversity-land-change,,none,source-supported,clean-for-review,key-biodiversity-areas-in-the-philippines-priorities-for-conservation-2012-186d6812
pending-review,2012,Sediment discharge from an agricultural watershed: investigating the influence of land-cover fragmentation using the GSSHA model,Ariel C. Blanco,"AC BLANCO, K NADAOKA, MCR PARINGIT","IAHS-AISH publication, 271-275",,ecosystems-biodiversity-land-change,environmental-spatial-modeling,none,source-supported,clean-for-review,sediment-discharge-from-an-agricultural-watershed-investigating-the-influence-6cf2e887
pending-review,2013,EVALUATING MEAN SEA LEVEL ANOMALIES FOR THE PHILIPPINES USING SATELLITE ALTIMETRY DATA AND GEOGRAPHIC INFORMATION SYSTEMS (GIS),Ariel C. Blanco,"SRC REYES, AC BLANCO",,,coastal-marine-systems,earth-observation-remote-sensing|gis-spatial-analytics,none,source-supported,clean-for-review,evaluating-mean-sea-level-anomalies-for-the-philippines-using-satellite-altime-72982352
pending-review,2013,"IMPROVED CLASSIFICATION OF MODERATE RESOLUTION SATELLITE IMAGE USING BAND RATIO, NBAI AND PC TRANSFORM",Ariel C. Blanco,"JA Principe, AC Blanco, T Yamamoto, K Nadaoka",,,,earth-observation-remote-sensing|geoai-spatial-data-science,none,source-supported,clean-for-review,improved-classification-of-moderate-resolution-satellite-image-using-band-rati-ca0eaf82
pending-review,2013,"Mapping of seagrass and other benthic habitats in Bolinao, Pangasinan using Worldview-2 satellite image",Ariel C. Blanco|Ayin M. Tamondong,"AM Tamondong, AC Blanco, MD Fortes, K Nadaoka","2013 IEEE International Geoscience and Remote Sensing Symposium-IGARSS, 1579 …",10.1109/igarss.2013.6723091,coastal-marine-systems|ecosystems-biodiversity-land-change,earth-observation-remote-sensing,none,source-supported,clean-for-review,mapping-of-seagrass-and-other-benthic-habitats-in-bolinao-pangasinan-using-wor-19106cde
pending-review,2013,Phenological Changes in Alaminos and Bani Watersheds Derived Using MODIS Data: Indications of Salinity Intrusion,Ariel C. Blanco,"R Sith, AC Blanco",,,ecosystems-biodiversity-land-change|water-air-environmental-quality,earth-observation-remote-sensing,none,source-supported,clean-for-review,phenological-changes-in-alaminos-and-bani-watersheds-derived-using-modis-data-f2c36ea3
pending-review,2013,Seasonal variability of water quality around patch reefs inside a lagoon from its interaction with outer sea,Ariel C. Blanco,"T POKAVANICH, T YAMAMOTO, K NADAOKA, AC BLANCO","Galaxea, Journal of Coral Reef Studies 15 (Supplement), 54-59",,coastal-marine-systems|water-air-environmental-quality,,none,source-supported,clean-for-review,seasonal-variability-of-water-quality-around-patch-reefs-inside-a-lagoon-from-24a3a297
pending-review,2013,Spatiotemporal variations in CO2 flux in a fringing reef simulated using a novel carbonate system dynamics model,Ariel C. Blanco,"A Watanabe, T Yamamoto, K Nadaoka, Y Maeda, T Miyajima, Y Tanaka, ...","Coral Reefs 32 (1), 239-254",,coastal-marine-systems|water-air-environmental-quality,environmental-spatial-modeling|gis-spatial-analytics,none,source-supported,clean-for-review,spatiotemporal-variations-in-co2-flux-in-a-fringing-reef-simulated-using-a-nov-c8064ef1
pending-review,2013,Swat Model for Assessment of Climate Change and Land Use/Land Cover Change Impact on Philippine Soil Loss and Exploration of Land Cover-Based Mitigation Measures: Case of Cagayan,Ariel C. Blanco,"J Principe, A Blanco","ASEAN Eng. J. Part C 3, 104",,climate-hazards-resilience|ecosystems-biodiversity-land-change,environmental-spatial-modeling,none,source-supported,clean-for-review,swat-model-for-assessment-of-climate-change-and-land-use-land-cover-change-imp-bfef776d
pending-review,2014,3DGIS-based multi-agent geosimulation and visualization of building evacuation using GAMA platform,Ariel C. Blanco,"EG Macatulad, AC Blanco","The International Archives of the Photogrammetry, Remote Sensing and Spatial …",,urban-sustainable-systems,environmental-spatial-modeling|geovisualization-decision-support|gis-spatial-analytics|lidar-photogrammetry-3d-geomatics,none,source-supported,clean-for-review,3dgis-based-multi-agent-geosimulation-and-visualization-of-building-evacuation-882b11a4
pending-review,2014,"A FRAMEWORK FOR ASSESSING RISK FROM NATURAL HAZARDS INCLUDING CLIMATE CHANGE FOR WATER, WASTEWATER AND SOLID WASTE SERVICES",Ariel C. Blanco,"L Magpili, G Louis, CA Pinto, J Henriquez, A Blanco, P Bishop",Proceedings of the International Annual Conference of the American Society …,,climate-hazards-resilience,,none,source-supported,clean-for-review,a-framework-for-assessing-risk-from-natural-hazards-including-climate-change-f-e5b67e9f
pending-review,2014,Assessment of water quality variations in San Juan River using GIS and multivariate statistical techniques,Ariel C. Blanco,"A Blanco, A Alarilla, R Dimalibot, M Bonga, E Paringit","ASEAN Engineering Journal Part C 2 (2), 24",,water-air-environmental-quality,gis-spatial-analytics,none,source-supported,clean-for-review,assessment-of-water-quality-variations-in-san-juan-river-using-gis-and-multiva-d43738e5
pending-review,2014,"Change in seagrass fractional cover in Bolinao and Anda, Philippines, derived from Landsat images",Ariel C. Blanco|Ayin M. Tamondong,"AC Blanco, A Tamondong, E Tagle, M Fortes, K Nadaoka","Proceedings of the 35th Asian Conference on Remote Sensing, ACRS",,coastal-marine-systems,earth-observation-remote-sensing,none,source-supported,clean-for-review,change-in-seagrass-fractional-cover-in-bolinao-and-anda-philippines-derived-fr-72368896
pending-review,2014,Coupling artificial neural networks and genetic algorithms in redesigning existing cities for flood resistance,Ariel C. Blanco,"GO Cruz, F Ballesteros Jr, A Blanco",ACHI,,climate-hazards-resilience,geoai-spatial-data-science,none,source-supported,clean-for-review,coupling-artificial-neural-networks-and-genetic-algorithms-in-redesigning-exis-911c9cd4
pending-review,2014,Development and Applications of an Integrated Decision Support System for realizing Sustainable Aquaculture and Coastal Ecosystem in Bolinao and its surrounding areas,Ariel C. Blanco,"CB Ariel, A Blanco, M Yoshikai, T Tsuchiya, K NADAOKA, A Watanabe, ...",(No Title),,coastal-marine-systems,geovisualization-decision-support,none,source-supported,clean-for-review,development-and-applications-of-an-integrated-decision-support-system-for-real-025efd31
pending-review,2014,FEATURE CLASSIFICATION USING SUPERVISED CLASSIFICATION SUPPORT VECTOR MACHINES,Ariel C. Blanco,"TAM Rollan, MV Jerez, AC Blanco",,,,geoai-spatial-data-science,none,source-supported,clean-for-review,feature-classification-using-supervised-classification-support-vector-machines-fed1adbe
pending-review,2014,"Geovisualization of Land Use and Zoning Ordinances in Boracay Island, Malay, Aklan",Ariel C. Blanco,"CB Ariel, A Blanco, K NADAOKA",(No Title),,ecosystems-biodiversity-land-change,geovisualization-decision-support,none,source-supported,clean-for-review,geovisualization-of-land-use-and-zoning-ordinances-in-boracay-island-malay-akl-48ff746a
pending-review,2015,"A multi-scale approach for benthic habitat mapping of shallow water region of Guiuan, Eastern Samar using a 4-band high resolution WorldView-2 satellite image using object-based image analysis",Ayin M. Tamondong,"MSP Estabillo, AM Tamondong",36th Asian Conference on Remote Sensing Philippines2015,,coastal-marine-systems|ecosystems-biodiversity-land-change,earth-observation-remote-sensing,none,source-supported,clean-for-review,a-multi-scale-approach-for-benthic-habitat-mapping-of-shallow-water-region-of-1a90250a
pending-review,2015,Combining Watershed Transformation and Local Maxima Approach in Developing a Tree Detection and Counting Methodology using Object-Based Image Analysis,Ariel C. Blanco,"TA ROLLAN, C CARRANZA, M JEREZ, A BLANCO",Proceedings of South East Asian Survey Congress,,ecosystems-biodiversity-land-change,earth-observation-remote-sensing,none,source-supported,clean-for-review,combining-watershed-transformation-and-local-maxima-approach-in-developing-a-t-0f499afb
pending-review,2015,Development of the Philippine Hydrologic Dataset (PHD) from LiDAR and other remotely-sensed data,Ariel C. Blanco,"AMC Perez, MC Gaspa, DS Aloc, MAP Mahor, KAC Gonzalez, ...",Earth Resources and Environmental Remote Sensing/GIS Applications VI 9644 …,,,lidar-photogrammetry-3d-geomatics,none,source-supported,clean-for-review,development-of-the-philippine-hydrologic-dataset-phd-from-lidar-and-other-remo-f661fea6
pending-review,2015,Evaluation of Canny Edge Detection and Muti-Threshold Segmentation Technique for Precise Mapping and Inventory of Aquaculture Ponds in Coastal Areas,Ayin M. Tamondong,"RV Peralta, AM Tamondong",,,coastal-marine-systems,,none,source-supported,clean-for-review,evaluation-of-canny-edge-detection-and-muti-threshold-segmentation-technique-f-8ca1fd17
pending-review,2015,"GEOSTATISTICAL ANALYSIS OF WATER QUALITY IN BOLINAO, PANGASINAN",Ariel C. Blanco,"RV Ramos, AC Blanco",,,water-air-environmental-quality,gis-spatial-analytics,none,source-supported,clean-for-review,geostatistical-analysis-of-water-quality-in-bolinao-pangasinan-2015-df91c8bc
pending-review,2015,"Hydrodynamic investigation of a shallow tropical lake environment (Laguna Lake, Philippines) and associated implications for eutrophic vulnerability",Ariel C. Blanco,"E Herrera, K Nadaoka, A Blanco, E Hernandez","ASEAN Engineering Journal 4 (1), 48-62",,climate-hazards-resilience,environmental-spatial-modeling,none,source-supported,clean-for-review,hydrodynamic-investigation-of-a-shallow-tropical-lake-environment-laguna-lake-1a41c342
pending-review,2015,LIGHT DETECTION AND RANGING (LIDAR) DATA PROCESSING AND CLASSIFICATION FOR BATHYMETRIC DEM GENERATION OF PHILIPPINE SHALLOW WATERS,Jommer M. Medina,"JM Medina, JF Prieto, SJD Samalburo, MRCO Ang",,,coastal-marine-systems,geoai-spatial-data-science|lidar-photogrammetry-3d-geomatics,none,source-supported,clean-for-review,light-detection-and-ranging-lidar-data-processing-and-classification-for-bathy-f90e020b
pending-review,2015,"MANGROVE FOREST EXTENT MAPPING IN SIARGAO ISLAND, SURIGAO DEL NORTE, PHILIPPINES USING SUPPORT VECTOR MACHINE (SVM) CLASSIFICATION",Ariel C. Blanco,"G Al Jayson, AB Baloloy, AC Blanco, LT David",,,coastal-marine-systems|ecosystems-biodiversity-land-change,geoai-spatial-data-science,none,source-supported,clean-for-review,mangrove-forest-extent-mapping-in-siargao-island-surigao-del-norte-philippines-37448696
pending-review,2015,Mangrove forest extent mapping in Southwestern Luzon using 2015 landsat imagery,Ayin M. Tamondong,"AJ Songcuan, AB Baloloy, AC Blanco, LT David, GA Go, IE Cadalzo, ...","Proceedings of the 36th Asian Conference on RS (ACRS), Quezon City …",,coastal-marine-systems|ecosystems-biodiversity-land-change,earth-observation-remote-sensing,possible-duplicate,source-supported,unresolved possible-duplicate,mangrove-forest-extent-mapping-in-southwestern-luzon-using-2015-landsat-imager-569f6518
pending-review,2015,"MULTI-AGENT GEO-SIMULATION OF BUILDING EVACUATION FROM 3DGIS DATASET OF MELCHOR HALL, UP DILIMAN",Ariel C. Blanco,AC Blanco,11th Engineering Research and Development for Technology Conference,,urban-sustainable-systems,environmental-spatial-modeling|gis-spatial-analytics|lidar-photogrammetry-3d-geomatics,none,source-supported,clean-for-review,multi-agent-geo-simulation-of-building-evacuation-from-3dgis-dataset-of-melcho-3dd4644c
pending-review,2015,Object-Based Image Analysis for Benthic Habitat Mapping using LiDAR Derivatives,Ayin M. Tamondong,"IE CADALZO, C CRUZ, GA GO, A TAMONDONG",,,coastal-marine-systems|ecosystems-biodiversity-land-change,earth-observation-remote-sensing|lidar-photogrammetry-3d-geomatics,none,source-supported,clean-for-review,object-based-image-analysis-for-benthic-habitat-mapping-using-lidar-derivative-f688a4e2
pending-review,2015,Object-based image analysis for mangroves extraction using LIDAR datasets and orthophoto,Ayin M. Tamondong,"RL Jalbuena, RV Peralta, AM Tamondong",Asian Association on Remote Sensing,,coastal-marine-systems,earth-observation-remote-sensing|lidar-photogrammetry-3d-geomatics,none,source-supported,clean-for-review,object-based-image-analysis-for-mangroves-extraction-using-lidar-datasets-and-65061e15
pending-review,2015,The Phil-LiDAR 2 program: National resource inventory of the Philippines using LiDAR and other remotely sensed data,Ariel C. Blanco|Ayin M. Tamondong,"AC Blanco, AM Tamondong, AMC Perez, M Ang, EC Paringit","The International Archives of the Photogrammetry, Remote Sensing and Spatial …",10.5194/isprsarchives-xl-7-w3-1123-2015,,lidar-photogrammetry-3d-geomatics,none,source-supported,clean-for-review,the-phil-lidar-2-program-national-resource-inventory-of-the-philippines-using-c42abbf8
pending-review,2015,The Phil-LiDAR 2 Program: National resource inventory of the Philippines using LiDAR and other remotely sensed Data. The International Archives of the Photogrammetry,Ayin M. Tamondong,"AC Blanco, AM Tamondong, AMC Perez, M Ang, EC Paringit","Remote Sensing and Spatial Information Sciences, XL-7-W3, 1123-1127",,,lidar-photogrammetry-3d-geomatics,none,source-supported,clean-for-review,the-phil-lidar-2-program-national-resource-inventory-of-the-philippines-using-61ba2bf3
pending-review,2016,A framework for capacity building in mapping coastal resources using remote sensing in the Philippines,Ariel C. Blanco|Ayin M. Tamondong,"A Tamondong, C Cruz, T Ticman, R Peralta, GA Go, M Vergara, ...","The International Archives of the Photogrammetry, Remote Sensing and Spatial …",10.5194/isprsarchives-xli-b6-149-2016,coastal-marine-systems|urban-sustainable-systems,earth-observation-remote-sensing,none,source-supported,clean-for-review,a-framework-for-capacity-building-in-mapping-coastal-resources-using-remote-se-58429141
pending-review,2016,An agent-based approach to modeling poverty in the Philippines,Ariel C. Blanco,"L Marquez, A Blanco, E Robles, J Ornos, M Marquez",,,urban-sustainable-systems,environmental-spatial-modeling,none,source-supported,clean-for-review,an-agent-based-approach-to-modeling-poverty-in-the-philippines-2016-70f113a1
pending-review,2016,"Assessment of point cloud analysis in improving object-based agricultural land cover classification using discrete LIDAR data in Cabadbaran, Agusan del Norte, Philippines",Ariel C. Blanco,"TAM Rollan, AC Blanco",6th International Conference on Geographic Object-Based Image Analysis …,,ecosystems-biodiversity-land-change,geoai-spatial-data-science|lidar-photogrammetry-3d-geomatics,none,source-supported,clean-for-review,assessment-of-point-cloud-analysis-in-improving-object-based-agricultural-land-8b3080a6
pending-review,2016,Automated calculation of cloud cover from rgb composite of landsat 8 and diwata-1 satellite imagery,Ayin M. Tamondong,"MET Amado, A Tamondong",,,,earth-observation-remote-sensing,none,source-supported,clean-for-review,automated-calculation-of-cloud-cover-from-rgb-composite-of-landsat-8-and-diwat-3907b005
pending-review,2016,"DESIGN OF A FREE AND OPEN SOURCE DATA PROCESSING, ARCHIVING, AND DISTRIBUTION SUBSYSTEM FOR THE GROUND RECEIVING STATION OF THE PHILIPPINE SCIENTIFIC EARTH OBSERVATION MICRO-SATELLITE",Ayin M. Tamondong,"RKD Aranas, BJD Jiao, BJP Magallon, MKF Ramos, JA Amado, ...","The International Archives of the Photogrammetry, Remote Sensing and Spatial …",10.5194/isprs-archives-XLI-B7-909-2016,,earth-observation-remote-sensing,none,verified,clean-for-review,design-of-a-free-and-open-source-data-processing-archiving-and-distribution-su-22dc5ef8
pending-review,2016,Elucidating factors of seagrass fractional cover change using spatial regression,Ariel C. Blanco,AC BLANCO,Proceedings of the 7th ASEAN Environmental Engineering Conference,,coastal-marine-systems,gis-spatial-analytics,none,source-supported,clean-for-review,elucidating-factors-of-seagrass-fractional-cover-change-using-spatial-regressi-e289c38b
pending-review,2016,Georeferencing UAS derivatives through point cloud registration with archived lidar datasets,Ariel C. Blanco,"M Magtalas, JCL Aves, AC Blanco","ISPRS Annals of the Photogrammetry, Remote Sensing and Spatial Information …",,,gis-spatial-analytics|lidar-photogrammetry-3d-geomatics,none,source-supported,clean-for-review,georeferencing-uas-derivatives-through-point-cloud-registration-with-archived-0a6e97cf
pending-review,2016,"Landsat-based detection and severity analysis of burned sugarcane plots in tarlac, philippines using differenced normalized burn ratio (dNBR)",Ariel C. Blanco,"AB Baloloy, AC Blanco, BS Gana, LC Olalia","The International Archives of the Photogrammetry, Remote Sensing and Spatial …",,ecosystems-biodiversity-land-change,earth-observation-remote-sensing,none,source-supported,clean-for-review,landsat-based-detection-and-severity-analysis-of-burned-sugarcane-plots-in-tar-4fbd47f7
pending-review,2016,"Mangrove classification through the use of object oriented classification and support vector machine of lidar datasets: a case study in Naawan and Manticao, Misamis Oriental, Philippines",Ayin M. Tamondong,"RL Jalbuena, RV Peralta, AM Tamondong",Earth Resources and Environmental Remote Sensing/GIS Applications VII 10005 …,10.1117/12.2241964,coastal-marine-systems,geoai-spatial-data-science|lidar-photogrammetry-3d-geomatics,none,verified,clean-for-review,mangrove-classification-through-the-use-of-object-oriented-classification-and-086c2c9d
pending-review,2016,Mapping of coral reefs using the combined bathymetric lidar and CASI datasets (Conference Presentation),Ayin M. Tamondong,"CA Cruz, AM Tamondong, GA Go","Remote Sensing of the Ocean, Sea Ice, Coastal Waters, and Large Water …",,coastal-marine-systems,lidar-photogrammetry-3d-geomatics,none,source-supported,clean-for-review,mapping-of-coral-reefs-using-the-combined-bathymetric-lidar-and-casi-datasets-41d5d4fb
pending-review,2016,"Nationwide natural resource inventory of the Philippines using LiDAR: strategies, progress, and challenges",Ariel C. Blanco|Ayin M. Tamondong,"AC Blanco, A Tamondong, AM Perez, MRC Ang, E Paringit, R Alberto, ...","The International Archives of the Photogrammetry, Remote Sensing and Spatial …",10.5194/isprsarchives-xli-b6-105-2016,,lidar-photogrammetry-3d-geomatics,none,source-supported,clean-for-review,nationwide-natural-resource-inventory-of-the-philippines-using-lidar-strategie-96a9a411
pending-review,2016,RAPID ASSESSMENT OF SEAGRASS COVER CHANGE USING MIXTURE TUNED MATCHED FILTERING,Ariel C. Blanco|Ayin M. Tamondong,"AM Tamondong, AC Blanco, RR Quides",,,coastal-marine-systems,,none,source-supported,clean-for-review,rapid-assessment-of-seagrass-cover-change-using-mixture-tuned-matched-filterin-8e0d161b
pending-review,2016,Rs-Based Water Resources Inventory of the Philippines: Capacity Building Efforts for Nationwide Implementation,Ariel C. Blanco,"AMC Perez, RM De La Cruz, NT Olfindo, NJB Borlongan, MM Felicen, ...","The International Archives of the Photogrammetry, Remote Sensing and Spatial …",,urban-sustainable-systems,,none,source-supported,clean-for-review,rs-based-water-resources-inventory-of-the-philippines-capacity-building-effort-86bd5e8e
pending-review,2016,Seagrass Cover Change Mapping in the Bolinao-Anda Area,Ariel C. Blanco,"AC BLANCO, M Fortes, K NADAOKA",(No Title),,coastal-marine-systems,,none,source-supported,clean-for-review,seagrass-cover-change-mapping-in-the-bolinao-anda-area-2016-3b3648d4
pending-review,2016,"Species diversity of tropical seagrasses affect fish assemblage structures, around Santiago Island, Bolinao, northwestern Philippines",Ariel C. Blanco|Ayin M. Tamondong,"Y TANAKA, T Yorisue, K Honda, Y Nakamura, T Miyajima, GA Go, ...",,,coastal-marine-systems,,none,source-supported,clean-for-review,species-diversity-of-tropical-seagrasses-affect-fish-assemblage-structures-aro-7059f324
pending-review,2016,Using spatial point pattern analysis as supplement for object-based image classification of tree clusters,Ariel C. Blanco,"ELM Tanada, AC Blanco",6th International Conference on Geographic Object-Based Image Analysis …,,ecosystems-biodiversity-land-change,earth-observation-remote-sensing|geoai-spatial-data-science,none,source-supported,clean-for-review,using-spatial-point-pattern-analysis-as-supplement-for-object-based-image-clas-fd119470
pending-review,2017,"3d visualization of mangrove and aquaculture conversion in Banate Bay, Iloilo",Ayin M. Tamondong,"GA Domingo, MM Mallillin, AMC Perez, ARC Claridades, AM Tamondong","The International Archives of the Photogrammetry, Remote Sensing and Spatial …",10.5194/isprs-archives-xlii-4-w5-53-2017,coastal-marine-systems,geovisualization-decision-support|lidar-photogrammetry-3d-geomatics,none,source-supported,clean-for-review,3d-visualization-of-mangrove-and-aquaculture-conversion-in-banate-bay-iloilo-2-71aff7d3
pending-review,2017,"A dynamic model to assess mariculture-induced environmental impacts on seagrass beds along coasts of Bolinao and Anda, Philippines",Ariel C. Blanco,M Fortes,Japan Geoscience Union,,coastal-marine-systems,,none,source-supported,clean-for-review,a-dynamic-model-to-assess-mariculture-induced-environmental-impacts-on-seagras-4ed74e55
pending-review,2017,"Assessing the Vulnerability of Agricultural Crops to Riverine Floods in Kalibo, Philippines using Composite Index Method.",Ariel C. Blanco,"RP Jose, RJ Apura, DM dela Torre, AC Blanco, PKD Cruz, TAM Rollan, ...","GISTAM, 184-194",,climate-hazards-resilience|ecosystems-biodiversity-land-change,,none,source-supported,clean-for-review,assessing-the-vulnerability-of-agricultural-crops-to-riverine-floods-in-kalibo-36ca7aa4
pending-review,2017,"Combination of MODIS Vegetation Indices, GRACE Terrestrial Water Storage Changes, and In-Situ Measurements for Drought Assessment in Cagayan River Basin, Philippines",Ariel C. Blanco,"AMC Perez, AC Blanco","JNRD-Journal of Natural Resources and Development 7, 45-55",,climate-hazards-resilience|ecosystems-biodiversity-land-change,earth-observation-remote-sensing,none,source-supported,clean-for-review,combination-of-modis-vegetation-indices-grace-terrestrial-water-storage-change-3f36d25e
pending-review,2017,Comparative Assessment of Water Column Correction Techniques for Seagrass Mapping Using Worldview-2 Image,Ariel C. Blanco|Ayin M. Tamondong,"A Tamondong, A Blanco, M Fortes",Philippine Engineering Journal 38 (2),,coastal-marine-systems,earth-observation-remote-sensing,none,source-supported,clean-for-review,comparative-assessment-of-water-column-correction-techniques-for-seagrass-mapp-166ef66c
pending-review,2017,CREATING A SPECTRAL LIBRARY OF COASTAL RESOURCES IN THE PHILIPPINES,Ariel C. Blanco|Ayin M. Tamondong,"C Cruz, DM dela Torre, A Tamondong, A Blanco",,,coastal-marine-systems,,none,source-supported,clean-for-review,creating-a-spectral-library-of-coastal-resources-in-the-philippines-2017-92daf551
pending-review,2017,Development of Mapping Design for Agricultural Features Extracted from LiDAR Datasets.,Ariel C. Blanco,"NB Gatdula, MV Jerez, TAM Rollan, RP Jose, CDU Caranza, JA Laurente, ...","GISTAM, 276-283",,ecosystems-biodiversity-land-change,lidar-photogrammetry-3d-geomatics,none,source-supported,clean-for-review,development-of-mapping-design-for-agricultural-features-extracted-from-lidar-d-d0d6ebf8
pending-review,2017,"EXPLORING CLIMATE CHANGE EFFECTS ON WATERSHED SEDIMENT YIELD AND LAND COVER-BASED MITIGATION MEASURES USING SWAT MODEL, RS AND GIS: CASE OF CAGAYAN RIVER BASIN, PHILIPPINES",Ariel C. Blanco,"JA Principe, AC Blanco",宇宙からの地球環境・災害のモニタリングとリスク評価: 生研フォーラム論文集= Monitoring of …,,climate-hazards-resilience|ecosystems-biodiversity-land-change,environmental-spatial-modeling|gis-spatial-analytics,none,source-supported,clean-for-review,exploring-climate-change-effects-on-watershed-sediment-yield-and-land-cover-ba-7e56288c
pending-review,2017,EXTRACTION OF SEAGRASS BIOPHYSICAL PARAMETERS USING UNMANNED AERIAL SYSTEMS (UAS),Ayin M. Tamondong,"A Tamondong, AG Dalagan, LA Manasan, R Ramos",,,coastal-marine-systems,lidar-photogrammetry-3d-geomatics,none,source-supported,clean-for-review,extraction-of-seagrass-biophysical-parameters-using-unmanned-aerial-systems-ua-01a2b9f9
pending-review,2017,Feature extraction and descriptor calculation methods for automatic georeferencing of Philippines' first microsatellite imagery,Ayin M. Tamondong,"MEA Tupas, JA Dasallas, BJD Jiao, BJP Magallon, JNH Sempio, ...","Image and Signal Processing for Remote Sensing XXIII 10427, 450-458",10.1117/12.2278177,,earth-observation-remote-sensing,none,source-supported,clean-for-review,feature-extraction-and-descriptor-calculation-methods-for-automatic-georeferen-73f0f959
pending-review,2017,Mangrove Forest Extent Mapping in Southwestern Luzon Using 2015 Landsat Imagery,Ariel C. Blanco,A Blanco,,,coastal-marine-systems|ecosystems-biodiversity-land-change,earth-observation-remote-sensing,possible-duplicate,source-supported,unresolved possible-duplicate,mangrove-forest-extent-mapping-in-southwestern-luzon-using-2015-landsat-imager-12c515aa
pending-review,2017,Nationwide mapping of coastal resources in the Philippines using remote sensing,Ariel C. Blanco|Ayin M. Tamondong,"A Tamondong, C Cruz, KD Ticman, GA Go, R Peralta, MV Vergara, ...",Natural Resources Canada,,coastal-marine-systems,earth-observation-remote-sensing,none,source-supported,clean-for-review,nationwide-mapping-of-coastal-resources-in-the-philippines-using-remote-sensin-def124ae
pending-review,2017,Quality assessment and control of outputs of a nationwide agricultural land cover mapping program using LIDAR: PHIL-LIDAR 2 parmap experience,Ariel C. Blanco,"HM Pagkalinawan, NB Gatdula, RP Jose, TM Rollan, EM Tañada, ...","The International Archives of the Photogrammetry, Remote Sensing and Spatial …",,ecosystems-biodiversity-land-change,lidar-photogrammetry-3d-geomatics,none,source-supported,clean-for-review,quality-assessment-and-control-of-outputs-of-a-nationwide-agricultural-land-co-7078d826
pending-review,2017,Spectral discrimination of coral reef environment using derivative analysis,Ariel C. Blanco|Ayin M. Tamondong,"C Cruz, A Tamondong, KD Ticman, GA Go, R Peralta, MV Vergara, ...",Natural Resources Canada,,coastal-marine-systems,,none,source-supported,clean-for-review,spectral-discrimination-of-coral-reef-environment-using-derivative-analysis-20-5eaf5d28
pending-review,2018,3D Visualization of Building Interior using Omnidirectional Images,Ariel C. Blanco,"ARC Claridades, J Lee, AC Blanco",39th Asian Conference on Remote Sensing: Remote Sensing Enabling Prosperity …,,urban-sustainable-systems,earth-observation-remote-sensing|geovisualization-decision-support|lidar-photogrammetry-3d-geomatics,none,source-supported,clean-for-review,3d-visualization-of-building-interior-using-omnidirectional-images-2018-65769e81
pending-review,2018,A BLEND-THEN-INDEX METHOD OF FUSING LANDSAT AND MODIS SATELLITE IMAGES USING ENCHANCED SPATIAL AND TEMPORAL ADAPTIVE REFLECTANCE FUSION MODEL (ESTARFM),Ariel C. Blanco,"MER Tagle, MA Manalili, AC Blanco, DMLDX Zhu",,,,earth-observation-remote-sensing,none,source-supported,clean-for-review,a-blend-then-index-method-of-fusing-landsat-and-modis-satellite-images-using-e-07dd55d0
pending-review,2018,"Assessment of Landsat 8-based indices for water quality parameter estimation in Laguna de Bay, Philippines",Ariel C. Blanco|Jommer M. Medina,"KDV Ticman, JM Medina, EV Gubatanga, RL Jalbuena, JAS Santos, ...",Proceedings-39th Asian Conference on Remote Sensing: Remote Sensing Enabling …,,water-air-environmental-quality,earth-observation-remote-sensing,none,source-supported,clean-for-review,assessment-of-landsat-8-based-indices-for-water-quality-parameter-estimation-i-b4ab19ea
pending-review,2018,"Building construction progress monitoring using unmanned aerial system (UAS), low-cost photogrammetry, and geographic information system (GIS)",Ariel C. Blanco,"JR Bognot, CG Candido, AC Blanco, JRY Montelibano","ISPRS Annals of the Photogrammetry, Remote Sensing and Spatial Information …",,urban-sustainable-systems,gis-spatial-analytics|lidar-photogrammetry-3d-geomatics,none,source-supported,clean-for-review,building-construction-progress-monitoring-using-unmanned-aerial-system-uas-low-e27b47d6
pending-review,2018,Development of a Sentinel 2-Based Mangroves Zonation Mapping Workflow: Application in the Philippines and Japan,Ariel C. Blanco,"AC BLANCO, M Yoshikai, T Nakamura, K NADAOKA",(No Title),,coastal-marine-systems,earth-observation-remote-sensing|geovisualization-decision-support,none,source-supported,clean-for-review,development-of-a-sentinel-2-based-mangroves-zonation-mapping-workflow-applicat-bac77913
pending-review,2018,"ESTIMATION OF MANGROVE FOREST ABOVEGROUND BIOMASS USING MULTISPECTRAL BANDS, VEGETATION INDICES AND BIOPHYSICAL VARIABLES DERIVED FROM OPTICAL SATELLITE IMAGERIES: RAPIDEYE, PLANETSCOPE AND SENTINEL-2",Ariel C. Blanco,E Paringit,"ISPRS annals of the photogrammetry, remote sensing and spatial information …",10.5194/isprs-annals-IV-3-29-2018,coastal-marine-systems|ecosystems-biodiversity-land-change,earth-observation-remote-sensing,none,verified,clean-for-review,estimation-of-mangrove-forest-aboveground-biomass-using-multispectral-bands-ve-bc348dce
pending-review,2018,"ESTIMATION OF PM2.5 VERTICAL DISTRIBUTION USING CUSTOMIZED UAV AND MOBILE SENSORS IN BRGY. UP CAMPUS, DILIMAN, QUEZON CITY",Ayin M. Tamondong,"JB Babaan, JP Ballori, AM Tamondong, RV Ramos, PM Ostrea","The International Archives of the Photogrammetry, Remote Sensing and Spatial …",10.5194/isprs-archives-xlii-4-w9-89-2018,urban-sustainable-systems|water-air-environmental-quality,lidar-photogrammetry-3d-geomatics,none,source-supported,clean-for-review,estimation-of-pm2-5-vertical-distribution-using-customized-uav-and-mobile-sens-6cdd4907
pending-review,2018,"Land cover change and the use of SoilGrids data for assessing flash flood in Marikina river basin, The Philippines",Ariel C. Blanco,"DP Shrestha, BM Brebante, VG Jetten, E Herrera, AC Blanco, ...",AOGS-EGU Joint Conference: New Dimensions for Natural Hazards in Asia,,climate-hazards-resilience|ecosystems-biodiversity-land-change,,none,source-supported,clean-for-review,land-cover-change-and-the-use-of-soilgrids-data-for-assessing-flash-flood-in-m-f0efb855
pending-review,2018,Modelling above ground biomass of mangrove forest using Sentinel-1 imagery,Ariel C. Blanco,"RJL Argamosa, AC Blanco, AB Baloloy, CG Candido, JBLC Dumalag, ...","ISPRS Annals of the Photogrammetry, Remote Sensing and Spatial Information …",,coastal-marine-systems|ecosystems-biodiversity-land-change,earth-observation-remote-sensing|environmental-spatial-modeling,none,source-supported,clean-for-review,modelling-above-ground-biomass-of-mangrove-forest-using-sentinel-1-imagery-201-d463582e
pending-review,2018,Reef-scale modeling of coral calcification responses to ocean acidification and sea-level rise,Ariel C. Blanco,"T Nakamura, K Nadaoka, A Watanabe, T Yamamoto, T Miyajima, ...","Coral Reefs 37 (1), 37-53",,coastal-marine-systems,environmental-spatial-modeling,none,source-supported,clean-for-review,reef-scale-modeling-of-coral-calcification-responses-to-ocean-acidification-an-bd0b17b8
pending-review,2018,Remote sensing-based estimation of seagrass percent cover and LAI for above ground carbon sequestration mapping,Ariel C. Blanco|Ayin M. Tamondong,"A Tamondong, C Cruz, RR Quides, M Garcia, JA Cruz, J Guihawan, ...","Remote Sensing of the Open and Coastal Ocean and Inland Waters 10778, 1077803",10.1117/12.2324695,coastal-marine-systems,earth-observation-remote-sensing,none,source-supported,clean-for-review,remote-sensing-based-estimation-of-seagrass-percent-cover-and-lai-for-above-gr-9a49364e
pending-review,2018,Using omnidirectional images for semi-automatically generating IndoorGML data,Ariel C. Blanco,"AR Claridades, J Lee, A Blanco","Journal of the Korean Society of Surveying, Geodesy, Photogrammetry and …",,,earth-observation-remote-sensing|lidar-photogrammetry-3d-geomatics,none,source-supported,clean-for-review,using-omnidirectional-images-for-semi-automatically-generating-indoorgml-data-e78795fd
pending-review,2019,A 3DGIS multi-agent geo-simulation model for assessment of building evacuation scenarios considering urgency and knowledge of exits,Ariel C. Blanco,"EG Macatulad, AC Blanco","International Journal of Urban Sciences 23 (3), 318-334",,urban-sustainable-systems,environmental-spatial-modeling|gis-spatial-analytics|lidar-photogrammetry-3d-geomatics,none,source-supported,clean-for-review,a-3dgis-multi-agent-geo-simulation-model-for-assessment-of-building-evacuation-f7049bca
pending-review,2019,"ANALYSIS OF THE IMPACT OF VEGETATION DISTRIBUTION, URBANIZATION, AND SOLAR RADIATION ON THE SEASONAL VARIATION OF THE URBAN HEAT ISLAND EFFECT IN CEBU CITY USING LANDSAT AND GLOBAL HORIZONTAL IRRADIANCE DATA",Ariel C. Blanco,"SF Cañete, LL Schaap, R Andales, RES Otadoy, AC Blanco, J Babaan, ...","The International Archives of the Photogrammetry, Remote Sensing and Spatial …",10.5194/isprs-archives-XLII-4-W19-93-2019,climate-hazards-resilience|ecosystems-biodiversity-land-change|urban-sustainable-systems,earth-observation-remote-sensing,none,verified,clean-for-review,analysis-of-the-impact-of-vegetation-distribution-urbanization-and-solar-radia-80807fc1
pending-review,2019,"Assessment of Seagrass Percent Cover and Water Quality Using Uav Images and Field Measurements in Bolinao, Pangasinan",Ayin M. Tamondong,"M Guerrero, JAM Vivar, RV Ramos, AM Tamondong","The International Archives of the Photogrammetry, Remote Sensing and Spatial …",10.5194/isprs-archives-xlii-4-w19-233-2019,coastal-marine-systems|water-air-environmental-quality,earth-observation-remote-sensing|lidar-photogrammetry-3d-geomatics,none,source-supported,clean-for-review,assessment-of-seagrass-percent-cover-and-water-quality-using-uav-images-and-fi-37e635a6
pending-review,2019,Bio optical modelling of Laguna Lake using bomber tool and wasi-derived inverted parameters,Ariel C. Blanco,"RL Jalbuena, AC Blanco, A Manuel, RR Sta. Ana, JA Santos","The International Archives of the Photogrammetry, Remote Sensing and Spatial …",,,earth-observation-remote-sensing|environmental-spatial-modeling,none,source-supported,clean-for-review,bio-optical-modelling-of-laguna-lake-using-bomber-tool-and-wasi-derived-invert-246c95f8
pending-review,2019,"CANOPY COVER ESTIMATION FROM SATELLITE DATA FOR ACACIA MANGIUM PLANTATION BASAY, NEGROS ORIENTAL",Ayin M. Tamondong,"FAM Tandoc, CJS Sarmiento, EC Paringit, AM Tamondong, FJO Pamittan, ...","The International Archives of the Photogrammetry, Remote Sensing and Spatial …",10.5194/isprs-archives-xlii-4-w19-421-2019,ecosystems-biodiversity-land-change,earth-observation-remote-sensing,none,source-supported,clean-for-review,canopy-cover-estimation-from-satellite-data-for-acacia-mangium-plantation-basa-8306e08f
pending-review,2019,"Chlorophyll-a concentration retrieval using convolutional neural networks in Laguna Lake, Philippines",Ariel C. Blanco,"MA Syariz, CH Lin, AC Blanco","The International Archives of the Photogrammetry, Remote Sensing and Spatial …",,water-air-environmental-quality,geoai-spatial-data-science,none,source-supported,clean-for-review,chlorophyll-a-concentration-retrieval-using-convolutional-neural-networks-in-l-6ff91d79
pending-review,2019,Correlation of UAV-based multispectral vegetation indices and leaf color chart observations for nitrogen concentration assessment on rice crops,Ayin M. Tamondong,"CM Bacsa, RM Martorillas, LP Balicanta, AM Tamondong","The International Archives of the Photogrammetry, Remote Sensing and Spatial …",10.5194/isprs-archives-xlii-4-w19-31-2019,ecosystems-biodiversity-land-change,earth-observation-remote-sensing|lidar-photogrammetry-3d-geomatics,none,source-supported,clean-for-review,correlation-of-uav-based-multispectral-vegetation-indices-and-leaf-color-chart-6362912a
pending-review,2019,Estimation of chlorophyll-a concentration in Laguna de Bay using Sentinel-3 satellite data,Ariel C. Blanco|Ayin M. Tamondong,"M Conopio, RK Japor, AC Blanco, AM Tamondong","The International Archives of the Photogrammetry, Remote Sensing and Spatial …",10.5194/isprs-archives-xlii-4-w19-125-2019,water-air-environmental-quality,earth-observation-remote-sensing,none,source-supported,clean-for-review,estimation-of-chlorophyll-a-concentration-in-laguna-de-bay-using-sentinel-3-sa-539d3c47
pending-review,2019,Estimation of chlorophyll-a concentration in Sampaloc Lake using Uas multispectral remote sensing and regression analysis,Ariel C. Blanco,"RMG Maravilla, JP Quinalayo, AC Blanco, CG Candido, EV Gubatanga, ...","The International Archives of the Photogrammetry, Remote Sensing and Spatial …",,water-air-environmental-quality,earth-observation-remote-sensing|lidar-photogrammetry-3d-geomatics,none,source-supported,clean-for-review,estimation-of-chlorophyll-a-concentration-in-sampaloc-lake-using-uas-multispec-c37d299b
pending-review,2019,"Geospatial and Clustering Analysis of dengue cases using self-organizing maps: case of Quezon City, 2010–2015",Ariel C. Blanco,"JJ Valles, C Perez, AC Blanco","The International Archives of the Photogrammetry, Remote Sensing and Spatial …",,urban-sustainable-systems,geoai-spatial-data-science|gis-spatial-analytics,none,source-supported,clean-for-review,geospatial-and-clustering-analysis-of-dengue-cases-using-self-organizing-maps-0b15e330
pending-review,2019,"Geospatial assessment and modeling of urban heat islands in Quezon City, Philippines using ols and geographically weighted regression",Ariel C. Blanco|John Emmanuel D. Escoto,"CA Alcantara, JD Escoto, AC Blanco, AB Baloloy, JA Santos","The International Archives of the Photogrammetry, Remote Sensing and Spatial …",,climate-hazards-resilience|urban-sustainable-systems,environmental-spatial-modeling|gis-spatial-analytics,none,source-supported,clean-for-review,geospatial-assessment-and-modeling-of-urban-heat-islands-in-quezon-city-philip-7a4ded74
pending-review,2019,Geospatial assessment of vulnerabilities of croplands to flooding risks: A case study of Philippine river basins,Ariel C. Blanco,"DMG Dela Torre, PKA Dela Cruz, RP Jose, NB Gatdula, AC Blanco","The International Archives of the Photogrammetry, Remote Sensing and Spatial …",,climate-hazards-resilience|ecosystems-biodiversity-land-change,gis-spatial-analytics,none,source-supported,clean-for-review,geospatial-assessment-of-vulnerabilities-of-croplands-to-flooding-risks-a-case-51c1371b
pending-review,2019,"Geostatistics for air quality mapping: Case of Baguio City, Philippines",Ariel C. Blanco,"RV Ramos, AC Blanco","The International Archives of the Photogrammetry, Remote Sensing and Spatial …",,urban-sustainable-systems|water-air-environmental-quality,gis-spatial-analytics,none,source-supported,clean-for-review,geostatistics-for-air-quality-mapping-case-of-baguio-city-philippines-2019-6f6b0e60
pending-review,2019,Gis-Assisted Rain-Induced Landslide Susceptibility Mapping of Benguet Using a Logistic Regression Model,Ariel C. Blanco,"MN Cruz, KC Medina, AS Cabriga, F Mendoza, AC Blanco","The International Archives of the Photogrammetry, Remote Sensing and Spatial …",,climate-hazards-resilience,environmental-spatial-modeling|gis-spatial-analytics,none,source-supported,clean-for-review,gis-assisted-rain-induced-landslide-susceptibility-mapping-of-benguet-using-a-43d54ed1
pending-review,2019,GIS-based mapping of local climate zones using fuzzy logic and cellular automata,Ariel C. Blanco|John Emmanuel D. Escoto,"I Estacio, J Babaan, NJ Pecson, AC Blanco, JE Escoto, CK Alcantara","The International Archives of the Photogrammetry, Remote Sensing and Spatial …",,climate-hazards-resilience,geoai-spatial-data-science|gis-spatial-analytics,none,source-supported,clean-for-review,gis-based-mapping-of-local-climate-zones-using-fuzzy-logic-and-cellular-automa-3d043db6
pending-review,2019,Historical and current distribution of mangroves in the Philippines: spatio-temporal analysis,Ariel C. Blanco,"AB Baloloy, AC Blanco",,,coastal-marine-systems,gis-spatial-analytics,none,source-supported,clean-for-review,historical-and-current-distribution-of-mangroves-in-the-philippines-spatio-tem-7a93061d
pending-review,2019,"Hydropower dam site selection and visualization using GIS and RS techniques: a case of Marinduque, Philippines",Ariel C. Blanco,"RMA Fesalbon, AC Blanco","The International Archives of the Photogrammetry, Remote Sensing and Spatial …",,urban-sustainable-systems,geovisualization-decision-support|gis-spatial-analytics,none,source-supported,clean-for-review,hydropower-dam-site-selection-and-visualization-using-gis-and-rs-techniques-a-808f4451
pending-review,2019,Ideal Kiosk Placement in up Diliman for Equal Probability of Customer Turnout,Ariel C. Blanco,"KA Cabello, MAA Manabat, MBA Zamora, AC Blanco","The International Archives of the Photogrammetry, Remote Sensing and Spatial …",,urban-sustainable-systems,,none,source-supported,clean-for-review,ideal-kiosk-placement-in-up-diliman-for-equal-probability-of-customer-turnout-7a337d2e
pending-review,2019,Illuminance mapping of nighttime road environment using unmanned aerial system,Ariel C. Blanco,"RT Bahia, MC Estur, AC Blanco, M Soriano","The International Archives of the Photogrammetry, Remote Sensing and Spatial …",,urban-sustainable-systems,,none,source-supported,clean-for-review,illuminance-mapping-of-nighttime-road-environment-using-unmanned-aerial-system-96332d92
pending-review,2019,IndoorGML-based Topological Data Generation from Omnidirectional Images,Ariel C. Blanco,"AR Claridades, J Lee, A Blanco","한국측량학회 학술대회자료집, 69-73",,,earth-observation-remote-sensing|lidar-photogrammetry-3d-geomatics,none,source-supported,clean-for-review,indoorgml-based-topological-data-generation-from-omnidirectional-images-2019-626ce089
pending-review,2019,Intra-urban heat island detection and trend characterization in Metro Manila using surface temperatures derived from multi-temporal Landsat data,Ariel C. Blanco,"KP Landicho, AC Blanco","The International Archives of the Photogrammetry, Remote Sensing and Spatial …",,climate-hazards-resilience|urban-sustainable-systems,earth-observation-remote-sensing,none,source-supported,clean-for-review,intra-urban-heat-island-detection-and-trend-characterization-in-metro-manila-u-e7f8c833
pending-review,2019,"Linear spectral unmixing of Sentinel-3 imagery for urban land cover-land surface temperature (LST) analysis: a case study of metro Manila, Philippines",Ariel C. Blanco,"C Cruz, AC Blanco, J Babaan, JA Cruz, E Paringit","The International Archives of the Photogrammetry, Remote Sensing and Spatial …",,climate-hazards-resilience|ecosystems-biodiversity-land-change|urban-sustainable-systems,earth-observation-remote-sensing,none,source-supported,clean-for-review,linear-spectral-unmixing-of-sentinel-3-imagery-for-urban-land-cover-land-surfa-19ceb06c
pending-review,2019,"Mapping of blue carbon ecosystems: effect of proximity, activity types and frequency of visits in the accuracy of participatory maps",Ariel C. Blanco,"RRT Francisco, AC Blanco, MAG Manalili, NB Gatdula, AJG Songcuan, ...","The International Archives of the Photogrammetry, Remote Sensing and Spatial …",,coastal-marine-systems,,none,source-supported,clean-for-review,mapping-of-blue-carbon-ecosystems-effect-of-proximity-activity-types-and-frequ-fbf8766b
pending-review,2019,MAPPING OF SARGASSUM DISTRIBUTION IN THE EASTERN COAST OF SOUTHERN LEYTE USING SENTINEL 2 SATELLITE IMAGERY,Ariel C. Blanco|Ayin M. Tamondong,"JJ Lasquites, AC Blanco, A Tamondong","The International Archives of the Photogrammetry, Remote Sensing and Spatial …",10.5194/isprs-archives-xlii-4-w19-289-2019,coastal-marine-systems,earth-observation-remote-sensing,none,source-supported,clean-for-review,mapping-of-sargassum-distribution-in-the-eastern-coast-of-southern-leyte-using-acb48e0d
pending-review,2019,Offshore submarine groundwater discharge at a coral reef front controlled by faults,Ariel C. Blanco,"DLM Cantarero, A Blanco, MB Cardenas, K Nadaoka, FP Siringan","Geochemistry, Geophysics, Geosystems 20 (7), 3170-3185",,coastal-marine-systems|water-air-environmental-quality,,none,source-supported,clean-for-review,offshore-submarine-groundwater-discharge-at-a-coral-reef-front-controlled-by-f-3599bac4
pending-review,2019,On the transferability of smart energy systems on off-grid islands using cluster analysis–A case study for the Philippine archipelago,Ariel C. Blanco,"H Meschede, EA Esparcia Jr, P Holzapfel, P Bertheau, RC Ang, ...","Applied Energy 251, 113290",,urban-sustainable-systems,,none,source-supported,clean-for-review,on-the-transferability-of-smart-energy-systems-on-off-grid-islands-using-clust-ad0aab24
pending-review,2019,Optimization of ground control point (GCP) configuration for unmanned aerial vehicle (UAV) survey using structure from motion (SFM),Ariel C. Blanco,"JKS Villanueva, AC Blanco","The international archives of the photogrammetry, remote sensing and spatial …",,,lidar-photogrammetry-3d-geomatics,none,source-supported,clean-for-review,optimization-of-ground-control-point-gcp-configuration-for-unmanned-aerial-veh-802fd8de
pending-review,2019,"Radiometric Calibration of LANDSAT-8 Oli and SENTINEL-2 MSI Images for Water Quality Modelling of Laguna Lake, Philippines",Ariel C. Blanco,"EV Gubatanga Jr, AC Blanco, CH Lin, BY Lin","The International Archives of the Photogrammetry, Remote Sensing and Spatial …",,water-air-environmental-quality,earth-observation-remote-sensing|environmental-spatial-modeling,none,source-supported,clean-for-review,radiometric-calibration-of-landsat-8-oli-and-sentinel-2-msi-images-for-water-q-b45ffeab
pending-review,2019,"Simulating species dominance in mixed mangrove forests considering species-specific responses to shading, salinity, and inundation frequency",Ariel C. Blanco,"I Estacio, A Blanco",International Conference on Simulation and Modeling Methodologies …,,coastal-marine-systems|ecosystems-biodiversity-land-change|water-air-environmental-quality,,none,source-supported,clean-for-review,simulating-species-dominance-in-mixed-mangrove-forests-considering-species-spe-374fc713
pending-review,2019,Spatial and temporal analysis of monthly water consumption and land surface temperature (LST) derived using landsat 8 and modis data,Ariel C. Blanco,"R Enriquez, M Rodriguez, AC Blanco, I Estacio, LR Depositario","The International Archives of the Photogrammetry, Remote Sensing and Spatial …",,climate-hazards-resilience|water-air-environmental-quality,earth-observation-remote-sensing,none,source-supported,clean-for-review,spatial-and-temporal-analysis-of-monthly-water-consumption-and-land-surface-te-54f05b0c
pending-review,2019,Spatial and Temporal Community Detection of Car Mobility Network in Metro Manila,Ariel C. Blanco,"BG Carcellar Iii, AC Blanco, M Nagai","The International Archives of the Photogrammetry, Remote Sensing and Spatial …",,urban-sustainable-systems,,none,source-supported,clean-for-review,spatial-and-temporal-community-detection-of-car-mobility-network-in-metro-mani-e034d81e
pending-review,2019,"Spatio-temporal analysis of urban heat island in Mandaue City, Philippines",Ariel C. Blanco,"AM Rejuso, AC Cortes, AC Blanco, CA Cruz, JB Babaan","The International Archives of the Photogrammetry, Remote Sensing and Spatial …",,climate-hazards-resilience|urban-sustainable-systems,gis-spatial-analytics,none,source-supported,clean-for-review,spatio-temporal-analysis-of-urban-heat-island-in-mandaue-city-philippines-2019-2ed255cb
pending-review,2019,Spatiotemporal analysis of the urban cooling island (UCI) effect of water spaces in a highly urbanized city: a case study of iloilo river and adjacent wetlands,Ariel C. Blanco,"JA Cruz, JA Santos, JJ Garcia, AC Blanco, AD Moscoso","The International Archives of the Photogrammetry, Remote Sensing and Spatial …",,urban-sustainable-systems,gis-spatial-analytics,none,source-supported,clean-for-review,spatiotemporal-analysis-of-the-urban-cooling-island-uci-effect-of-water-spaces-752e2d5d
pending-review,2019,"Spatiotemporal multi-satellite biophysical data analysis of the effect of urbanization on land surface and air temperature in Baguio City, Philippines",Ariel C. Blanco,"A Baloloy, RR Sta. Ana, JA Cruz, AC Blanco, NV Lubrica, CJ Valdez, ...","The International Archives of the Photogrammetry, Remote Sensing and Spatial …",,urban-sustainable-systems,earth-observation-remote-sensing|gis-spatial-analytics,none,source-supported,clean-for-review,spatiotemporal-multi-satellite-biophysical-data-analysis-of-the-effect-of-urba-44d83585
pending-review,2019,"Urban effects on land surface temperature in Davao City, Philippines",Ariel C. Blanco,"MM Tinoy, AU Novero, KP Landicho, AB Baloloy, AC Blanco","The International Archives of the Photogrammetry, Remote Sensing and Spatial …",,climate-hazards-resilience|urban-sustainable-systems,,none,source-supported,clean-for-review,urban-effects-on-land-surface-temperature-in-davao-city-philippines-2019-fd26caa9
pending-review,2019,Using openly sourced 3D geographic information systems (GIS) in determining the photovoltaic potential of Quezon City Hall in terms of received direct solar radiation,Ariel C. Blanco,"MLR Lagahit, AC Blanco","The International Archives of the Photogrammetry, Remote Sensing and Spatial …",,urban-sustainable-systems,gis-spatial-analytics|lidar-photogrammetry-3d-geomatics,none,source-supported,clean-for-review,using-openly-sourced-3d-geographic-information-systems-gis-in-determining-the-62d8b232
pending-review,2020,"Co-Evolution of Landscape, Forest, and Soil in a Planted Mangrove Eco-Park in Kalibo, Philippines",Ariel C. Blanco,"W Dimalanta, CM Jaraula, RR Rollon, KL Bejasa, T Miyajima, FP Siringan, ...",Ocean Sciences Meeting 2020,,coastal-marine-systems|ecosystems-biodiversity-land-change,,none,source-supported,clean-for-review,co-evolution-of-landscape-forest-and-soil-in-a-planted-mangrove-eco-park-in-ka-862e90cd
pending-review,2020,Development and application of a new mangrove vegetation index (MVI) for rapid and accurate mangrove mapping,Ariel C. Blanco,"AB Baloloy, AC Blanco, RRCS Ana, K Nadaoka","ISPRS Journal of Photogrammetry and Remote Sensing 166, 95-117",,coastal-marine-systems|ecosystems-biodiversity-land-change,geovisualization-decision-support,none,source-supported,clean-for-review,development-and-application-of-a-new-mangrove-vegetation-index-mvi-for-rapid-a-6a323228
pending-review,2020,Estimation of chl-a concentration in laguna lake using sentinel-3 olci imageS,Ariel C. Blanco|Jommer M. Medina,"AC Blanco, A Manuel, R Jalbuena, K Ticman, JM Medina, E Gubatanga, ...","The International Archives of the Photogrammetry, Remote Sensing and Spatial …",,water-air-environmental-quality,earth-observation-remote-sensing,none,source-supported,clean-for-review,estimation-of-chl-a-concentration-in-laguna-lake-using-sentinel-3-olci-images-73ffbb5d
pending-review,2020,Evaluation of object-based classification methods for Mapping Benthic habitats using Bathymetric LiDAR derivatives,Ariel C. Blanco|Ayin M. Tamondong,"A Tamondong, IE Cadalzo, MS Estabillo, GA Go, C Cruz, A Blanco",Philippine Engineering Journal 41 (2),,coastal-marine-systems|ecosystems-biodiversity-land-change,geoai-spatial-data-science|lidar-photogrammetry-3d-geomatics,none,source-supported,clean-for-review,evaluation-of-object-based-classification-methods-for-mapping-benthic-habitats-6aa80257
pending-review,2020,Investigating the effects of river discharges on submerged aquatic vegetation using UAV images and GIS techniques,Ayin M. Tamondong,"A Tamondong, T Nakamura, Y Kobayashi, M Garcia, K Nadaoka","ISPRS Annals of the Photogrammetry, Remote Sensing and Spatial Information …",10.5194/isprs-annals-v-5-2020-93-2020,ecosystems-biodiversity-land-change,earth-observation-remote-sensing|gis-spatial-analytics|lidar-photogrammetry-3d-geomatics,none,source-supported,clean-for-review,investigating-the-effects-of-river-discharges-on-submerged-aquatic-vegetation-8abaae0f
pending-review,2020,Land cover monitoring of laguna lake watershed using MODIS NDVI data,Ariel C. Blanco|Jommer M. Medina,"JM Medina, AC Blanco, CG Candido","The International Archives of the Photogrammetry, Remote Sensing and Spatial …",,ecosystems-biodiversity-land-change,earth-observation-remote-sensing,none,source-supported,clean-for-review,land-cover-monitoring-of-laguna-lake-watershed-using-modis-ndvi-data-2020-218f218a
pending-review,2020,"Modelling and simulation of potential future urbanization scenarios and its effect on the microclimate of lower session road, baguio city",Ariel C. Blanco,"A Baloloy, JA Cruz, A Blanco, NV Lubrica, CJ Valdez, JJ Bernardo","ISPRS Annals of the Photogrammetry, Remote Sensing and Spatial Information …",,climate-hazards-resilience|urban-sustainable-systems,environmental-spatial-modeling,none,source-supported,clean-for-review,modelling-and-simulation-of-potential-future-urbanization-scenarios-and-its-ef-3af05928
pending-review,2020,Modelling of land surface temperature using gray level co-occurrence matrix and random forest regression,Ariel C. Blanco|John Emmanuel D. Escoto,"AC Blanco, JB Babaan, JE Escoto, CK Alcantara","The International Archives of the Photogrammetry, Remote Sensing and Spatial …",,climate-hazards-resilience|ecosystems-biodiversity-land-change,environmental-spatial-modeling|geoai-spatial-data-science,none,source-supported,clean-for-review,modelling-of-land-surface-temperature-using-gray-level-co-occurrence-matrix-an-d939bc98
pending-review,2020,Optmization of bio-optical model parameters for turbid lake water quality estimation using Landsat 8 and wasi-2D,Ariel C. Blanco|Ayin M. Tamondong,"A Manuel, AC Blanco, AM Tamondong, R Jalbuena, O Cabrera, P Gege","The International Archives of the Photogrammetry, Remote Sensing and Spatial …",10.5194/isprs-archives-xlii-3-w11-67-2020,water-air-environmental-quality,earth-observation-remote-sensing,none,source-supported,clean-for-review,optmization-of-bio-optical-model-parameters-for-turbid-lake-water-quality-esti-212bfe53
pending-review,2020,Spatial disaggregation of Landsat-derived land surface temperature over a heterogeneous urban landscape using planetscope image derivatives,Ariel C. Blanco,"JA Cruz, JA Santos, A Blanco","The International Archives of the Photogrammetry, Remote Sensing and Spatial …",,climate-hazards-resilience|urban-sustainable-systems,earth-observation-remote-sensing,none,source-supported,clean-for-review,spatial-disaggregation-of-landsat-derived-land-surface-temperature-over-a-hete-8f748bed
pending-review,2020,Spectral and spatial kernel water quality mapping,Ariel C. Blanco,"HJ Chu, LM Jaelani, M Van Nguyen, CH Lin, AC Blanco","Environmental Monitoring and Assessment 192 (5), 299",,water-air-environmental-quality,,none,source-supported,clean-for-review,spectral-and-spatial-kernel-water-quality-mapping-2020-d717172c
pending-review,2020,WaterNet: A convolutional neural network for chlorophyll-a concentration retrieval,Ariel C. Blanco,"MA Syariz, CH Lin, MV Nguyen, LM Jaelani, AC Blanco","Remote Sensing 12 (12), 1966",,water-air-environmental-quality,geoai-spatial-data-science,none,source-supported,clean-for-review,waternet-a-convolutional-neural-network-for-chlorophyll-a-concentration-retrie-c34434a8
pending-review,2021,Ashfall dispersal mapping of the 2020 Taal Volcano eruption using Diwata-2 Imagery for disaster assessment,Erica Erin E. Elazegui,"EJG Merin, ALF Yute, CJS Sarmiento, EE Elazagui","The International Archives of the Photogrammetry, Remote Sensing and Spatial …",,climate-hazards-resilience,earth-observation-remote-sensing,none,source-supported,clean-for-review,ashfall-dispersal-mapping-of-the-2020-taal-volcano-eruption-using-diwata-2-ima-78235713
pending-review,2021,Assessment of Pine Forest Condition Towards Early Detection and Monitoring of Stress Through a Synergistic Use of Sentinel-1 and Sentinel-2 Imagery,Ariel C. Blanco,"MEP Neri, BAB Recto, AC Blanco, RV Ramos","Journal of Advanced Geospatial Science & Technology 1 (1), 1-18",,ecosystems-biodiversity-land-change,earth-observation-remote-sensing|gis-spatial-analytics,none,source-supported,clean-for-review,assessment-of-pine-forest-condition-towards-early-detection-and-monitoring-of-cfec9684
pending-review,2021,Blue carbon ecosystem services through a vulnerability lens: opportunities to reduce social vulnerability in fishing communities,Ariel C. Blanco|Ayin M. Tamondong,"TEAL Quiros, K Sudo, RV Ramilo, HG Garay, MPG Soniega, A Baloloy, ...","Frontiers in Marine Science 8, 671753",10.3389/fmars.2021.671753,climate-hazards-resilience|coastal-marine-systems,,none,source-supported,clean-for-review,blue-carbon-ecosystem-services-through-a-vulnerability-lens-opportunities-to-r-a02e3f31
pending-review,2021,Development of a digital twin for the monitoring of smart cities using open-source software,John Emmanuel D. Escoto,"JE Escoto, D Fargas Jr, K Panlilio, M Jerez, CJ Sarmiento","The International Archives of the Photogrammetry, Remote Sensing and Spatial …",,urban-sustainable-systems,geovisualization-decision-support,none,source-supported,clean-for-review,development-of-a-digital-twin-for-the-monitoring-of-smart-cities-using-open-so-9a20ef2d
pending-review,2021,Development of a Framework for a Functional-Structural Seagrass Transplantation Simulation using GAMA Platform.,Ariel C. Blanco,"TAM Rollan, AC Blanco, E Macatulad","SIMULTECH, 248-255",,coastal-marine-systems|ecosystems-biodiversity-land-change,environmental-spatial-modeling,none,source-supported,clean-for-review,development-of-a-framework-for-a-functional-structural-seagrass-transplantatio-1461f6c9
pending-review,2021,Development of a rapid mangrove zonation mapping workflow using Sentinel 2-derived indices and biophysical dataset,Ariel C. Blanco,"AB Baloloy, AC Blanco, S Sharma, K Nadaoka","Frontiers in Remote Sensing 2, 730238",,coastal-marine-systems,earth-observation-remote-sensing,none,source-supported,clean-for-review,development-of-a-rapid-mangrove-zonation-mapping-workflow-using-sentinel-2-der-c796b9e8
pending-review,2021,Development of the IM4MANILABAY Mapable Web Portal,Ariel C. Blanco|Jommer M. Medina,"NB Gatdula, BJD Jiao, JA Laurente, AC Blanco, JM Medina, D Fargas, ...","The International Archives of the Photogrammetry, Remote Sensing and Spatial …",,,geovisualization-decision-support,none,source-supported,clean-for-review,development-of-the-im4manilabay-mapable-web-portal-2021-d8a1336e
pending-review,2021,Development of the Masdan Mobile Application and Web-Based GIS Interface for the Monitoring and Management of the Manila Bay Environment,Ariel C. Blanco|Jommer M. Medina,"GAM Narciso, DC Fargas Jr, CG Candido, JM Medina, MLP Tinio, ...","The International Archives of the Photogrammetry, Remote Sensing and Spatial …",,,geovisualization-decision-support|gis-spatial-analytics,none,source-supported,clean-for-review,development-of-the-masdan-mobile-application-and-web-based-gis-interface-for-t-a4d35267
pending-review,2021,"Evaluation of the cooling effect of green and blue spaces on urban microclimate through numerical simulation: A case study of Iloilo River Esplanade, Philippines",Ariel C. Blanco,"JA Cruz, AC Blanco, JJ Garcia, JA Santos, AD Moscoso","Sustainable Cities and Society 74, 103184",,climate-hazards-resilience|urban-sustainable-systems,environmental-spatial-modeling,none,source-supported,clean-for-review,evaluation-of-the-cooling-effect-of-green-and-blue-spaces-on-urban-microclimat-a47d5ab4
pending-review,2021,"Improving the consistency of multi-temporal land cover mapping of Laguna lake watershed using light gradient boosting machine (LightGBM) approach, change detection analysis, and Markov chain",Ariel C. Blanco|Jommer M. Medina,"C Candido, AC Blanco, J Medina, E Gubatanga, A Santos, RS Ana, ...","Remote Sensing Applications: Society and Environment 23, 100565",10.1016/j.rsase.2021.100565,ecosystems-biodiversity-land-change,geoai-spatial-data-science,none,verified,clean-for-review,improving-the-consistency-of-multi-temporal-land-cover-mapping-of-laguna-lake-f6fafa7f
pending-review,2021,Limitation assessment and workflow refinement of the mangrove vegetation index (MVI)-based mapping methodology using sentinel-2 imagery,Ariel C. Blanco,"MP Neri, AB Baloloy, AC Blanco","The International Archives of the Photogrammetry, Remote Sensing and Spatial …",,coastal-marine-systems|ecosystems-biodiversity-land-change,earth-observation-remote-sensing,none,source-supported,clean-for-review,limitation-assessment-and-workflow-refinement-of-the-mangrove-vegetation-index-d7dd8e3c
pending-review,2021,Mangrove biomass estimation using canopy height and wood density in the South East and East Asian regions,Ariel C. Blanco,"R Suwa, R Rollon, S Sharma, M Yoshikai, GMG Albano, K Ono, NS Adi, ...","Estuarine, Coastal and Shelf Science 248, 106937",,coastal-marine-systems|ecosystems-biodiversity-land-change,,none,source-supported,clean-for-review,mangrove-biomass-estimation-using-canopy-height-and-wood-density-in-the-south-8a0689c3
pending-review,2021,Mapping coloured dissolved organic matter in Manila Bay Using SENTINEL-3 and Wasi,Ariel C. Blanco,"A Manuel, AC Blanco, O Cabrera","The International Archives of the Photogrammetry, Remote Sensing and Spatial …",,,earth-observation-remote-sensing,none,source-supported,clean-for-review,mapping-coloured-dissolved-organic-matter-in-manila-bay-using-sentinel-3-and-w-eecef37f
pending-review,2021,"Modeling seagrass bed dynamics under environmental impacts of intensive mariculture activities in Bolinao and Anda, the Philippines",Ariel C. Blanco|Ayin M. Tamondong,"M Yoshikai, T Nakamura, Y Tanaka, M Nakaoka, A Watanabe, EC Herrera, ...","Estuarine, Coastal and Shelf Science 250, 107152",10.1016/j.ecss.2020.107152,coastal-marine-systems,environmental-spatial-modeling,none,source-supported,clean-for-review,modeling-seagrass-bed-dynamics-under-environmental-impacts-of-intensive-maricu-ec92a87e
pending-review,2021,Monitoring and assessment of agri-urban land conversion using multi-sensor remote sensing and GIS techniques,Ariel C. Blanco,"DC Fargas Jr, GAM Narciso, AC Blanco","ISPRS annals of the photogrammetry, remote sensing and spatial information …",,urban-sustainable-systems,earth-observation-remote-sensing|gis-spatial-analytics,none,source-supported,clean-for-review,monitoring-and-assessment-of-agri-urban-land-conversion-using-multi-sensor-rem-1baac209
pending-review,2021,"Monitoring post-disaster mangrove forest recoveries in Lawaan-Balangiga, Eastern Samar using time series analysis of moisture and vegetation indices",Ariel C. Blanco,"KV Ticman, SG Salmo III, KE Cabello, MQ Germentil, DM Burgos, ...","The International Archives of the Photogrammetry, Remote Sensing and Spatial …",,climate-hazards-resilience|coastal-marine-systems|ecosystems-biodiversity-land-change,earth-observation-remote-sensing,none,source-supported,clean-for-review,monitoring-post-disaster-mangrove-forest-recoveries-in-lawaan-balangiga-easter-8e9ba850
pending-review,2021,Multi-sensor approach to leaf area index estimation using statistical machine learning models: A case on mangrove forests,Ariel C. Blanco,"KP Martinez, DFM Burgos, AC Blanco, SG Salmo III","ISPRS Annals of the Photogrammetry, Remote Sensing and Spatial Information …",,coastal-marine-systems|ecosystems-biodiversity-land-change,geoai-spatial-data-science,none,source-supported,clean-for-review,multi-sensor-approach-to-leaf-area-index-estimation-using-statistical-machine-e33afb95
pending-review,2021,Multi-task convolution neural network for season-insensitive chlorophyll-a estimation in inland water,Ariel C. Blanco,"M Van Nguyen, CH Lin, MA Syariz, TTH Le, AC Blanco",IEEE Journal of Selected Topics in Applied Earth Observations and Remote …,,water-air-environmental-quality,geoai-spatial-data-science,none,source-supported,clean-for-review,multi-task-convolution-neural-network-for-season-insensitive-chlorophyll-a-est-3891d2c9
pending-review,2021,Pasig river water quality estimation using an empirical ordinary least squares regression model of sentinel-2 satellite images,Ariel C. Blanco|John Emmanuel D. Escoto|Jommer M. Medina,"JE Escoto, AC Blanco, RJ Argamosa, JM Medina","The International Archives of the Photogrammetry, Remote Sensing and Spatial …",,water-air-environmental-quality,earth-observation-remote-sensing|environmental-spatial-modeling,none,source-supported,clean-for-review,pasig-river-water-quality-estimation-using-an-empirical-ordinary-least-squares-a569121c
pending-review,2021,"Post-disaster assessment of mangrove forest recovery in lawaan-balangiga, eastern samar using ndvi time series analysis",Ariel C. Blanco,"KE Cabello, MQ Germentil, AC Blanco, EG Macatulad, SG Salmo III","ISPRS Annals of the Photogrammetry, Remote Sensing and Spatial Information …",,climate-hazards-resilience|coastal-marine-systems|ecosystems-biodiversity-land-change,earth-observation-remote-sensing,none,source-supported,clean-for-review,post-disaster-assessment-of-mangrove-forest-recovery-in-lawaan-balangiga-easte-38df9077
pending-review,2021,Preliminary investigation on chlorophyll-a and total suspended matter concentration in manila bay using Himawari-8 ahi and Sentinel-3 olci C2RCC,Ariel C. Blanco,"RB Torres, AC Blanco","The International Archives of the Photogrammetry, Remote Sensing and Spatial …",,water-air-environmental-quality,earth-observation-remote-sensing,none,source-supported,clean-for-review,preliminary-investigation-on-chlorophyll-a-and-total-suspended-matter-concentr-69fd04d6
pending-review,2021,"Present-day vertical land movement in San Fernando (La Union) and Currimao (Ilocos Norte), northwest Luzon, Philippines",Ariel C. Blanco,"P Caesar Flores, A Rediang, N Alen Pasaje, RM Alfante, MDA Bauzon, ...","EGU General Assembly Conference Abstracts, EGU21-12815",,,,none,source-supported,clean-for-review,present-day-vertical-land-movement-in-san-fernando-la-union-and-currimao-iloco-6480b168
pending-review,2021,Project SINAG: Solar PV Resource and Installation Assessment Using Geospatial Technologies,Ariel C. Blanco,"J Principe, A Blanco, MRC Ang",宇宙からの地球環境・災害のモニタリングとリスク評価: 生研フォーラム論文集= Monitoring of …,,urban-sustainable-systems,gis-spatial-analytics,none,source-supported,clean-for-review,project-sinag-solar-pv-resource-and-installation-assessment-using-geospatial-t-b9ff713f
pending-review,2021,Scaling relations and substrate conditions controlling the complexity of Rhizophora prop root system,Ariel C. Blanco,"M Yoshikai, T Nakamura, R Suwa, R Argamosa, T Okamoto, R Rollon, ...","Estuarine, Coastal and Shelf Science 248, 107014",,,,none,source-supported,clean-for-review,scaling-relations-and-substrate-conditions-controlling-the-complexity-of-rhizo-1e85f5b0
pending-review,2021,Semi-Automated Delineation of Informal Settlement Structures from Drone RGB Imagery Using Object-Based Image Analysis,Ariel C. Blanco,"RAB Rivera, ENB Idago, AC Blanco, KAP Vergara","The International Archives of the Photogrammetry, Remote Sensing and Spatial …",,,earth-observation-remote-sensing|lidar-photogrammetry-3d-geomatics,none,source-supported,clean-for-review,semi-automated-delineation-of-informal-settlement-structures-from-drone-rgb-im-811906ac
pending-review,2021,Spatio-temporal mapping and analysis of mangrove extents around Manila Bay using Landsat satellite imagery and Mangrove Vegetation Index (MVI),Ariel C. Blanco|Jommer M. Medina,"M Conopio, AB Baloloy, J Medina, AC Blanco","The International Archives of the Photogrammetry, Remote Sensing and Spatial …",,coastal-marine-systems|ecosystems-biodiversity-land-change,earth-observation-remote-sensing|gis-spatial-analytics,none,source-supported,clean-for-review,spatio-temporal-mapping-and-analysis-of-mangrove-extents-around-manila-bay-usi-864d7d85
pending-review,2021,Supplementing satellite imagery with social media data for remote reconnaissance: A case study of the 2020 Taal volcano eruption,Erica Erin E. Elazegui,"ALF Yute, EJG Merin, CJS Sarmiento, EE Elazagui","The International Archives of the Photogrammetry, Remote Sensing and Spatial …",,climate-hazards-resilience|urban-sustainable-systems,earth-observation-remote-sensing,none,source-supported,clean-for-review,supplementing-satellite-imagery-with-social-media-data-for-remote-reconnaissan-eed7ecf6
pending-review,2021,THE RETRIEVAL OF CHLOROPHYLL-A CONCENTRATIONS IN INLAND WATER USING CONVOLUTION NEURAL NETWORK ON SATELLITE IMAGERY,Ariel C. Blanco,"M Van Nguyen, CH Lin, AC Blanco","42nd Asian Conference on Remote Sensing, ACRS 2021",,water-air-environmental-quality,earth-observation-remote-sensing|geoai-spatial-data-science,none,source-supported,clean-for-review,the-retrieval-of-chlorophyll-a-concentrations-in-inland-water-using-convolutio-31e9a031
pending-review,2021,"Time series analysis for monitoring seagrass habitat and environment in busuanga, Philippines using google earth engine",Ayin M. Tamondong,A Quirós,"The International Archives of the Photogrammetry, Remote Sensing and Spatial …",10.5194/isprs-archives-xliii-b3-2021-109-2021,coastal-marine-systems|ecosystems-biodiversity-land-change,,none,source-supported,clean-for-review,time-series-analysis-for-monitoring-seagrass-habitat-and-environment-in-busuan-01d160bb
pending-review,2021,Utilization of Sentinel-2 imagery in the estimation of plastics among floating debris along the coast of Manila Bay,Ariel C. Blanco,"MLR Gonzaga, MTS Wong, AC Blanco, JA Principe","The International Archives of the Photogrammetry, Remote Sensing and Spatial …",,coastal-marine-systems,earth-observation-remote-sensing,none,source-supported,clean-for-review,utilization-of-sentinel-2-imagery-in-the-estimation-of-plastics-among-floating-66eba9a8
pending-review,2022,Creating Value from Philippine Space Activities: Mobilizing Space Data,Ariel C. Blanco,"AC Blanco, JS Marciano, GJ Perez, S Meneses, RK Aranas, S Muta, ...",IGARSS 2022-2022 IEEE International Geoscience and Remote Sensing Symposium …,,,,none,source-supported,clean-for-review,creating-value-from-philippine-space-activities-mobilizing-space-data-2022-7ba2537b
pending-review,2022,Evaluating mitigation strategies for urban heat island in Mandaue City using ENVI-met,Ariel C. Blanco,"A Cortes, AJ Rejuso, JA Santos, A Blanco","Journal of Urban Management 11 (1), 97-106",,climate-hazards-resilience|urban-sustainable-systems,environmental-spatial-modeling,none,source-supported,clean-for-review,evaluating-mitigation-strategies-for-urban-heat-island-in-mandaue-city-using-e-8296f63a
pending-review,2022,Field Measurement and Prediction of Drag in a Planted Rhizophora Mangrove Forest,Ariel C. Blanco,"M Yoshikai, T Nakamura, DM Bautista, EC Herrera, A Baloloy, R Suwa, ...","Journal of Geophysical Research: Oceans 127 (11), e2021JC018320",,coastal-marine-systems|ecosystems-biodiversity-land-change,,none,source-supported,clean-for-review,field-measurement-and-prediction-of-drag-in-a-planted-rhizophora-mangrove-fore-db3119d9
pending-review,2022,"Ground deformation analysis caused by post-2013 earthquake in Bohol, Philippines: MDAI Bauzon et al.",Ariel C. Blanco,"MDAI Bauzon, RB Reyes, AC Blanco, FP Siringan","Spatial Information Research 30 (6), 791-807",,climate-hazards-resilience,,none,source-supported,clean-for-review,ground-deformation-analysis-caused-by-post-2013-earthquake-in-bohol-philippine-0753c3a3
pending-review,2022,"Integrated GIS and air dispersion modeling approach for roadside pollutant mapping: a case study in Baguio City, Philippines",Ariel C. Blanco,"RV Ramos, AC Blanco","Spatial Information Research 30 (3), 371-383",,urban-sustainable-systems|water-air-environmental-quality,environmental-spatial-modeling|gis-spatial-analytics,none,source-supported,clean-for-review,integrated-gis-and-air-dispersion-modeling-approach-for-roadside-pollutant-map-d6504326
pending-review,2022,"Integrated Remote Sensing and Coupled Watershed-Ocean-Vegetation Modeling for Seagrass Studies in Busuanga, Palawan, Philippines",Ayin M. Tamondong,"AM TAMONDONG, A Tamondong",(No Title),,coastal-marine-systems|ecosystems-biodiversity-land-change,earth-observation-remote-sensing|environmental-spatial-modeling,none,source-supported,clean-for-review,integrated-remote-sensing-and-coupled-watershed-ocean-vegetation-modeling-for-b733d392
pending-review,2022,"Lake water level variability determination from SAR backscatter of discrete objects, GNSS levelling and satellite altimetry",Ariel C. Blanco,"R Reyes, M Nagai, A Blanco","Survey Review 54 (383), 153-162",,,earth-observation-remote-sensing,none,source-supported,clean-for-review,lake-water-level-variability-determination-from-sar-backscatter-of-discrete-ob-a072e5a4
pending-review,2022,"Landfill Site Suitability Mapping Using Fuzzy Multi-Criteria Decision Analysis and GIS: Case of Quezon City, Philippines",Ariel C. Blanco,"N Sadie, MA Tanchuling, A Blanco",Philippine Engineering Journal 43 (1),,urban-sustainable-systems,gis-spatial-analytics,none,source-supported,clean-for-review,landfill-site-suitability-mapping-using-fuzzy-multi-criteria-decision-analysis-1079264e
pending-review,2022,Mapping Oil Spills on Sea Surface from Sentinel 2 Images Using Principal Components and Categorical Boosting,Ariel C. Blanco,"RJL Argamosa, AC Blanco, RB Reyes","The International Archives of the Photogrammetry, Remote Sensing and Spatial …",,coastal-marine-systems,earth-observation-remote-sensing,none,source-supported,clean-for-review,mapping-oil-spills-on-sea-surface-from-sentinel-2-images-using-principal-compo-bf9d7223
pending-review,2022,Modelling the chlorophyll-a concentration of Laguna Lake using himawari-8 satellite imagery and machine learning algorithms for near real time monitoring,Ariel C. Blanco,"ERG Martinez, RJL Argamosa, RB Torres, AC Blanco","The International Archives of the Photogrammetry, Remote Sensing and Spatial …",,water-air-environmental-quality,earth-observation-remote-sensing|environmental-spatial-modeling|geoai-spatial-data-science,none,source-supported,clean-for-review,modelling-the-chlorophyll-a-concentration-of-laguna-lake-using-himawari-8-sate-7a804e1b
pending-review,2022,Optimization of tree positioning to maximize walking in urban outdoor spaces: A modeling and simulation framework,Ariel C. Blanco,"I Estacio, R Hadfi, A Blanco, T Ito, J Babaan","Sustainable Cities and Society 86, 104105",,ecosystems-biodiversity-land-change|urban-sustainable-systems,environmental-spatial-modeling,none,source-supported,clean-for-review,optimization-of-tree-positioning-to-maximize-walking-in-urban-outdoor-spaces-a-b349c114
pending-review,2022,Quantifying vertical land motion at tide gauge sites using permanent scatterer interferometric synthetic aperture radar and global navigation satellite system solutions,Ariel C. Blanco,"R Reyes, MDA Bauzon, NA Pasaje, RM Alfante, PM De Lara, M Ordillano, ...","Spatial Information Research 30 (2), 309-319",,,earth-observation-remote-sensing,none,source-supported,clean-for-review,quantifying-vertical-land-motion-at-tide-gauge-sites-using-permanent-scatterer-c80d8b14
pending-review,2022,Rapid Mapping and Assessment of Damages Due to Typhoon Rai Using Sentinel-1 Synthetic Aperture Radar Data,Ariel C. Blanco,"SF Meneses III, AC Blanco","The International Archives of the Photogrammetry, Remote Sensing and Spatial …",,climate-hazards-resilience,earth-observation-remote-sensing,none,source-supported,clean-for-review,rapid-mapping-and-assessment-of-damages-due-to-typhoon-rai-using-sentinel-1-sy-72bfdb64
pending-review,2022,Seagrass biomass and sediment carbon in conserved and disturbed seascape,Ariel C. Blanco,"AGB Reyes, MCS Vergara, AC Blanco, SG Salmo III","Ecological Research 37 (1), 67-79",,coastal-marine-systems|ecosystems-biodiversity-land-change,,none,source-supported,clean-for-review,seagrass-biomass-and-sediment-carbon-in-conserved-and-disturbed-seascape-2022-e6b8ca73
pending-review,2022,Simulation of urban heat island during a high-heat event using WRF urban canopy models: A case study for Metro Manila,Ariel C. Blanco,"RGJP Bilang, AC Blanco, JAS Santos, LMP Olaguera","Atmosphere 13 (10), 1658",,climate-hazards-resilience|urban-sustainable-systems,environmental-spatial-modeling,none,source-supported,clean-for-review,simulation-of-urban-heat-island-during-a-high-heat-event-using-wrf-urban-canop-c350be55
pending-review,2022,Typhoon damage mapping using normalized differenced spatial autocorrelation and Planetscope image,Ariel C. Blanco,AC Blanco,"The International Archives of the Photogrammetry, Remote Sensing and Spatial …",,climate-hazards-resilience,earth-observation-remote-sensing,none,source-supported,clean-for-review,typhoon-damage-mapping-using-normalized-differenced-spatial-autocorrelation-an-8337c251
pending-review,2023,A COMPARATIVE ANALYSIS OF MACHINE LEARNING AND INDEX-BASED APPROACH TO MANGROVE EXTENT MAPPING,Ariel C. Blanco,"KM Bantay, DCDM Vergara, KP Martinez, RM de la Cruz, GJP Perez, ...",,,coastal-marine-systems,geoai-spatial-data-science,none,source-supported,clean-for-review,a-comparative-analysis-of-machine-learning-and-index-based-approach-to-mangrov-0a4d8031
pending-review,2023,"ANALYSIS OF KRIGING INTERPOLATION MODELS FOR PARTICULATE MATTER LEVELS IN THE NATIONAL CAPITAL REGION, PHILIPPINES",Ayin M. Tamondong,"RA Torres, R Ramos, BA Recto, A Tamondong",,,water-air-environmental-quality,,none,source-supported,clean-for-review,analysis-of-kriging-interpolation-models-for-particulate-matter-levels-in-the-31b70430
pending-review,2023,Assessing and modelling urban heat Island in Baguio City using Landsat imagery and machine learning,Ariel C. Blanco,"D Vergara, AC Blanco, JJS Marciano Jr, SF Meneses Iii, NJB Borlongan, ...","The International Archives of the Photogrammetry, Remote Sensing and Spatial …",,climate-hazards-resilience|urban-sustainable-systems,earth-observation-remote-sensing|environmental-spatial-modeling|geoai-spatial-data-science,none,source-supported,clean-for-review,assessing-and-modelling-urban-heat-island-in-baguio-city-using-landsat-imagery-c70c16eb
pending-review,2023,Assessment of mangrove extent extraction accuracy of threshold segmentation-based indices using sentinel imagery,Ariel C. Blanco,"CDC Zablan, AC Blanco, K Nadaoka, KP Martinez, AB Baloloy","The International Archives of the Photogrammetry, Remote Sensing and Spatial …",,coastal-marine-systems,earth-observation-remote-sensing,none,source-supported,clean-for-review,assessment-of-mangrove-extent-extraction-accuracy-of-threshold-segmentation-ba-8818f617
pending-review,2023,Detailed Mapping of Residential Land Use in Quezon City Using SENTINEL-2 Imagery: AN Analysis of Pixel-Based Image Classification Using Support Vector Machine,Ariel C. Blanco,"MID Mabalot, LS Sumera, AC Blanco, BG Carcellar","The International Archives of the Photogrammetry, Remote Sensing and Spatial …",,ecosystems-biodiversity-land-change|urban-sustainable-systems,earth-observation-remote-sensing|geoai-spatial-data-science,none,source-supported,clean-for-review,detailed-mapping-of-residential-land-use-in-quezon-city-using-sentinel-2-image-750eea2e
pending-review,2023,"Development of Google Earth engine application for Spatiotemporal analysis of turbidity in Batan Estuary, Aklan through the harmonization of Landsat and SENTINEL-2 imagery",Ariel C. Blanco,"CDC Zablan, AC Blanco, YH Primavera-Tirol, K Nadaoka","The International Archives of the Photogrammetry, Remote Sensing and Spatial …",,water-air-environmental-quality,earth-observation-remote-sensing|geovisualization-decision-support|gis-spatial-analytics,none,source-supported,clean-for-review,development-of-google-earth-engine-application-for-spatiotemporal-analysis-of-ba3606a4
pending-review,2023,"ESTIMATING AIRBORNE PARTICULATE MATTER IN THE NATIONAL CAPITAL REGION, PHILIPPINES USING MULTIPLE LINEAR REGRESSION AND GRADIENT BOOSTING ALGORITHM ON MODIS MAIAC AEROSOL OPTICAL DEPTH",Ayin M. Tamondong,"RAB Torres, RV Ramos, BAB Recto, AM Tamondong, BJD Jiao, ...","ISPRS Annals of the Photogrammetry, Remote Sensing and Spatial Information …",10.5194/isprs-annals-X-4-W1-2022-639-2023,water-air-environmental-quality,earth-observation-remote-sensing|geoai-spatial-data-science,none,verified,clean-for-review,estimating-airborne-particulate-matter-in-the-national-capital-region-philippi-b59cf181
pending-review,2023,Estimation Of Mangrove Fractional Cover From Multispectral And Hyperspectral Data Using Mixture Tuned Matched Filtering,Ariel C. Blanco,"AC Blanco, CR Perez","The International Archives of the Photogrammetry, Remote Sensing and Spatial …",,coastal-marine-systems,earth-observation-remote-sensing,none,source-supported,clean-for-review,estimation-of-mangrove-fractional-cover-from-multispectral-and-hyperspectral-d-08abbe2b
pending-review,2023,Hotspot analysis and comparison between satellite-derived aerosol optical depth and ground-based particulate matter measurements in metro manila,Ayin M. Tamondong,"BAB Recto, RAB Torres, RV Ramos, AM Tamondong, MG Cayetano, ...","ISPRS Annals of the Photogrammetry, Remote Sensing and Spatial Information …",10.5194/isprs-annals-x-4-w1-2022-639-2023,water-air-environmental-quality,earth-observation-remote-sensing|gis-spatial-analytics,none,source-supported,clean-for-review,hotspot-analysis-and-comparison-between-satellite-derived-aerosol-optical-dept-5ce193af
pending-review,2023,Influence of the El Niño Southern Oscillation to the interannual sea-level variability in the Philippine Sea,Ariel C. Blanco,"PCM Flores, RB Reyes, CL Amedo-Repollo, FP Siringan, A Rediang, ...","Coastal Altimetry, 177-190",,,,none,source-supported,clean-for-review,influence-of-the-el-ni-o-southern-oscillation-to-the-interannual-sea-level-var-17908acf
pending-review,2023,Manila Bay Watershed Scorecard: a Gis-Based Quantitative Watershed Health Assessment,Ariel C. Blanco,"M Zamora, AC Blanco","ISPRS Annals of the Photogrammetry, Remote Sensing and Spatial Information …",,,gis-spatial-analytics,none,source-supported,clean-for-review,manila-bay-watershed-scorecard-a-gis-based-quantitative-watershed-health-asses-cb1f50ce
pending-review,2023,Mapping multi-decadal mangrove forest change in the Philippines: vegetation extent and impacts of anthropogenic and climate-related factors,Ariel C. Blanco,"AB Baloloy, KP Martinez, AC Blanco, MEP Neri, K Di V. Ticman, ...",Climate change strategies: handling the challenges of adapting to a changing …,,climate-hazards-resilience|coastal-marine-systems|ecosystems-biodiversity-land-change,,none,source-supported,clean-for-review,mapping-multi-decadal-mangrove-forest-change-in-the-philippines-vegetation-ext-28e993ca
pending-review,2023,Modeling flow and sediment dynamics in an estuarine mangrove forest and adjacent areas: the impact of mangrove forest dynamics on landscape evolution,Ariel C. Blanco,"M Yoshikai, T Nakamura, A Blanco, B Hernandez, E Herrera, C Ferrera, ...","EGU General Assembly Conference Abstracts, EGU-13835",,coastal-marine-systems|ecosystems-biodiversity-land-change,environmental-spatial-modeling,none,source-supported,clean-for-review,modeling-flow-and-sediment-dynamics-in-an-estuarine-mangrove-forest-and-adjace-393804c6
pending-review,2023,Philippines Case Study Two: Looking into the Management Strategies of Three Philippine National Integrated Protected Area System (NIPAS) Sites,Ariel C. Blanco,"KSA Cordero-Bailey, LT David, TLP dela Cruz, AT Almo, S Martinez, ...",Challenges in Tropical Coastal Zone Management: Experiences and Lessons …,,,,none,source-supported,clean-for-review,philippines-case-study-two-looking-into-the-management-strategies-of-three-phi-a30e53a6
pending-review,2023,Rise or fall? How local factors influence coastal sea level in the Philippines,Ariel C. Blanco,"RB Reyes, PC Flores, A Bauzon, A Rediang, RM Alfante, NA Pasaje, ...","PHILIPPINE ENGINEERING JOURNAL 44 (1), 1-24",,coastal-marine-systems,,none,source-supported,clean-for-review,rise-or-fall-how-local-factors-influence-coastal-sea-level-in-the-philippines-676317b8
pending-review,2023,Small Satellites for Disaster and Environmental Monitoring,Ariel C. Blanco,"M Nagai, AC Blanco, V Lagutov, S Ninsawat",Remote Sensing,,climate-hazards-resilience,earth-observation-remote-sensing,none,source-supported,clean-for-review,small-satellites-for-disaster-and-environmental-monitoring-2023-2420f68b
pending-review,2023,Spatio-temporal analysis and modelling of dengue incidences in Quezon City using ordinary least squares and spatial regression,Ariel C. Blanco,"AC Blanco, BJJ Harder, IAR Teh","The International Archives of the Photogrammetry, Remote Sensing and Spatial …",,urban-sustainable-systems,environmental-spatial-modeling|gis-spatial-analytics,none,source-supported,clean-for-review,spatio-temporal-analysis-and-modelling-of-dengue-incidences-in-quezon-city-usi-264d72f1
pending-review,2023,"Spatio-temporal analysis of decadal mangrove cover and fragmentation in Region IV-B MIMAROPA, Philippines",Ariel C. Blanco,"CDC Zablan, AA Nerves, AC Blanco, AB Baloloy, KP Martinez, MEP Neri","The International Archives of the Photogrammetry, Remote Sensing and Spatial …",,coastal-marine-systems,gis-spatial-analytics,none,source-supported,clean-for-review,spatio-temporal-analysis-of-decadal-mangrove-cover-and-fragmentation-in-region-45f741ed
pending-review,2023,Spatio-temporal characterization of Manila Bay using optical water type and water quality mapping using Sentinel-3 OLCI images,Ariel C. Blanco|Jommer M. Medina,"JM Medina, RL Jalbuena, RAB Torres, AC Blanco","The International Archives of the Photogrammetry, Remote Sensing and Spatial …",,water-air-environmental-quality,earth-observation-remote-sensing|gis-spatial-analytics,none,source-supported,conflicting source titles,spatio-temporal-characterization-of-manila-bay-using-optical-water-type-and-wa-cce5a946
pending-review,2023,"SPATIOTEMPORAL ANALYSIS OF SATELLITE-BASED TRACE GASES CONCENTRATIONS IN PORT OF MANILA, PHILIPPINES",Ayin M. Tamondong,"LJ Aporto, MA Latunio, R Ramos, A Tamondong",,,water-air-environmental-quality,earth-observation-remote-sensing|gis-spatial-analytics,none,source-supported,clean-for-review,spatiotemporal-analysis-of-satellite-based-trace-gases-concentrations-in-port-3b607d03
pending-review,2023,Surface urban heat islands and related health risk in the Philippines: A geospatial assessment using MODIS data,Ariel C. Blanco,"D Vergara, AC Blanco","The International archives of the photogrammetry, remote sensing and spatial …",,climate-hazards-resilience|urban-sustainable-systems,earth-observation-remote-sensing|gis-spatial-analytics,none,source-supported,clean-for-review,surface-urban-heat-islands-and-related-health-risk-in-the-philippines-a-geospa-d01697ed
pending-review,2023,Temporal variation of threshold segmentation-based mangrove mapping indices in Karimunjawa-Kemujan islands with Sentinel images,Ariel C. Blanco,"CDC Zablan, AC Blanco, K Nadaoka",IGARSS 2023-2023 IEEE International Geoscience and Remote Sensing Symposium …,,coastal-marine-systems,earth-observation-remote-sensing,none,source-supported,clean-for-review,temporal-variation-of-threshold-segmentation-based-mangrove-mapping-indices-in-fd73d17c
pending-review,2023,Transformation of the normalized difference chlorophyll index to retrieve chlorophyll-a concentrations in Manila Bay,Ariel C. Blanco,"A Manuel, AC Blanco","The International Archives of the Photogrammetry, Remote Sensing and Spatial …",,water-air-environmental-quality,,none,source-supported,clean-for-review,transformation-of-the-normalized-difference-chlorophyll-index-to-retrieve-chlo-e4d62fce
pending-review,2024,3d reconstruction of the fort santiago dungeons using handheld laser scanning method,Ayin M. Tamondong,"PL Borrega, YA Felisilda, CJ Sarmiento, A Tamondong","The International Archives of the Photogrammetry, Remote Sensing and Spatial …",10.5194/isprs-archives-xlviii-4-w8-2023-69-2024,urban-sustainable-systems,lidar-photogrammetry-3d-geomatics,none,source-supported,clean-for-review,3d-reconstruction-of-the-fort-santiago-dungeons-using-handheld-laser-scanning-b94ea892
pending-review,2024,Advancing blue carbon knowledge: Leveraging geomatics for capacity building through the bluecares project,Ariel C. Blanco|Ayin M. Tamondong,"K Martinez, A Blanco, A Tamondong, C Candido, K Nadaoka","The International Archives of the Photogrammetry, Remote Sensing and Spatial …",10.5194/isprs-archives-xlviii-5-2024-55-2024,coastal-marine-systems|urban-sustainable-systems,,none,source-supported,clean-for-review,advancing-blue-carbon-knowledge-leveraging-geomatics-for-capacity-building-thr-17c5b09d
pending-review,2024,"Assessment of the vulnerability of coastal agriculture to seawater intrusion using remote sensing, GIS, and Multi-Criteria Decision Analysis",Ariel C. Blanco,"N Gatdula, A Blanco","International Journal of Digital Earth 17 (1), 2367733",,climate-hazards-resilience|coastal-marine-systems|ecosystems-biodiversity-land-change,earth-observation-remote-sensing|gis-spatial-analytics,none,source-supported,clean-for-review,assessment-of-the-vulnerability-of-coastal-agriculture-to-seawater-intrusion-u-ded93b1e
pending-review,2024,Comparative analysis of Prisma hyperspectral and Sentinel-2 multispectral images for Chlorophyll-a and turbidity mapping of Taal lake,Ariel C. Blanco|Jommer M. Medina,"AM Hernando, AM Piano, AC Blanco, JM Medina, AY Manuel","The International Archives of the Photogrammetry, Remote Sensing and Spatial …",,water-air-environmental-quality,earth-observation-remote-sensing,none,source-supported,clean-for-review,comparative-analysis-of-prisma-hyperspectral-and-sentinel-2-multispectral-imag-f1c4b81a
pending-review,2024,Comparative analysis of random forest and support vector machine for benthic habitat segmentation,Ariel C. Blanco|Ayin M. Tamondong,"GAM Narciso, AM Tamondong, AC Blanco, T Nakamura, K Nadaoka",Eighth Geoinformation Science Symposium 2023: Geoinformation Science for …,10.1117/12.3009659,coastal-marine-systems|ecosystems-biodiversity-land-change,geoai-spatial-data-science,none,source-supported,clean-for-review,comparative-analysis-of-random-forest-and-support-vector-machine-for-benthic-h-1be9c999
pending-review,2024,"Coral Bleaching Detection Using PRISMA Hyperspectral Satellite Imagery in Calatagan, Batangas",Ariel C. Blanco|Ayin M. Tamondong,"FD Rivera, GE Buenavista, A Tamondong, A Blanco","ISPRS Annals of the Photogrammetry, Remote Sensing and Spatial Information …",10.5194/isprs-annals-x-5-2024-165-2024,coastal-marine-systems,earth-observation-remote-sensing,none,source-supported,clean-for-review,coral-bleaching-detection-using-prisma-hyperspectral-satellite-imagery-in-cala-b9d733b5
pending-review,2024,"Development of land-use regression models for particulate matter estimation in National Capital Region, Philippines",Ayin M. Tamondong,"RAB Torres, RV Ramos, BAB Recto, AM Tamondong","The International Archives of the Photogrammetry, Remote Sensing and Spatial …",10.5194/isprs-archives-xlviii-4-w8-2023-437-2024,water-air-environmental-quality,environmental-spatial-modeling,none,source-supported,clean-for-review,development-of-land-use-regression-models-for-particulate-matter-estimation-in-9782bd51
pending-review,2024,Development of methodology for monitoring and assessing the national greening program using optical and SAR data,Ariel C. Blanco,"RR Diwa, NJB Borlongan, JIA Tabardillo, AJC Sabuito, CG Candido, ...","The International Archives of the Photogrammetry, Remote Sensing and Spatial …",,,earth-observation-remote-sensing,none,source-supported,clean-for-review,development-of-methodology-for-monitoring-and-assessing-the-national-greening-7d111326
pending-review,2024,DRONES4BLUECARBONSEAGRASS: A Capacity-Building Program for Mapping Seagrasses using Unmanned Aerial System (UAS) Technology in the Philippines,Ariel C. Blanco|Ayin M. Tamondong,"C Candido, A Blanco, A Tamondong, K Martinez, K Nadaoka","ISPRS Annals of the Photogrammetry, Remote Sensing and Spatial Information …",10.5194/isprs-annals-x-5-2024-9-2024,coastal-marine-systems|urban-sustainable-systems,lidar-photogrammetry-3d-geomatics,none,source-supported,clean-for-review,drones4bluecarbonseagrass-a-capacity-building-program-for-mapping-seagrasses-u-09d55380
pending-review,2024,Eighth Geoinformation Science Symposium 2023: Geoinformation Science for Sustainable Planet,Ariel C. Blanco,"A Blanco, AB Rimba, C Roelfsema, S Arjasakusuma","Proc. of SPIE Vol 12977, 1297701-1",,,,none,source-supported,clean-for-review,eighth-geoinformation-science-symposium-2023-geoinformation-science-for-sustai-586fe7ba
pending-review,2024,Enhancement of the Field Assessment Protocols and Suitability Maps for Coconut,Ariel C. Blanco,"JT Francisco, JD Casisirano, AC Blanco, RL Rivera, LH Canja, ...","The International Archives of the Photogrammetry, Remote Sensing and Spatial …",,ecosystems-biodiversity-land-change,gis-spatial-analytics,none,source-supported,clean-for-review,enhancement-of-the-field-assessment-protocols-and-suitability-maps-for-coconut-8aa6d959
pending-review,2024,Enhancing Government Capacity for Air Quality Management in the Philippines through Geospatial Technologies: A Case of Project AiRMoVE,Ayin M. Tamondong,"R Ramos, A Tamondong, RA Torres, BA Recto, K Panlilio, ML Tinio, ...","ISPRS Annals of the Photogrammetry, Remote Sensing and Spatial Information …",10.5194/isprs-annals-x-5-2024-151-2024,urban-sustainable-systems|water-air-environmental-quality,gis-spatial-analytics,none,source-supported,clean-for-review,enhancing-government-capacity-for-air-quality-management-in-the-philippines-th-2129375d
pending-review,2024,Fishpond status mapping using radar remote sensing,Ariel C. Blanco|Ayin M. Tamondong,"J Dumalag, AC Blanco, AM Tamondong","The International Archives of the Photogrammetry, Remote Sensing and Spatial …",10.5194/isprs-archives-xlviii-4-w8-2023-195-2024,coastal-marine-systems,earth-observation-remote-sensing,none,source-supported,clean-for-review,fishpond-status-mapping-using-radar-remote-sensing-2024-b1ea1afd
pending-review,2024,Increasing the Awareness of the Benefits of Earth Observation Applications through the Space Information Infrastructure Capacity Building and Training Program (SIICaP),Ariel C. Blanco,"CN Pante, K Bantay, NJ Borlongan, JP Almonte, RK Aranas, A Blanco","ISPRS Annals of the Photogrammetry, Remote Sensing and Spatial Information …",,urban-sustainable-systems,earth-observation-remote-sensing|geovisualization-decision-support,none,source-supported,clean-for-review,increasing-the-awareness-of-the-benefits-of-earth-observation-applications-thr-90916ecc
pending-review,2024,Integration of Stumpf's ratio model and random forest for satellite-derived bathymetry estimation,Ariel C. Blanco|Ayin M. Tamondong,"GAM Narciso, AM Tamondong, AC Blanco","The International Archives of the Photogrammetry, Remote Sensing and Spatial …",10.5194/isprs-archives-xlviii-4-w8-2023-387-2024,coastal-marine-systems|ecosystems-biodiversity-land-change,earth-observation-remote-sensing|geoai-spatial-data-science,none,source-supported,clean-for-review,integration-of-stumpf-s-ratio-model-and-random-forest-for-satellite-derived-ba-9a746a0b
pending-review,2024,Investigating the Relationship of Water Quality on Land Cover Change in Boracay Island,Ayin M. Tamondong|Jommer M. Medina,"DB Cabuyadao, CP Paladin, AM Tamondong, JM Medina","The International Archives of Photogrammetry, Remote Sensing and Spatial …",10.5194/isprs-archives-xlviii-4-w8-2023-85-2024,ecosystems-biodiversity-land-change|water-air-environmental-quality,,none,source-supported,clean-for-review,investigating-the-relationship-of-water-quality-on-land-cover-change-in-boraca-36a6e44b
pending-review,2024,"Mapping and assessment of burned areas in Rizal, Palawan using SAR burned and vegetation indices",Ariel C. Blanco,"D Vergara, CPI Canlas, AC Blanco",Eighth Geoinformation Science Symposium 2023: Geoinformation Science for …,,ecosystems-biodiversity-land-change,earth-observation-remote-sensing,none,source-supported,clean-for-review,mapping-and-assessment-of-burned-areas-in-rizal-palawan-using-sar-burned-and-v-cd95aecf
pending-review,2024,"Mapping and assessment of slash-and-burn farming in Palawan, Philippines using various fire and burnt area products",Ariel C. Blanco,"CPI Canlas, AC Blanco",Eighth Geoinformation Science Symposium 2023: Geoinformation Science for …,,ecosystems-biodiversity-land-change,,none,source-supported,clean-for-review,mapping-and-assessment-of-slash-and-burn-farming-in-palawan-philippines-using-b56c8cc0
pending-review,2024,MAPPING AND ASSESSMENT OF THE SPATIAL AND TEMPORAL DISTRIBUTION OF TURBIDITY IN LAKE BUHI FROM SENTINEL-2 IMAGES USING GEOGRAPHICALLY WEIGHTED REGRESSION AND NORMALIZED DIFFERENCE TURBIDITY INDEX,Ariel C. Blanco|Jommer M. Medina,"KAN Amaro, LMG Cortez, JM Medina, AC Blanco","The International Archives of the Photogrammetry, Remote Sensing and Spatial …",10.5194/isprs-archives-XLVIII-4-W9-2024-29-2024,water-air-environmental-quality,earth-observation-remote-sensing|gis-spatial-analytics,none,verified,clean-for-review,mapping-and-assessment-of-the-spatial-and-temporal-distribution-of-turbidity-i-60123062
pending-review,2024,Mindoro oil spill progress monitoring using satellite imagery,Ariel C. Blanco,"RM de la Cruz, D Vergara, JIA Tabardillo, AJC Sabuito, NJB Borlongan, ...","The International Archives of the Photogrammetry, Remote Sensing and Spatial …",,coastal-marine-systems,earth-observation-remote-sensing,none,source-supported,clean-for-review,mindoro-oil-spill-progress-monitoring-using-satellite-imagery-2024-8fd62655
pending-review,2024,Multisource and multitemporal land cover mapping of Greater Luzon Island using Google Earth Engine,Ariel C. Blanco,"CG Candido, AC Blanco, NJB Borlongan, RM de la Cruz","The International Archives of the Photogrammetry, Remote Sensing and Spatial …",,ecosystems-biodiversity-land-change,,none,source-supported,clean-for-review,multisource-and-multitemporal-land-cover-mapping-of-greater-luzon-island-using-4a0a566f
pending-review,2024,Onion mapping using PRISMA hyperspectral image: comparative analysis of K-means classification and linear spectral unmixing,Ariel C. Blanco,"RR Diwa, KAE Cabello, AC Blanco","Multispectral, Hyperspectral, and Ultraspectral Remote Sensing Technology …",,,earth-observation-remote-sensing|geoai-spatial-data-science,none,source-supported,clean-for-review,onion-mapping-using-prisma-hyperspectral-image-comparative-analysis-of-k-means-82fc9834
pending-review,2024,Optimization of Space Data Development and Distribution and Capacity Building in the Philippines through the PhilSA Integrated Network for Space Enabled Actions towards Sustainability (PINAS) Project,Ariel C. Blanco,"PA Young, A Blanco, J Pangasinan","ISPRS Annals of the Photogrammetry, Remote Sensing and Spatial Information …",10.5194/isprs-annals-X-5-2024-235-2024,urban-sustainable-systems,,none,verified,clean-for-review,optimization-of-space-data-development-and-distribution-and-capacity-building-8f8a31fc
pending-review,2024,"Riverine inputs into Manila Bay, Philippines potentially drive changes in chlorophyll-a and total suspended matter concentrations measured from MODIS",Ariel C. Blanco|Jommer M. Medina,"PCM Flores, RA Torres, A Manuel, J Medina, LT David, AC Blanco",Eighth Geoinformation Science Symposium 2023: Geoinformation Science for …,,water-air-environmental-quality,earth-observation-remote-sensing,none,source-supported,clean-for-review,riverine-inputs-into-manila-bay-philippines-potentially-drive-changes-in-chlor-b9c69a3e
pending-review,2024,"Shoreline change analysis in New Washington, Aklan using Digital Shoreline Analysis System (DSAS)",Ariel C. Blanco,"A Nerves, FD Rivera, A Blanco, Y Tirol, K Nadaoka","ISPRS Annals of the Photogrammetry, Remote Sensing and Spatial Information …",,coastal-marine-systems,gis-spatial-analytics,none,source-supported,clean-for-review,shoreline-change-analysis-in-new-washington-aklan-using-digital-shoreline-anal-b596779a
pending-review,2024,Site Suitability Analysis of Salt Farms in Pangasinan Using Geospatial Data and Analytic Hierarchy Process,Jommer M. Medina,"A Carrido, JSR Melgarejo, JA Principe, JM Medina","The International Archives of the Photogrammetry, Remote Sensing and Spatial …",,,gis-spatial-analytics,none,source-supported,clean-for-review,site-suitability-analysis-of-salt-farms-in-pangasinan-using-geospatial-data-an-ca33e9dd
pending-review,2024,Space+ data dashboard: Empowering institutions and citizens with seamless space data access,Ariel C. Blanco,"DC Fargas Jr, RM de la Cruz, AC Blanco","The International Archives of the Photogrammetry, Remote Sensing and Spatial …",,,geovisualization-decision-support,none,source-supported,clean-for-review,space-data-dashboard-empowering-institutions-and-citizens-with-seamless-space-d5f93c63
pending-review,2024,Spatiotemporal analysis of traffic accidents hotspots using Twitter data: the case of Quezon City,Erica Erin E. Elazegui,"MG Ugalino Jr, JBB Guillermo, CJS Sarmiento, EEE Elazegui",Eighth Geoinformation Science Symposium 2023: Geoinformation Science for …,,urban-sustainable-systems,gis-spatial-analytics,none,source-supported,clean-for-review,spatiotemporal-analysis-of-traffic-accidents-hotspots-using-twitter-data-the-c-2c5a512d
pending-review,2024,Supervised image classification model for coral bleaching detection using a bi-temporal Sentinel-2 image stack,Ariel C. Blanco|Ayin M. Tamondong,"GAM Narciso, AM Tamondong, AC Blanco, T Nakamura, K Nadaoka","The International Archives of the Photogrammetry, Remote Sensing and Spatial …",10.5194/isprs-archives-xlviii-4-w8-2023-395-2024,coastal-marine-systems,earth-observation-remote-sensing|geoai-spatial-data-science,none,source-supported,clean-for-review,supervised-image-classification-model-for-coral-bleaching-detection-using-a-bi-e48ce5cb
pending-review,2024,Time-Series Analysis of Satellite-Based Trace Gases Concentrations in Port Areas in the Philippines Using SENTINEL-5P,Ayin M. Tamondong,"LA Aporto, M Latunio, RV Ramos, AM Tamondong","The International Archives of the Photogrammetry, Remote Sensing and Spatial …",10.5194/isprs-archives-xlviii-4-w8-2023-9-2024,water-air-environmental-quality,earth-observation-remote-sensing,none,source-supported,clean-for-review,time-series-analysis-of-satellite-based-trace-gases-concentrations-in-port-are-6d211bdd
pending-review,2024,Towards nationwide mapping of seagrasses in the Philippines: empowering students through remote sensing education,Ariel C. Blanco|Ayin M. Tamondong,"A Tamondong, A Blanco, K Martinez, C Candido, K Nadaoka","ISPRS Annals of the Photogrammetry, Remote Sensing and Spatial Information …",10.5194/isprs-annals-x-5-2024-205-2024,coastal-marine-systems,earth-observation-remote-sensing,none,source-supported,clean-for-review,towards-nationwide-mapping-of-seagrasses-in-the-philippines-empowering-student-0317af6f
pending-review,2024,"Tree Planting Prioritization in National Capital Region, Philippines Using Remote Sensing, Analytic Hierarchy Process and Gis",Jommer M. Medina,"J Casisirano, M Tuminting, RV Ramos, JM Medina","The International Archives of the Photogrammetry, Remote Sensing and Spatial …",,ecosystems-biodiversity-land-change,earth-observation-remote-sensing|gis-spatial-analytics,none,source-supported,clean-for-review,tree-planting-prioritization-in-national-capital-region-philippines-using-remo-2fc44930
pending-review,2024,Typhoon Karding (Noru) storm surge analysis using the Coawst modeling system,Ayin M. Tamondong,"LIJ Nioko, KMC Tablang, AM Tamondong, M Ang, DM Bautista","The international archives of the photogrammetry, remote sensing and spatial …",10.5194/isprs-archives-xlviii-4-w8-2023-403-2024,climate-hazards-resilience,environmental-spatial-modeling,none,source-supported,clean-for-review,typhoon-karding-noru-storm-surge-analysis-using-the-coawst-modeling-system-202-a439b572
pending-review,2024,Validating the Philippine Mangrove Map 2023 through capacity building and crowdsourcing,Ariel C. Blanco,"CDC Zablan, KM Bantay, AC Blanco, AM Bedi, DC Fargas Jr, ...","ISPRS Annals of the Photogrammetry, Remote Sensing and Spatial Information …",,coastal-marine-systems|urban-sustainable-systems,,none,source-supported,clean-for-review,validating-the-philippine-mangrove-map-2023-through-capacity-building-and-crow-29aed7c9
pending-review,2025,A Geospatial Approach for the Assessment and Management Prioritization of Philippine Terrestrial Key Biodiversity Areas: Towards Meeting Global Sustainability Targets,Margaux Angelica A. Cruz,MA Cruz,"ISPRS Annals of the Photogrammetry, Remote Sensing and Spatial Information …",,ecosystems-biodiversity-land-change,gis-spatial-analytics,none,source-supported,clean-for-review,a-geospatial-approach-for-the-assessment-and-management-prioritization-of-phil-78904b46
pending-review,2025,Aboveground biomass estimation of an old‐growth mangrove forest using airborne LiDAR in the Philippines,Ariel C. Blanco,"MSH Mandal, R Suwa, RN Rollon, GMG Albano, GAA Cruz, K Ono, ...","Ecological Research 40 (2), 120-132",,coastal-marine-systems|ecosystems-biodiversity-land-change,lidar-photogrammetry-3d-geomatics,none,source-supported,clean-for-review,aboveground-biomass-estimation-of-an-old-growth-mangrove-forest-using-airborne-a3ab47da
pending-review,2025,Estimation of PM concentrations in the Philippines using Sentinel-5P and artificial neural network,Ariel C. Blanco,"MAS De Hitta, EC Castro, AC Blanco, MJB Felix","Remote Sensing of the Atmosphere, Clouds, and Precipitation VIII 13262, 129-142",,water-air-environmental-quality,earth-observation-remote-sensing|geoai-spatial-data-science,none,source-supported,clean-for-review,estimation-of-pm-concentrations-in-the-philippines-using-sentinel-5p-and-artif-c639970c
pending-review,2025,Impact of Land Cover Change on Hydrology and Coastal Water Quality: a Case Study of the Agno River Basin Using Swat,Ayin M. Tamondong,"MMT Aguila, JZ Malimban, AM Tamondong, JA Principe",IGARSS 2025-2025 IEEE International Geoscience and Remote Sensing Symposium …,10.1109/igarss55030.2025.11243295,coastal-marine-systems|ecosystems-biodiversity-land-change|water-air-environmental-quality,environmental-spatial-modeling,none,source-supported,clean-for-review,impact-of-land-cover-change-on-hydrology-and-coastal-water-quality-a-case-stud-d337d40e
pending-review,2025,INTEGRATED APPROACH FOR CORAL REEF CONSERVATION AND REHABILITATION IN THE PHILIPPINES,Ayin M. Tamondong,"H TAKASUNA, K YAMAKI, T NAKAMURA, WL CAMPOS, ...",Proceedings of the 41st IAHR World Congress–Innovative Water Eng. for …,10.64697/978-90-835589-7-4_41wc-p1758-cd,coastal-marine-systems,,none,source-supported,clean-for-review,integrated-approach-for-coral-reef-conservation-and-rehabilitation-in-the-phil-9922e890
pending-review,2025,"Mapping grassfire burn severity with Sentinel-2 super-resolution and BlackSky imagery: a case study of the 2025 Grassfire in Zambales, Philippines",Ariel C. Blanco,"KAE Cabello, ARS Velasco, AC Blanco","IOP Conference Series: Earth and Environmental Science 1551 (1), 012007",,ecosystems-biodiversity-land-change,earth-observation-remote-sensing,none,source-supported,clean-for-review,mapping-grassfire-burn-severity-with-sentinel-2-super-resolution-and-blacksky-0a367f10
pending-review,2025,"Mapping the benthic habitats of Boracay and Santa Cruz Islands, Philippines using Sentinel-2 imagery and random forest classification in Google Earth Engine",Ariel C. Blanco,"KM Bantay, CG Candido, AC Blanco","Active and Passive Remote Sensing of Oceans, Seas, and Lakes 13264, 47-55",,coastal-marine-systems|ecosystems-biodiversity-land-change,earth-observation-remote-sensing|geoai-spatial-data-science,none,source-supported,clean-for-review,mapping-the-benthic-habitats-of-boracay-and-santa-cruz-islands-philippines-usi-faa1deb8
pending-review,2025,"OPTIMIZING"" BLUE CARBON"" INFORMATION AS A COMPLEMENTARY STRATEGY TO MANGROVE CONSERVATION AND RESTORATION: A META-ANALYSIS ON CARBON STOCKS IN PHILIPPINE MANGROVES",Ariel C. Blanco,"SG Salmo, RC Corcino, ME Gerona-Daga, CF Naputo, KD Ticman, ...","BULLETIN OF MARINE SCIENCE 101 (3), 1673-1673",,coastal-marine-systems,,none,source-supported,clean-for-review,optimizing-blue-carbon-information-as-a-complementary-strategy-to-mangrove-con-32fe2403
pending-review,2026,A Framework for the Development of Digital Spatial Weights using Social Media Data: Methodological Foundation and Initial Analysis,Ariel C. Blanco|Erica Erin E. Elazegui,"EEE Elazegui, AC Blanco, BG Carcellar III","ISPRS Annals of the Photogrammetry, Remote Sensing and Spatial Information …",,urban-sustainable-systems,,none,source-supported,clean-for-review,a-framework-for-the-development-of-digital-spatial-weights-using-social-media-1ca191a8
pending-review,2026,Aboveground Biomass Estimation of Rice Crops (Oryza sativa L.) Utilizing Parameters Derived From UAV-Based LiDAR And Multispectral Satellite Sensors,Ayin M. Tamondong,"CL Gadrinab, JJS Israel, AM Tamondong, RT Bahia","The International Archives of the Photogrammetry, Remote Sensing and Spatial …",10.5194/isprs-archives-xlviii-5-w4-2025-111-2026,ecosystems-biodiversity-land-change,earth-observation-remote-sensing|lidar-photogrammetry-3d-geomatics,none,source-supported,clean-for-review,aboveground-biomass-estimation-of-rice-crops-oryza-sativa-l-utilizing-paramete-8a3dcdc2
pending-review,2026,Analyzing Economic Spatial Patterns of the Metro Manila Urban Agglomeration using Nighttime Light Data,Erica Erin E. Elazegui,"CLS Paliza, KJS Swin, EEE Elazegui, ARC Claridades","ISPRS Annals of the Photogrammetry, Remote Sensing and Spatial Information …",,urban-sustainable-systems,gis-spatial-analytics,none,source-supported,clean-for-review,analyzing-economic-spatial-patterns-of-the-metro-manila-urban-agglomeration-us-d0ad1c0f
pending-review,2026,Analyzing Urban Agglomeration Patterns and Economic Development in Metro Manila using Social Network Analysis,Erica Erin E. Elazegui,"KJS Swin, CLS Paliza, EEE Elazegui, RC Claridades","ISPRS Annals of the Photogrammetry, Remote Sensing and Spatial Information …",,urban-sustainable-systems,gis-spatial-analytics,none,source-supported,clean-for-review,analyzing-urban-agglomeration-patterns-and-economic-development-in-metro-manil-2860fd08
pending-review,2026,Assessing the Impact of Sun Glint on Seagrass and Benthic Habitat Classification Accuracy across various Algorithms using PlanetScope Imagery,Margaux Angelica A. Cruz,MA Cruz,"The International Archives of the Photogrammetry, Remote Sensing and Spatial …",,coastal-marine-systems|ecosystems-biodiversity-land-change,earth-observation-remote-sensing|geoai-spatial-data-science,none,source-supported,clean-for-review,assessing-the-impact-of-sun-glint-on-seagrass-and-benthic-habitat-classificati-f4179baf
pending-review,2026,"Assessing the Relationship between Coastal Reclamation and Seagrass Ecosystems in Coron, Palawan using Multitemporal Remote Sensing, Shoreline Change Analysis, and Turbidity Mapping",Ayin M. Tamondong,"JPB Galan, DDO Gonzales, AM Tamondong, AL Quiros","ISPRS Annals of the Photogrammetry, Remote Sensing and Spatial Information …",10.5194/isprs-annals-X-5-W4-2025-253-2026,coastal-marine-systems|water-air-environmental-quality,earth-observation-remote-sensing,none,verified,clean-for-review,assessing-the-relationship-between-coastal-reclamation-and-seagrass-ecosystems-f7d54864
pending-review,2026,"Assessment of Coastal Zone Changes and Relative Bathymetry in Dingalan, Aurora Using Remote Sensing Techniques",Ayin M. Tamondong,"CJI Alonzo, GAM Rondin, JA Principe, AM Tamondong","ISPRS Annals of the Photogrammetry, Remote Sensing and Spatial Information …",10.5194/isprs-annals-x-5-w4-2025-27-2026,coastal-marine-systems,earth-observation-remote-sensing,none,source-supported,clean-for-review,assessment-of-coastal-zone-changes-and-relative-bathymetry-in-dingalan-aurora-5728fc2c
pending-review,2026,Assessment of Groundwater Potential in North-Central Palawan using Remote Sensing and Geophysical Analysis of Fractured Basement Aquifers,Ayin M. Tamondong,"JG Cuevas, JEE Cari, JA Principe, AM Tamondong, CB Dimalanta, ...","ISPRS Annals of the Photogrammetry, Remote Sensing and Spatial Information …",10.5194/isprs-annals-x-5-w4-2025-197-2026,water-air-environmental-quality,earth-observation-remote-sensing,none,source-supported,clean-for-review,assessment-of-groundwater-potential-in-north-central-palawan-using-remote-sens-546b1a0e
pending-review,2026,Assessment of Metro Manila Urban Parks’ Cooling Effect Based on Landscape Metrics Using Threshold Value of Efficiency (TVoE) Approach,Erica Erin E. Elazegui,"JC Guadalupe, JDG Gorospe, EEE Elazegui, JB Babaan-Mabaquiao","ISPRS Annals of the Photogrammetry, Remote Sensing and Spatial Information …",,urban-sustainable-systems,,none,source-supported,clean-for-review,assessment-of-metro-manila-urban-parks-cooling-effect-based-on-landscape-metri-5505b543
pending-review,2026,Change Detection of Invasive Swietenia macrophylla (Mahogany) in Bohol Man-Made Forest from 2013-2023 Through Vegetation and Soil Spectral Indices Using Landsat 8 in Google Earth Engine,Erica Erin E. Elazegui,"MJJ Broqueza, BG Agamao, CL Gadrinab, HM Porlares, EEE Elazegui","ISPRS Annals of the Photogrammetry, Remote Sensing and Spatial Information …",10.5194/isprs-annals-X-5-W4-2025-97-2026,ecosystems-biodiversity-land-change,,none,verified,clean-for-review,change-detection-of-invasive-swietenia-macrophylla-mahogany-in-bohol-man-made-2075b75d
pending-review,2026,"Defining Fire Regime in Palawan, Philippines using Satellite-based Fire and Burned Area Products",Ariel C. Blanco,"CP Canlas, AC Blanco",Philippines using Satellite-based Fire and Burned Area Products,10.2139/ssrn.6732050,climate-hazards-resilience|ecosystems-biodiversity-land-change,earth-observation-remote-sensing,none,verified,clean-for-review,defining-fire-regime-in-palawan-philippines-using-satellite-based-fire-and-bur-7c7b5e85
pending-review,2026,Delineation and Extraction of Information on Farm-to-Market Roads (FMR) using Very High-Resolution (VHR) Satellite Image,Ariel C. Blanco,"AA Nerves, AMP Piano, ALS Arias, AJC Sabuito, AC Blanco","ISPRS Annals of the Photogrammetry, Remote Sensing and Spatial Information …",,urban-sustainable-systems,earth-observation-remote-sensing,none,source-supported,clean-for-review,delineation-and-extraction-of-information-on-farm-to-market-roads-fmr-using-ve-7bb793a6
pending-review,2026,"Development and Application of Coconut Vegetation Indices (CVIs) for Rapid and Accurate Coconut Mapping Using Sentinel-2 Images: A Case Study of Quezon Province, Philippines",Ariel C. Blanco|Ayin M. Tamondong,"JEJ Malangis, AC Blanco, AM Tamondong","ISPRS Annals of the Photogrammetry, Remote Sensing and Spatial Information …",10.5194/isprs-annals-x-5-w4-2025-323-2026,ecosystems-biodiversity-land-change,earth-observation-remote-sensing|geovisualization-decision-support,none,source-supported,clean-for-review,development-and-application-of-coconut-vegetation-indices-cvis-for-rapid-and-a-15d0885b
pending-review,2026,Development of a GIS-Based Socio-Spatial Quality Index for Assessing Urban Resettlement Outcomes: A Case Study of Quezon City,Jommer M. Medina,"JP Marco, SP Pascual, KAP Vergara, JM Medina","ISPRS Annals of the Photogrammetry, Remote Sensing and Spatial Information …",,urban-sustainable-systems,gis-spatial-analytics,none,source-supported,clean-for-review,development-of-a-gis-based-socio-spatial-quality-index-for-assessing-urban-res-680c034b
pending-review,2026,"Estimating and Mapping Mangrove Aboveground Biomass in Zambales Province, Northwest Philippines using Ensemble Modeling on Fusion of Open Satellite Data​",Ariel C. Blanco,"CDC Zablan, AA Nerves, AC Blanco, S Salmo, RB Reyes",Northwest Philippines using Ensemble Modeling on Fusion of Open Satellite Data,10.2139/ssrn.6666088,coastal-marine-systems|ecosystems-biodiversity-land-change,earth-observation-remote-sensing|environmental-spatial-modeling,none,verified,clean-for-review,estimating-and-mapping-mangrove-aboveground-biomass-in-zambales-province-north-2c090856
pending-review,2026,"Evaluating Machine Learning Algorithms for Onion Mapping in Nueva Ecija, Philippines Using Sentinel-2 Imagery",Ariel C. Blanco,"RR Diwa, AC Blanco","The International Archives of the Photogrammetry, Remote Sensing and Spatial …",,,earth-observation-remote-sensing|geoai-spatial-data-science,none,source-supported,clean-for-review,evaluating-machine-learning-algorithms-for-onion-mapping-in-nueva-ecija-philip-5d71450a
pending-review,2026,"Floating Photovoltaic Potential Assessment of Angat Reservoir, Philippines using Remote Sensing and Geographic Information Systems",John Emmanuel D. Escoto,"MG Lagan, HM Porlares, MRCO Ang, JED Escoto","ISPRS Annals of the Photogrammetry, Remote Sensing and Spatial Information …",,urban-sustainable-systems,earth-observation-remote-sensing,none,source-supported,clean-for-review,floating-photovoltaic-potential-assessment-of-angat-reservoir-philippines-usin-97589dc4
pending-review,2026,"Green, Green Grass of Home: A GIS-Based Analysis of Greenspace Accessibility in Quezon City",Ariel C. Blanco|Jommer M. Medina,"CJB Streegan, AC Blanco, JM Medina","The International Archives of the Photogrammetry, Remote Sensing and Spatial …",,ecosystems-biodiversity-land-change|urban-sustainable-systems,gis-spatial-analytics,none,source-supported,clean-for-review,green-green-grass-of-home-a-gis-based-analysis-of-greenspace-accessibility-in-7d788fa9
pending-review,2026,"Habitat Suitability Modeling of Seagrass on Santiago Island, Pangasinan Using Satellite Imagery-Derived Environmental Parameters",Jommer M. Medina,"GAP Amolato, JAS Cayasfon, ESJ Dumalaog, JM Medina","The International Archives of the Photogrammetry, Remote Sensing and Spatial …",,coastal-marine-systems|ecosystems-biodiversity-land-change,earth-observation-remote-sensing|environmental-spatial-modeling|gis-spatial-analytics,none,source-supported,clean-for-review,habitat-suitability-modeling-of-seagrass-on-santiago-island-pangasinan-using-s-b2fd9e90
pending-review,2026,Integration of Remote Sensing and Particle Tracking Modeling to Locate Marine Litter Accumulations in Manila Bay Pasig River Outfall,Ayin M. Tamondong,"FAF Francisco, EKP Mortega, AM Tamondong, EC Herrera","ISPRS Annals of the Photogrammetry, Remote Sensing and Spatial Information …",10.5194/isprs-annals-x-5-w4-2025-245-2026,coastal-marine-systems,earth-observation-remote-sensing|environmental-spatial-modeling,none,source-supported,clean-for-review,integration-of-remote-sensing-and-particle-tracking-modeling-to-locate-marine-413ef950
pending-review,2026,"Mapping the Unseen: The Impact of Urban Sprawl on NO2, CO, and O3 Pollutants in Cavite Using Sentinel-2 and Sentinel-5P from 2020 to 2023",Jommer M. Medina,"JEN Colendres, JCN de Vera, MP Santos, JM Medina","The International Archives of the Photogrammetry, Remote Sensing and Spatial …",,urban-sustainable-systems|water-air-environmental-quality,earth-observation-remote-sensing,none,source-supported,clean-for-review,mapping-the-unseen-the-impact-of-urban-sprawl-on-no2-co-and-o3-pollutants-in-c-9f160dae
pending-review,2026,Modeling Land Surface Temperature (LST) and Surface Urban Heat Islands (SUHI) in Taguig City (Philippines) using Material Distribution Derived from Linear Spectral Unmixing of PRISMA Hyperspectral Data,Ariel C. Blanco|Erica Erin E. Elazegui,"KEM Aguilan, DLT Ngo, AC Blanco, EEE Elazegui","ISPRS Annals of the Photogrammetry, Remote Sensing and Spatial Information …",10.5194/isprs-annals-X-5-W4-2025-11-2026,climate-hazards-resilience|urban-sustainable-systems,environmental-spatial-modeling,none,verified,clean-for-review,modeling-land-surface-temperature-lst-and-surface-urban-heat-islands-suhi-in-t-1b8fbed7
pending-review,2026,"Multitemporal Analysis of Green Spaces in Manila, Philippines through a Green Index",Jommer M. Medina,"FAF Francisco, DDO Gonzales, AMY Narca, JM Medina","ISPRS Annals of the Photogrammetry, Remote Sensing and Spatial Information …",,ecosystems-biodiversity-land-change,,none,source-supported,clean-for-review,multitemporal-analysis-of-green-spaces-in-manila-philippines-through-a-green-i-70a5aa48
pending-review,2026,Onshore Wind Farms Suitability Analysis Using GIS-based AHP-PROMETHEE II,Jommer M. Medina,"CDS Gamboa, MRCO Ang, JM Medina","The International Archives of the Photogrammetry, Remote Sensing and Spatial …",,urban-sustainable-systems,gis-spatial-analytics,none,source-supported,clean-for-review,onshore-wind-farms-suitability-analysis-using-gis-based-ahp-promethee-ii-2026-703a1f12
pending-review,2026,Post-Disaster Building Damage Assessment Using 3D Surface Models Derived from Unmanned Aerial Vehicle (UAV) Imagery,Ariel C. Blanco,"APJ Manzano, AC Blanco","ISPRS Annals of the Photogrammetry, Remote Sensing and Spatial Information …",,climate-hazards-resilience|urban-sustainable-systems,earth-observation-remote-sensing|lidar-photogrammetry-3d-geomatics,none,source-supported,clean-for-review,post-disaster-building-damage-assessment-using-3d-surface-models-derived-from-bb0f4d22
pending-review,2026,Prediction of Red Tide Events in the Philippines using MODIS-derived Oceanographic Parameters and XGBoost,Ayin M. Tamondong|John Emmanuel D. Escoto|Jommer M. Medina,"CAP Arellano, AAC Castillo, AM Tamondong, JM Medina, JED Escoto","ISPRS Annals of the Photogrammetry, Remote Sensing and Spatial Information …",10.5194/isprs-annals-x-5-w4-2025-51-2026,coastal-marine-systems,earth-observation-remote-sensing|geoai-spatial-data-science,none,source-supported,clean-for-review,prediction-of-red-tide-events-in-the-philippines-using-modis-derived-oceanogra-7adb430c
pending-review,2026,Spatial and Socioeconomic Drivers of Land Use Change in High-Density Residential Areas (R-3) in Quezon City: A Predictive Simulation Using the Cellular Automata-Markov Chain Model,Erica Erin E. Elazegui,"WRS Dario, RAD David, EEE Elazegui, ARC Claridades","ISPRS Annals of the Photogrammetry, Remote Sensing and Spatial Information …",,ecosystems-biodiversity-land-change|urban-sustainable-systems,environmental-spatial-modeling|geoai-spatial-data-science,none,source-supported,clean-for-review,spatial-and-socioeconomic-drivers-of-land-use-change-in-high-density-residenti-d3f8dcc1
pending-review,2026,Spatiotemporal Analysis of Mining-Induced Vegetation Loss in Homonhon Island Using Normalized Difference Vegetation Index: Possible Impacts on Biodiversity and Community,Margaux Angelica A. Cruz,"MA Cruz, FD Rivera","Int. Arch. Photogramm. Remote Sens. Spatial Inf. Sci, 71–78",,ecosystems-biodiversity-land-change,gis-spatial-analytics,none,source-supported,clean-for-review,spatiotemporal-analysis-of-mining-induced-vegetation-loss-in-homonhon-island-u-74a29306
pending-review,2026,"Spatiotemporal Analysis of the Potential Impact of the Masinloc Power Plant on the Thermal Pollution in Oyon Bay, Zambales, and its Correlation to the Seagrass Cover",Ayin M. Tamondong|Jommer M. Medina,"LGE Galinato, AM Tolentino, AM Tamondong, JM Medina, SG Salmo III","ISPRS Annals of the Photogrammetry, Remote Sensing and Spatial Information …",10.5194/isprs-annals-x-5-w4-2025-261-2026,coastal-marine-systems|water-air-environmental-quality,gis-spatial-analytics,none,source-supported,clean-for-review,spatiotemporal-analysis-of-the-potential-impact-of-the-masinloc-power-plant-on-222e13ba
pending-review,2026,Spatiotemporal Modeling of Lava Dome Evolution of Mt. Mayon during its 2023 Eruption using Remote Sensing Data,Ayin M. Tamondong,"APA Castro, PMC Jatulan, JA Principe, AM Tamondong","ISPRS Annals of the Photogrammetry, Remote Sensing and Spatial Information …",10.5194/isprs-annals-x-5-w4-2025-159-2026,climate-hazards-resilience,earth-observation-remote-sensing|environmental-spatial-modeling|gis-spatial-analytics,none,source-supported,clean-for-review,spatiotemporal-modeling-of-lava-dome-evolution-of-mt-mayon-during-its-2023-eru-44395119
