publication_id,year,title,source_or_venue,display_classification,display_issue,recommended_display_action
a-framework-for-the-development-of-digital-spatial-weights-using-social-media-1ca191a8,2026,A Framework for the Development of Digital Spatial Weights using Social Media Data: Methodological Foundation and Initial Analysis,"ISPRS Annals of the Photogrammetry, Remote Sensing and Spatial Information …",B,The source or venue appears truncated but remains meaningful.,Display the existing source or venue without fabricating a completion.
aboveground-biomass-estimation-of-rice-crops-oryza-sativa-l-utilizing-paramete-8a3dcdc2,2026,Aboveground Biomass Estimation of Rice Crops (Oryza sativa L.) Utilizing Parameters Derived From UAV-Based LiDAR And Multispectral Satellite Sensors,"The International Archives of the Photogrammetry, Remote Sensing and Spatial …",B,The source or venue appears truncated but remains meaningful.,Display the existing source or venue without fabricating a completion.
analyzing-economic-spatial-patterns-of-the-metro-manila-urban-agglomeration-us-d0ad1c0f,2026,Analyzing Economic Spatial Patterns of the Metro Manila Urban Agglomeration using Nighttime Light Data,"ISPRS Annals of the Photogrammetry, Remote Sensing and Spatial Information …",B,The source or venue appears truncated but remains meaningful.,Display the existing source or venue without fabricating a completion.
analyzing-urban-agglomeration-patterns-and-economic-development-in-metro-manil-2860fd08,2026,Analyzing Urban Agglomeration Patterns and Economic Development in Metro Manila using Social Network Analysis,"ISPRS Annals of the Photogrammetry, Remote Sensing and Spatial Information …",B,The source or venue appears truncated but remains meaningful.,Display the existing source or venue without fabricating a completion.
assessing-the-impact-of-sun-glint-on-seagrass-and-benthic-habitat-classificati-f4179baf,2026,Assessing the Impact of Sun Glint on Seagrass and Benthic Habitat Classification Accuracy across various Algorithms using PlanetScope Imagery,"The International Archives of the Photogrammetry, Remote Sensing and Spatial …",B,The source or venue appears truncated but remains meaningful.,Display the existing source or venue without fabricating a completion.
assessing-the-relationship-between-coastal-reclamation-and-seagrass-ecosystems-f7d54864,2026,"Assessing the Relationship between Coastal Reclamation and Seagrass Ecosystems in Coron, Palawan using Multitemporal Remote Sensing, Shoreline Change Analysis, and Turbidity Mapping","ISPRS Annals of the Photogrammetry, Remote Sensing and Spatial Information …",B,The source or venue appears truncated but remains meaningful.,Display the existing source or venue without fabricating a completion.
assessment-of-coastal-zone-changes-and-relative-bathymetry-in-dingalan-aurora-5728fc2c,2026,"Assessment of Coastal Zone Changes and Relative Bathymetry in Dingalan, Aurora Using Remote Sensing Techniques","ISPRS Annals of the Photogrammetry, Remote Sensing and Spatial Information …",B,The source or venue appears truncated but remains meaningful.,Display the existing source or venue without fabricating a completion.
assessment-of-groundwater-potential-in-north-central-palawan-using-remote-sens-546b1a0e,2026,Assessment of Groundwater Potential in North-Central Palawan using Remote Sensing and Geophysical Analysis of Fractured Basement Aquifers,"ISPRS Annals of the Photogrammetry, Remote Sensing and Spatial Information …",B,The source or venue appears truncated but remains meaningful.,Display the existing source or venue without fabricating a completion.
assessment-of-metro-manila-urban-parks-cooling-effect-based-on-landscape-metri-5505b543,2026,Assessment of Metro Manila Urban Parks’ Cooling Effect Based on Landscape Metrics Using Threshold Value of Efficiency (TVoE) Approach,"ISPRS Annals of the Photogrammetry, Remote Sensing and Spatial Information …",B,The source or venue appears truncated but remains meaningful.,Display the existing source or venue without fabricating a completion.
change-detection-of-invasive-swietenia-macrophylla-mahogany-in-bohol-man-made-2075b75d,2026,Change Detection of Invasive Swietenia macrophylla (Mahogany) in Bohol Man-Made Forest from 2013-2023 Through Vegetation and Soil Spectral Indices Using Landsat 8 in Google Earth Engine,"ISPRS Annals of the Photogrammetry, Remote Sensing and Spatial Information …",B,The source or venue appears truncated but remains meaningful.,Display the existing source or venue without fabricating a completion.
defining-fire-regime-in-palawan-philippines-using-satellite-based-fire-and-bur-7c7b5e85,2026,"Defining Fire Regime in Palawan, Philippines using Satellite-based Fire and Burned Area Products",Philippines using Satellite-based Fire and Burned Area Products,C,The source or venue value repeats or appears to be part of the publication title.,Omit the venue from public display and preserve the source value for later bibliographic correction.
delineation-and-extraction-of-information-on-farm-to-market-roads-fmr-using-ve-7bb793a6,2026,Delineation and Extraction of Information on Farm-to-Market Roads (FMR) using Very High-Resolution (VHR) Satellite Image,"ISPRS Annals of the Photogrammetry, Remote Sensing and Spatial Information …",B,The source or venue appears truncated but remains meaningful.,Display the existing source or venue without fabricating a completion.
development-and-application-of-coconut-vegetation-indices-cvis-for-rapid-and-a-15d0885b,2026,"Development and Application of Coconut Vegetation Indices (CVIs) for Rapid and Accurate Coconut Mapping Using Sentinel-2 Images: A Case Study of Quezon Province, Philippines","ISPRS Annals of the Photogrammetry, Remote Sensing and Spatial Information …",B,The source or venue appears truncated but remains meaningful.,Display the existing source or venue without fabricating a completion.
development-of-a-gis-based-socio-spatial-quality-index-for-assessing-urban-res-680c034b,2026,Development of a GIS-Based Socio-Spatial Quality Index for Assessing Urban Resettlement Outcomes: A Case Study of Quezon City,"ISPRS Annals of the Photogrammetry, Remote Sensing and Spatial Information …",B,The source or venue appears truncated but remains meaningful.,Display the existing source or venue without fabricating a completion.
estimating-and-mapping-mangrove-aboveground-biomass-in-zambales-province-north-2c090856,2026,"Estimating and Mapping Mangrove Aboveground Biomass in Zambales Province, Northwest Philippines using Ensemble Modeling on Fusion of Open Satellite Data​",Northwest Philippines using Ensemble Modeling on Fusion of Open Satellite Data,C,The source or venue value repeats or appears to be part of the publication title.,Omit the venue from public display and preserve the source value for later bibliographic correction.
evaluating-machine-learning-algorithms-for-onion-mapping-in-nueva-ecija-philip-5d71450a,2026,"Evaluating Machine Learning Algorithms for Onion Mapping in Nueva Ecija, Philippines Using Sentinel-2 Imagery","The International Archives of the Photogrammetry, Remote Sensing and Spatial …",B,The source or venue appears truncated but remains meaningful.,Display the existing source or venue without fabricating a completion.
floating-photovoltaic-potential-assessment-of-angat-reservoir-philippines-usin-97589dc4,2026,"Floating Photovoltaic Potential Assessment of Angat Reservoir, Philippines using Remote Sensing and Geographic Information Systems","ISPRS Annals of the Photogrammetry, Remote Sensing and Spatial Information …",B,The source or venue appears truncated but remains meaningful.,Display the existing source or venue without fabricating a completion.
green-green-grass-of-home-a-gis-based-analysis-of-greenspace-accessibility-in-7d788fa9,2026,"Green, Green Grass of Home: A GIS-Based Analysis of Greenspace Accessibility in Quezon City","The International Archives of the Photogrammetry, Remote Sensing and Spatial …",B,The source or venue appears truncated but remains meaningful.,Display the existing source or venue without fabricating a completion.
habitat-suitability-modeling-of-seagrass-on-santiago-island-pangasinan-using-s-b2fd9e90,2026,"Habitat Suitability Modeling of Seagrass on Santiago Island, Pangasinan Using Satellite Imagery-Derived Environmental Parameters","The International Archives of the Photogrammetry, Remote Sensing and Spatial …",B,The source or venue appears truncated but remains meaningful.,Display the existing source or venue without fabricating a completion.
integration-of-remote-sensing-and-particle-tracking-modeling-to-locate-marine-413ef950,2026,Integration of Remote Sensing and Particle Tracking Modeling to Locate Marine Litter Accumulations in Manila Bay Pasig River Outfall,"ISPRS Annals of the Photogrammetry, Remote Sensing and Spatial Information …",B,The source or venue appears truncated but remains meaningful.,Display the existing source or venue without fabricating a completion.
mapping-the-unseen-the-impact-of-urban-sprawl-on-no2-co-and-o3-pollutants-in-c-9f160dae,2026,"Mapping the Unseen: The Impact of Urban Sprawl on NO2, CO, and O3 Pollutants in Cavite Using Sentinel-2 and Sentinel-5P from 2020 to 2023","The International Archives of the Photogrammetry, Remote Sensing and Spatial …",B,The source or venue appears truncated but remains meaningful.,Display the existing source or venue without fabricating a completion.
modeling-land-surface-temperature-lst-and-surface-urban-heat-islands-suhi-in-t-1b8fbed7,2026,Modeling Land Surface Temperature (LST) and Surface Urban Heat Islands (SUHI) in Taguig City (Philippines) using Material Distribution Derived from Linear Spectral Unmixing of PRISMA Hyperspectral Data,"ISPRS Annals of the Photogrammetry, Remote Sensing and Spatial Information …",B,The source or venue appears truncated but remains meaningful.,Display the existing source or venue without fabricating a completion.
multitemporal-analysis-of-green-spaces-in-manila-philippines-through-a-green-i-70a5aa48,2026,"Multitemporal Analysis of Green Spaces in Manila, Philippines through a Green Index","ISPRS Annals of the Photogrammetry, Remote Sensing and Spatial Information …",B,The source or venue appears truncated but remains meaningful.,Display the existing source or venue without fabricating a completion.
onshore-wind-farms-suitability-analysis-using-gis-based-ahp-promethee-ii-2026-703a1f12,2026,Onshore Wind Farms Suitability Analysis Using GIS-based AHP-PROMETHEE II,"The International Archives of the Photogrammetry, Remote Sensing and Spatial …",B,The source or venue appears truncated but remains meaningful.,Display the existing source or venue without fabricating a completion.
post-disaster-building-damage-assessment-using-3d-surface-models-derived-from-bb0f4d22,2026,Post-Disaster Building Damage Assessment Using 3D Surface Models Derived from Unmanned Aerial Vehicle (UAV) Imagery,"ISPRS Annals of the Photogrammetry, Remote Sensing and Spatial Information …",B,The source or venue appears truncated but remains meaningful.,Display the existing source or venue without fabricating a completion.
prediction-of-red-tide-events-in-the-philippines-using-modis-derived-oceanogra-7adb430c,2026,Prediction of Red Tide Events in the Philippines using MODIS-derived Oceanographic Parameters and XGBoost,"ISPRS Annals of the Photogrammetry, Remote Sensing and Spatial Information …",B,The source or venue appears truncated but remains meaningful.,Display the existing source or venue without fabricating a completion.
spatial-and-socioeconomic-drivers-of-land-use-change-in-high-density-residenti-d3f8dcc1,2026,Spatial and Socioeconomic Drivers of Land Use Change in High-Density Residential Areas (R-3) in Quezon City: A Predictive Simulation Using the Cellular Automata-Markov Chain Model,"ISPRS Annals of the Photogrammetry, Remote Sensing and Spatial Information …",B,The source or venue appears truncated but remains meaningful.,Display the existing source or venue without fabricating a completion.
spatiotemporal-analysis-of-mining-induced-vegetation-loss-in-homonhon-island-u-74a29306,2026,Spatiotemporal Analysis of Mining-Induced Vegetation Loss in Homonhon Island Using Normalized Difference Vegetation Index: Possible Impacts on Biodiversity and Community,"Int. Arch. Photogramm. Remote Sens. Spatial Inf. Sci, 71–78",A,,Display the existing source or venue.
spatiotemporal-analysis-of-the-potential-impact-of-the-masinloc-power-plant-on-222e13ba,2026,"Spatiotemporal Analysis of the Potential Impact of the Masinloc Power Plant on the Thermal Pollution in Oyon Bay, Zambales, and its Correlation to the Seagrass Cover","ISPRS Annals of the Photogrammetry, Remote Sensing and Spatial Information …",B,The source or venue appears truncated but remains meaningful.,Display the existing source or venue without fabricating a completion.
spatiotemporal-modeling-of-lava-dome-evolution-of-mt-mayon-during-its-2023-eru-44395119,2026,Spatiotemporal Modeling of Lava Dome Evolution of Mt. Mayon during its 2023 Eruption using Remote Sensing Data,"ISPRS Annals of the Photogrammetry, Remote Sensing and Spatial Information …",B,The source or venue appears truncated but remains meaningful.,Display the existing source or venue without fabricating a completion.
a-geospatial-approach-for-the-assessment-and-management-prioritization-of-phil-78904b46,2025,A Geospatial Approach for the Assessment and Management Prioritization of Philippine Terrestrial Key Biodiversity Areas: Towards Meeting Global Sustainability Targets,"ISPRS Annals of the Photogrammetry, Remote Sensing and Spatial Information …",B,The source or venue appears truncated but remains meaningful.,Display the existing source or venue without fabricating a completion.
aboveground-biomass-estimation-of-an-old-growth-mangrove-forest-using-airborne-a3ab47da,2025,Aboveground biomass estimation of an old‐growth mangrove forest using airborne LiDAR in the Philippines,"Ecological Research 40 (2), 120-132",A,,Display the existing source or venue.
estimation-of-pm-concentrations-in-the-philippines-using-sentinel-5p-and-artif-c639970c,2025,Estimation of PM concentrations in the Philippines using Sentinel-5P and artificial neural network,"Remote Sensing of the Atmosphere, Clouds, and Precipitation VIII 13262, 129-142",A,,Display the existing source or venue.
impact-of-land-cover-change-on-hydrology-and-coastal-water-quality-a-case-stud-d337d40e,2025,Impact of Land Cover Change on Hydrology and Coastal Water Quality: a Case Study of the Agno River Basin Using Swat,IGARSS 2025-2025 IEEE International Geoscience and Remote Sensing Symposium …,B,The source or venue appears truncated but remains meaningful.,Display the existing source or venue without fabricating a completion.
integrated-approach-for-coral-reef-conservation-and-rehabilitation-in-the-phil-9922e890,2025,INTEGRATED APPROACH FOR CORAL REEF CONSERVATION AND REHABILITATION IN THE PHILIPPINES,Proceedings of the 41st IAHR World Congress–Innovative Water Eng. for …,B,The source or venue appears truncated but remains meaningful.,Display the existing source or venue without fabricating a completion.
mapping-grassfire-burn-severity-with-sentinel-2-super-resolution-and-blacksky-0a367f10,2025,"Mapping grassfire burn severity with Sentinel-2 super-resolution and BlackSky imagery: a case study of the 2025 Grassfire in Zambales, Philippines","IOP Conference Series: Earth and Environmental Science 1551 (1), 012007",A,,Display the existing source or venue.
mapping-the-benthic-habitats-of-boracay-and-santa-cruz-islands-philippines-usi-faa1deb8,2025,"Mapping the benthic habitats of Boracay and Santa Cruz Islands, Philippines using Sentinel-2 imagery and random forest classification in Google Earth Engine","Active and Passive Remote Sensing of Oceans, Seas, and Lakes 13264, 47-55",A,,Display the existing source or venue.
optimizing-blue-carbon-information-as-a-complementary-strategy-to-mangrove-con-32fe2403,2025,"OPTIMIZING"" BLUE CARBON"" INFORMATION AS A COMPLEMENTARY STRATEGY TO MANGROVE CONSERVATION AND RESTORATION: A META-ANALYSIS ON CARBON STOCKS IN PHILIPPINE MANGROVES","BULLETIN OF MARINE SCIENCE 101 (3), 1673-1673",A,,Display the existing source or venue.
3d-reconstruction-of-the-fort-santiago-dungeons-using-handheld-laser-scanning-b94ea892,2024,3d reconstruction of the fort santiago dungeons using handheld laser scanning method,"The International Archives of the Photogrammetry, Remote Sensing and Spatial …",B,The source or venue appears truncated but remains meaningful.,Display the existing source or venue without fabricating a completion.
advancing-blue-carbon-knowledge-leveraging-geomatics-for-capacity-building-thr-17c5b09d,2024,Advancing blue carbon knowledge: Leveraging geomatics for capacity building through the bluecares project,"The International Archives of the Photogrammetry, Remote Sensing and Spatial …",B,The source or venue appears truncated but remains meaningful.,Display the existing source or venue without fabricating a completion.
assessment-of-the-vulnerability-of-coastal-agriculture-to-seawater-intrusion-u-ded93b1e,2024,"Assessment of the vulnerability of coastal agriculture to seawater intrusion using remote sensing, GIS, and Multi-Criteria Decision Analysis","International Journal of Digital Earth 17 (1), 2367733",A,,Display the existing source or venue.
comparative-analysis-of-prisma-hyperspectral-and-sentinel-2-multispectral-imag-f1c4b81a,2024,Comparative analysis of Prisma hyperspectral and Sentinel-2 multispectral images for Chlorophyll-a and turbidity mapping of Taal lake,"The International Archives of the Photogrammetry, Remote Sensing and Spatial …",B,The source or venue appears truncated but remains meaningful.,Display the existing source or venue without fabricating a completion.
comparative-analysis-of-random-forest-and-support-vector-machine-for-benthic-h-1be9c999,2024,Comparative analysis of random forest and support vector machine for benthic habitat segmentation,Eighth Geoinformation Science Symposium 2023: Geoinformation Science for …,B,The source or venue appears truncated but remains meaningful.,Display the existing source or venue without fabricating a completion.
coral-bleaching-detection-using-prisma-hyperspectral-satellite-imagery-in-cala-b9d733b5,2024,"Coral Bleaching Detection Using PRISMA Hyperspectral Satellite Imagery in Calatagan, Batangas","ISPRS Annals of the Photogrammetry, Remote Sensing and Spatial Information …",B,The source or venue appears truncated but remains meaningful.,Display the existing source or venue without fabricating a completion.
development-of-land-use-regression-models-for-particulate-matter-estimation-in-9782bd51,2024,"Development of land-use regression models for particulate matter estimation in National Capital Region, Philippines","The International Archives of the Photogrammetry, Remote Sensing and Spatial …",B,The source or venue appears truncated but remains meaningful.,Display the existing source or venue without fabricating a completion.
development-of-methodology-for-monitoring-and-assessing-the-national-greening-7d111326,2024,Development of methodology for monitoring and assessing the national greening program using optical and SAR data,"The International Archives of the Photogrammetry, Remote Sensing and Spatial …",B,The source or venue appears truncated but remains meaningful.,Display the existing source or venue without fabricating a completion.
drones4bluecarbonseagrass-a-capacity-building-program-for-mapping-seagrasses-u-09d55380,2024,DRONES4BLUECARBONSEAGRASS: A Capacity-Building Program for Mapping Seagrasses using Unmanned Aerial System (UAS) Technology in the Philippines,"ISPRS Annals of the Photogrammetry, Remote Sensing and Spatial Information …",B,The source or venue appears truncated but remains meaningful.,Display the existing source or venue without fabricating a completion.
eighth-geoinformation-science-symposium-2023-geoinformation-science-for-sustai-586fe7ba,2024,Eighth Geoinformation Science Symposium 2023: Geoinformation Science for Sustainable Planet,"Proc. of SPIE Vol 12977, 1297701-1",A,,Display the existing source or venue.
enhancement-of-the-field-assessment-protocols-and-suitability-maps-for-coconut-8aa6d959,2024,Enhancement of the Field Assessment Protocols and Suitability Maps for Coconut,"The International Archives of the Photogrammetry, Remote Sensing and Spatial …",B,The source or venue appears truncated but remains meaningful.,Display the existing source or venue without fabricating a completion.
enhancing-government-capacity-for-air-quality-management-in-the-philippines-th-2129375d,2024,Enhancing Government Capacity for Air Quality Management in the Philippines through Geospatial Technologies: A Case of Project AiRMoVE,"ISPRS Annals of the Photogrammetry, Remote Sensing and Spatial Information …",B,The source or venue appears truncated but remains meaningful.,Display the existing source or venue without fabricating a completion.
fishpond-status-mapping-using-radar-remote-sensing-2024-b1ea1afd,2024,Fishpond status mapping using radar remote sensing,"The International Archives of the Photogrammetry, Remote Sensing and Spatial …",B,The source or venue appears truncated but remains meaningful.,Display the existing source or venue without fabricating a completion.
increasing-the-awareness-of-the-benefits-of-earth-observation-applications-thr-90916ecc,2024,Increasing the Awareness of the Benefits of Earth Observation Applications through the Space Information Infrastructure Capacity Building and Training Program (SIICaP),"ISPRS Annals of the Photogrammetry, Remote Sensing and Spatial Information …",B,The source or venue appears truncated but remains meaningful.,Display the existing source or venue without fabricating a completion.
integration-of-stumpf-s-ratio-model-and-random-forest-for-satellite-derived-ba-9a746a0b,2024,Integration of Stumpf's ratio model and random forest for satellite-derived bathymetry estimation,"The International Archives of the Photogrammetry, Remote Sensing and Spatial …",B,The source or venue appears truncated but remains meaningful.,Display the existing source or venue without fabricating a completion.
investigating-the-relationship-of-water-quality-on-land-cover-change-in-boraca-36a6e44b,2024,Investigating the Relationship of Water Quality on Land Cover Change in Boracay Island,"The International Archives of Photogrammetry, Remote Sensing and Spatial …",B,The source or venue appears truncated but remains meaningful.,Display the existing source or venue without fabricating a completion.
mapping-and-assessment-of-burned-areas-in-rizal-palawan-using-sar-burned-and-v-cd95aecf,2024,"Mapping and assessment of burned areas in Rizal, Palawan using SAR burned and vegetation indices",Eighth Geoinformation Science Symposium 2023: Geoinformation Science for …,B,The source or venue appears truncated but remains meaningful.,Display the existing source or venue without fabricating a completion.
mapping-and-assessment-of-slash-and-burn-farming-in-palawan-philippines-using-b56c8cc0,2024,"Mapping and assessment of slash-and-burn farming in Palawan, Philippines using various fire and burnt area products",Eighth Geoinformation Science Symposium 2023: Geoinformation Science for …,B,The source or venue appears truncated but remains meaningful.,Display the existing source or venue without fabricating a completion.
mapping-and-assessment-of-the-spatial-and-temporal-distribution-of-turbidity-i-60123062,2024,MAPPING AND ASSESSMENT OF THE SPATIAL AND TEMPORAL DISTRIBUTION OF TURBIDITY IN LAKE BUHI FROM SENTINEL-2 IMAGES USING GEOGRAPHICALLY WEIGHTED REGRESSION AND NORMALIZED DIFFERENCE TURBIDITY INDEX,"The International Archives of the Photogrammetry, Remote Sensing and Spatial …",B,The source or venue appears truncated but remains meaningful.,Display the existing source or venue without fabricating a completion.
mindoro-oil-spill-progress-monitoring-using-satellite-imagery-2024-8fd62655,2024,Mindoro oil spill progress monitoring using satellite imagery,"The International Archives of the Photogrammetry, Remote Sensing and Spatial …",B,The source or venue appears truncated but remains meaningful.,Display the existing source or venue without fabricating a completion.
multisource-and-multitemporal-land-cover-mapping-of-greater-luzon-island-using-4a0a566f,2024,Multisource and multitemporal land cover mapping of Greater Luzon Island using Google Earth Engine,"The International Archives of the Photogrammetry, Remote Sensing and Spatial …",B,The source or venue appears truncated but remains meaningful.,Display the existing source or venue without fabricating a completion.
onion-mapping-using-prisma-hyperspectral-image-comparative-analysis-of-k-means-82fc9834,2024,Onion mapping using PRISMA hyperspectral image: comparative analysis of K-means classification and linear spectral unmixing,"Multispectral, Hyperspectral, and Ultraspectral Remote Sensing Technology …",B,The source or venue appears truncated but remains meaningful.,Display the existing source or venue without fabricating a completion.
optimization-of-space-data-development-and-distribution-and-capacity-building-8f8a31fc,2024,Optimization of Space Data Development and Distribution and Capacity Building in the Philippines through the PhilSA Integrated Network for Space Enabled Actions towards Sustainability (PINAS) Project,"ISPRS Annals of the Photogrammetry, Remote Sensing and Spatial Information …",B,The source or venue appears truncated but remains meaningful.,Display the existing source or venue without fabricating a completion.
riverine-inputs-into-manila-bay-philippines-potentially-drive-changes-in-chlor-b9c69a3e,2024,"Riverine inputs into Manila Bay, Philippines potentially drive changes in chlorophyll-a and total suspended matter concentrations measured from MODIS",Eighth Geoinformation Science Symposium 2023: Geoinformation Science for …,B,The source or venue appears truncated but remains meaningful.,Display the existing source or venue without fabricating a completion.
shoreline-change-analysis-in-new-washington-aklan-using-digital-shoreline-anal-b596779a,2024,"Shoreline change analysis in New Washington, Aklan using Digital Shoreline Analysis System (DSAS)","ISPRS Annals of the Photogrammetry, Remote Sensing and Spatial Information …",B,The source or venue appears truncated but remains meaningful.,Display the existing source or venue without fabricating a completion.
site-suitability-analysis-of-salt-farms-in-pangasinan-using-geospatial-data-an-ca33e9dd,2024,Site Suitability Analysis of Salt Farms in Pangasinan Using Geospatial Data and Analytic Hierarchy Process,"The International Archives of the Photogrammetry, Remote Sensing and Spatial …",B,The source or venue appears truncated but remains meaningful.,Display the existing source or venue without fabricating a completion.
space-data-dashboard-empowering-institutions-and-citizens-with-seamless-space-d5f93c63,2024,Space+ data dashboard: Empowering institutions and citizens with seamless space data access,"The International Archives of the Photogrammetry, Remote Sensing and Spatial …",B,The source or venue appears truncated but remains meaningful.,Display the existing source or venue without fabricating a completion.
spatiotemporal-analysis-of-traffic-accidents-hotspots-using-twitter-data-the-c-2c5a512d,2024,Spatiotemporal analysis of traffic accidents hotspots using Twitter data: the case of Quezon City,Eighth Geoinformation Science Symposium 2023: Geoinformation Science for …,B,The source or venue appears truncated but remains meaningful.,Display the existing source or venue without fabricating a completion.
supervised-image-classification-model-for-coral-bleaching-detection-using-a-bi-e48ce5cb,2024,Supervised image classification model for coral bleaching detection using a bi-temporal Sentinel-2 image stack,"The International Archives of the Photogrammetry, Remote Sensing and Spatial …",B,The source or venue appears truncated but remains meaningful.,Display the existing source or venue without fabricating a completion.
time-series-analysis-of-satellite-based-trace-gases-concentrations-in-port-are-6d211bdd,2024,Time-Series Analysis of Satellite-Based Trace Gases Concentrations in Port Areas in the Philippines Using SENTINEL-5P,"The International Archives of the Photogrammetry, Remote Sensing and Spatial …",B,The source or venue appears truncated but remains meaningful.,Display the existing source or venue without fabricating a completion.
towards-nationwide-mapping-of-seagrasses-in-the-philippines-empowering-student-0317af6f,2024,Towards nationwide mapping of seagrasses in the Philippines: empowering students through remote sensing education,"ISPRS Annals of the Photogrammetry, Remote Sensing and Spatial Information …",B,The source or venue appears truncated but remains meaningful.,Display the existing source or venue without fabricating a completion.
tree-planting-prioritization-in-national-capital-region-philippines-using-remo-2fc44930,2024,"Tree Planting Prioritization in National Capital Region, Philippines Using Remote Sensing, Analytic Hierarchy Process and Gis","The International Archives of the Photogrammetry, Remote Sensing and Spatial …",B,The source or venue appears truncated but remains meaningful.,Display the existing source or venue without fabricating a completion.
typhoon-karding-noru-storm-surge-analysis-using-the-coawst-modeling-system-202-a439b572,2024,Typhoon Karding (Noru) storm surge analysis using the Coawst modeling system,"The international archives of the photogrammetry, remote sensing and spatial …",B,The source or venue appears truncated but remains meaningful.,Display the existing source or venue without fabricating a completion.
validating-the-philippine-mangrove-map-2023-through-capacity-building-and-crow-29aed7c9,2024,Validating the Philippine Mangrove Map 2023 through capacity building and crowdsourcing,"ISPRS Annals of the Photogrammetry, Remote Sensing and Spatial Information …",B,The source or venue appears truncated but remains meaningful.,Display the existing source or venue without fabricating a completion.
a-comparative-analysis-of-machine-learning-and-index-based-approach-to-mangrov-0a4d8031,2023,A COMPARATIVE ANALYSIS OF MACHINE LEARNING AND INDEX-BASED APPROACH TO MANGROVE EXTENT MAPPING,,D,No source or venue value is available.,Omit the venue line unless a DOI is present.
analysis-of-kriging-interpolation-models-for-particulate-matter-levels-in-the-31b70430,2023,"ANALYSIS OF KRIGING INTERPOLATION MODELS FOR PARTICULATE MATTER LEVELS IN THE NATIONAL CAPITAL REGION, PHILIPPINES",,D,No source or venue value is available.,Omit the venue line unless a DOI is present.
assessing-and-modelling-urban-heat-island-in-baguio-city-using-landsat-imagery-c70c16eb,2023,Assessing and modelling urban heat Island in Baguio City using Landsat imagery and machine learning,"The International Archives of the Photogrammetry, Remote Sensing and Spatial …",B,The source or venue appears truncated but remains meaningful.,Display the existing source or venue without fabricating a completion.
assessment-of-mangrove-extent-extraction-accuracy-of-threshold-segmentation-ba-8818f617,2023,Assessment of mangrove extent extraction accuracy of threshold segmentation-based indices using sentinel imagery,"The International Archives of the Photogrammetry, Remote Sensing and Spatial …",B,The source or venue appears truncated but remains meaningful.,Display the existing source or venue without fabricating a completion.
detailed-mapping-of-residential-land-use-in-quezon-city-using-sentinel-2-image-750eea2e,2023,Detailed Mapping of Residential Land Use in Quezon City Using SENTINEL-2 Imagery: AN Analysis of Pixel-Based Image Classification Using Support Vector Machine,"The International Archives of the Photogrammetry, Remote Sensing and Spatial …",B,The source or venue appears truncated but remains meaningful.,Display the existing source or venue without fabricating a completion.
development-of-google-earth-engine-application-for-spatiotemporal-analysis-of-ba3606a4,2023,"Development of Google Earth engine application for Spatiotemporal analysis of turbidity in Batan Estuary, Aklan through the harmonization of Landsat and SENTINEL-2 imagery","The International Archives of the Photogrammetry, Remote Sensing and Spatial …",B,The source or venue appears truncated but remains meaningful.,Display the existing source or venue without fabricating a completion.
estimating-airborne-particulate-matter-in-the-national-capital-region-philippi-b59cf181,2023,"ESTIMATING AIRBORNE PARTICULATE MATTER IN THE NATIONAL CAPITAL REGION, PHILIPPINES USING MULTIPLE LINEAR REGRESSION AND GRADIENT BOOSTING ALGORITHM ON MODIS MAIAC AEROSOL OPTICAL DEPTH","ISPRS Annals of the Photogrammetry, Remote Sensing and Spatial Information …",B,The source or venue appears truncated but remains meaningful.,Display the existing source or venue without fabricating a completion.
estimation-of-mangrove-fractional-cover-from-multispectral-and-hyperspectral-d-08abbe2b,2023,Estimation Of Mangrove Fractional Cover From Multispectral And Hyperspectral Data Using Mixture Tuned Matched Filtering,"The International Archives of the Photogrammetry, Remote Sensing and Spatial …",B,The source or venue appears truncated but remains meaningful.,Display the existing source or venue without fabricating a completion.
hotspot-analysis-and-comparison-between-satellite-derived-aerosol-optical-dept-5ce193af,2023,Hotspot analysis and comparison between satellite-derived aerosol optical depth and ground-based particulate matter measurements in metro manila,"ISPRS Annals of the Photogrammetry, Remote Sensing and Spatial Information …",B,The source or venue appears truncated but remains meaningful.,Display the existing source or venue without fabricating a completion.
influence-of-the-el-ni-o-southern-oscillation-to-the-interannual-sea-level-var-17908acf,2023,Influence of the El Niño Southern Oscillation to the interannual sea-level variability in the Philippine Sea,"Coastal Altimetry, 177-190",A,,Display the existing source or venue.
manila-bay-watershed-scorecard-a-gis-based-quantitative-watershed-health-asses-cb1f50ce,2023,Manila Bay Watershed Scorecard: a Gis-Based Quantitative Watershed Health Assessment,"ISPRS Annals of the Photogrammetry, Remote Sensing and Spatial Information …",B,The source or venue appears truncated but remains meaningful.,Display the existing source or venue without fabricating a completion.
mapping-multi-decadal-mangrove-forest-change-in-the-philippines-vegetation-ext-28e993ca,2023,Mapping multi-decadal mangrove forest change in the Philippines: vegetation extent and impacts of anthropogenic and climate-related factors,Climate change strategies: handling the challenges of adapting to a changing …,B,The source or venue appears truncated but remains meaningful.,Display the existing source or venue without fabricating a completion.
modeling-flow-and-sediment-dynamics-in-an-estuarine-mangrove-forest-and-adjace-393804c6,2023,Modeling flow and sediment dynamics in an estuarine mangrove forest and adjacent areas: the impact of mangrove forest dynamics on landscape evolution,"EGU General Assembly Conference Abstracts, EGU-13835",A,,Display the existing source or venue.
philippines-case-study-two-looking-into-the-management-strategies-of-three-phi-a30e53a6,2023,Philippines Case Study Two: Looking into the Management Strategies of Three Philippine National Integrated Protected Area System (NIPAS) Sites,Challenges in Tropical Coastal Zone Management: Experiences and Lessons …,B,The source or venue appears truncated but remains meaningful.,Display the existing source or venue without fabricating a completion.
rise-or-fall-how-local-factors-influence-coastal-sea-level-in-the-philippines-676317b8,2023,Rise or fall? How local factors influence coastal sea level in the Philippines,"PHILIPPINE ENGINEERING JOURNAL 44 (1), 1-24",A,,Display the existing source or venue.
small-satellites-for-disaster-and-environmental-monitoring-2023-2420f68b,2023,Small Satellites for Disaster and Environmental Monitoring,Remote Sensing,A,,Display the existing source or venue.
spatio-temporal-analysis-and-modelling-of-dengue-incidences-in-quezon-city-usi-264d72f1,2023,Spatio-temporal analysis and modelling of dengue incidences in Quezon City using ordinary least squares and spatial regression,"The International Archives of the Photogrammetry, Remote Sensing and Spatial …",B,The source or venue appears truncated but remains meaningful.,Display the existing source or venue without fabricating a completion.
spatio-temporal-analysis-of-decadal-mangrove-cover-and-fragmentation-in-region-45f741ed,2023,"Spatio-temporal analysis of decadal mangrove cover and fragmentation in Region IV-B MIMAROPA, Philippines","The International Archives of the Photogrammetry, Remote Sensing and Spatial …",B,The source or venue appears truncated but remains meaningful.,Display the existing source or venue without fabricating a completion.
spatiotemporal-analysis-of-satellite-based-trace-gases-concentrations-in-port-3b607d03,2023,"SPATIOTEMPORAL ANALYSIS OF SATELLITE-BASED TRACE GASES CONCENTRATIONS IN PORT OF MANILA, PHILIPPINES",,D,No source or venue value is available.,Omit the venue line unless a DOI is present.
surface-urban-heat-islands-and-related-health-risk-in-the-philippines-a-geospa-d01697ed,2023,Surface urban heat islands and related health risk in the Philippines: A geospatial assessment using MODIS data,"The International archives of the photogrammetry, remote sensing and spatial …",B,The source or venue appears truncated but remains meaningful.,Display the existing source or venue without fabricating a completion.
temporal-variation-of-threshold-segmentation-based-mangrove-mapping-indices-in-fd73d17c,2023,Temporal variation of threshold segmentation-based mangrove mapping indices in Karimunjawa-Kemujan islands with Sentinel images,IGARSS 2023-2023 IEEE International Geoscience and Remote Sensing Symposium …,B,The source or venue appears truncated but remains meaningful.,Display the existing source or venue without fabricating a completion.
transformation-of-the-normalized-difference-chlorophyll-index-to-retrieve-chlo-e4d62fce,2023,Transformation of the normalized difference chlorophyll index to retrieve chlorophyll-a concentrations in Manila Bay,"The International Archives of the Photogrammetry, Remote Sensing and Spatial …",B,The source or venue appears truncated but remains meaningful.,Display the existing source or venue without fabricating a completion.
creating-value-from-philippine-space-activities-mobilizing-space-data-2022-7ba2537b,2022,Creating Value from Philippine Space Activities: Mobilizing Space Data,IGARSS 2022-2022 IEEE International Geoscience and Remote Sensing Symposium …,B,The source or venue appears truncated but remains meaningful.,Display the existing source or venue without fabricating a completion.
evaluating-mitigation-strategies-for-urban-heat-island-in-mandaue-city-using-e-8296f63a,2022,Evaluating mitigation strategies for urban heat island in Mandaue City using ENVI-met,"Journal of Urban Management 11 (1), 97-106",A,,Display the existing source or venue.
field-measurement-and-prediction-of-drag-in-a-planted-rhizophora-mangrove-fore-db3119d9,2022,Field Measurement and Prediction of Drag in a Planted Rhizophora Mangrove Forest,"Journal of Geophysical Research: Oceans 127 (11), e2021JC018320",A,,Display the existing source or venue.
ground-deformation-analysis-caused-by-post-2013-earthquake-in-bohol-philippine-0753c3a3,2022,"Ground deformation analysis caused by post-2013 earthquake in Bohol, Philippines: MDAI Bauzon et al.","Spatial Information Research 30 (6), 791-807",A,,Display the existing source or venue.
integrated-gis-and-air-dispersion-modeling-approach-for-roadside-pollutant-map-d6504326,2022,"Integrated GIS and air dispersion modeling approach for roadside pollutant mapping: a case study in Baguio City, Philippines","Spatial Information Research 30 (3), 371-383",A,,Display the existing source or venue.
integrated-remote-sensing-and-coupled-watershed-ocean-vegetation-modeling-for-b733d392,2022,"Integrated Remote Sensing and Coupled Watershed-Ocean-Vegetation Modeling for Seagrass Studies in Busuanga, Palawan, Philippines",(No Title),C,The source or venue value is a no-title placeholder.,Omit the venue from public display and preserve the source value for later bibliographic correction.
lake-water-level-variability-determination-from-sar-backscatter-of-discrete-ob-a072e5a4,2022,"Lake water level variability determination from SAR backscatter of discrete objects, GNSS levelling and satellite altimetry","Survey Review 54 (383), 153-162",A,,Display the existing source or venue.
landfill-site-suitability-mapping-using-fuzzy-multi-criteria-decision-analysis-1079264e,2022,"Landfill Site Suitability Mapping Using Fuzzy Multi-Criteria Decision Analysis and GIS: Case of Quezon City, Philippines",Philippine Engineering Journal 43 (1),A,,Display the existing source or venue.
mapping-oil-spills-on-sea-surface-from-sentinel-2-images-using-principal-compo-bf9d7223,2022,Mapping Oil Spills on Sea Surface from Sentinel 2 Images Using Principal Components and Categorical Boosting,"The International Archives of the Photogrammetry, Remote Sensing and Spatial …",B,The source or venue appears truncated but remains meaningful.,Display the existing source or venue without fabricating a completion.
modelling-the-chlorophyll-a-concentration-of-laguna-lake-using-himawari-8-sate-7a804e1b,2022,Modelling the chlorophyll-a concentration of Laguna Lake using himawari-8 satellite imagery and machine learning algorithms for near real time monitoring,"The International Archives of the Photogrammetry, Remote Sensing and Spatial …",B,The source or venue appears truncated but remains meaningful.,Display the existing source or venue without fabricating a completion.
optimization-of-tree-positioning-to-maximize-walking-in-urban-outdoor-spaces-a-b349c114,2022,Optimization of tree positioning to maximize walking in urban outdoor spaces: A modeling and simulation framework,"Sustainable Cities and Society 86, 104105",A,,Display the existing source or venue.
quantifying-vertical-land-motion-at-tide-gauge-sites-using-permanent-scatterer-c80d8b14,2022,Quantifying vertical land motion at tide gauge sites using permanent scatterer interferometric synthetic aperture radar and global navigation satellite system solutions,"Spatial Information Research 30 (2), 309-319",A,,Display the existing source or venue.
rapid-mapping-and-assessment-of-damages-due-to-typhoon-rai-using-sentinel-1-sy-72bfdb64,2022,Rapid Mapping and Assessment of Damages Due to Typhoon Rai Using Sentinel-1 Synthetic Aperture Radar Data,"The International Archives of the Photogrammetry, Remote Sensing and Spatial …",B,The source or venue appears truncated but remains meaningful.,Display the existing source or venue without fabricating a completion.
seagrass-biomass-and-sediment-carbon-in-conserved-and-disturbed-seascape-2022-e6b8ca73,2022,Seagrass biomass and sediment carbon in conserved and disturbed seascape,"Ecological Research 37 (1), 67-79",A,,Display the existing source or venue.
simulation-of-urban-heat-island-during-a-high-heat-event-using-wrf-urban-canop-c350be55,2022,Simulation of urban heat island during a high-heat event using WRF urban canopy models: A case study for Metro Manila,"Atmosphere 13 (10), 1658",A,,Display the existing source or venue.
typhoon-damage-mapping-using-normalized-differenced-spatial-autocorrelation-an-8337c251,2022,Typhoon damage mapping using normalized differenced spatial autocorrelation and Planetscope image,"The International Archives of the Photogrammetry, Remote Sensing and Spatial …",B,The source or venue appears truncated but remains meaningful.,Display the existing source or venue without fabricating a completion.
ashfall-dispersal-mapping-of-the-2020-taal-volcano-eruption-using-diwata-2-ima-78235713,2021,Ashfall dispersal mapping of the 2020 Taal Volcano eruption using Diwata-2 Imagery for disaster assessment,"The International Archives of the Photogrammetry, Remote Sensing and Spatial …",B,The source or venue appears truncated but remains meaningful.,Display the existing source or venue without fabricating a completion.
assessment-of-pine-forest-condition-towards-early-detection-and-monitoring-of-cfec9684,2021,Assessment of Pine Forest Condition Towards Early Detection and Monitoring of Stress Through a Synergistic Use of Sentinel-1 and Sentinel-2 Imagery,"Journal of Advanced Geospatial Science & Technology 1 (1), 1-18",A,,Display the existing source or venue.
blue-carbon-ecosystem-services-through-a-vulnerability-lens-opportunities-to-r-a02e3f31,2021,Blue carbon ecosystem services through a vulnerability lens: opportunities to reduce social vulnerability in fishing communities,"Frontiers in Marine Science 8, 671753",A,,Display the existing source or venue.
development-of-a-digital-twin-for-the-monitoring-of-smart-cities-using-open-so-9a20ef2d,2021,Development of a digital twin for the monitoring of smart cities using open-source software,"The International Archives of the Photogrammetry, Remote Sensing and Spatial …",B,The source or venue appears truncated but remains meaningful.,Display the existing source or venue without fabricating a completion.
development-of-a-framework-for-a-functional-structural-seagrass-transplantatio-1461f6c9,2021,Development of a Framework for a Functional-Structural Seagrass Transplantation Simulation using GAMA Platform.,"SIMULTECH, 248-255",A,,Display the existing source or venue.
development-of-a-rapid-mangrove-zonation-mapping-workflow-using-sentinel-2-der-c796b9e8,2021,Development of a rapid mangrove zonation mapping workflow using Sentinel 2-derived indices and biophysical dataset,"Frontiers in Remote Sensing 2, 730238",A,,Display the existing source or venue.
development-of-the-im4manilabay-mapable-web-portal-2021-d8a1336e,2021,Development of the IM4MANILABAY Mapable Web Portal,"The International Archives of the Photogrammetry, Remote Sensing and Spatial …",B,The source or venue appears truncated but remains meaningful.,Display the existing source or venue without fabricating a completion.
development-of-the-masdan-mobile-application-and-web-based-gis-interface-for-t-a4d35267,2021,Development of the Masdan Mobile Application and Web-Based GIS Interface for the Monitoring and Management of the Manila Bay Environment,"The International Archives of the Photogrammetry, Remote Sensing and Spatial …",B,The source or venue appears truncated but remains meaningful.,Display the existing source or venue without fabricating a completion.
evaluation-of-the-cooling-effect-of-green-and-blue-spaces-on-urban-microclimat-a47d5ab4,2021,"Evaluation of the cooling effect of green and blue spaces on urban microclimate through numerical simulation: A case study of Iloilo River Esplanade, Philippines","Sustainable Cities and Society 74, 103184",A,,Display the existing source or venue.
improving-the-consistency-of-multi-temporal-land-cover-mapping-of-laguna-lake-f6fafa7f,2021,"Improving the consistency of multi-temporal land cover mapping of Laguna lake watershed using light gradient boosting machine (LightGBM) approach, change detection analysis, and Markov chain","Remote Sensing Applications: Society and Environment 23, 100565",A,,Display the existing source or venue.
limitation-assessment-and-workflow-refinement-of-the-mangrove-vegetation-index-d7dd8e3c,2021,Limitation assessment and workflow refinement of the mangrove vegetation index (MVI)-based mapping methodology using sentinel-2 imagery,"The International Archives of the Photogrammetry, Remote Sensing and Spatial …",B,The source or venue appears truncated but remains meaningful.,Display the existing source or venue without fabricating a completion.
mangrove-biomass-estimation-using-canopy-height-and-wood-density-in-the-south-8a0689c3,2021,Mangrove biomass estimation using canopy height and wood density in the South East and East Asian regions,"Estuarine, Coastal and Shelf Science 248, 106937",A,,Display the existing source or venue.
mapping-coloured-dissolved-organic-matter-in-manila-bay-using-sentinel-3-and-w-eecef37f,2021,Mapping coloured dissolved organic matter in Manila Bay Using SENTINEL-3 and Wasi,"The International Archives of the Photogrammetry, Remote Sensing and Spatial …",B,The source or venue appears truncated but remains meaningful.,Display the existing source or venue without fabricating a completion.
modeling-seagrass-bed-dynamics-under-environmental-impacts-of-intensive-maricu-ec92a87e,2021,"Modeling seagrass bed dynamics under environmental impacts of intensive mariculture activities in Bolinao and Anda, the Philippines","Estuarine, Coastal and Shelf Science 250, 107152",A,,Display the existing source or venue.
monitoring-and-assessment-of-agri-urban-land-conversion-using-multi-sensor-rem-1baac209,2021,Monitoring and assessment of agri-urban land conversion using multi-sensor remote sensing and GIS techniques,"ISPRS annals of the photogrammetry, remote sensing and spatial information …",B,The source or venue appears truncated but remains meaningful.,Display the existing source or venue without fabricating a completion.
monitoring-post-disaster-mangrove-forest-recoveries-in-lawaan-balangiga-easter-8e9ba850,2021,"Monitoring post-disaster mangrove forest recoveries in Lawaan-Balangiga, Eastern Samar using time series analysis of moisture and vegetation indices","The International Archives of the Photogrammetry, Remote Sensing and Spatial …",B,The source or venue appears truncated but remains meaningful.,Display the existing source or venue without fabricating a completion.
multi-sensor-approach-to-leaf-area-index-estimation-using-statistical-machine-e33afb95,2021,Multi-sensor approach to leaf area index estimation using statistical machine learning models: A case on mangrove forests,"ISPRS Annals of the Photogrammetry, Remote Sensing and Spatial Information …",B,The source or venue appears truncated but remains meaningful.,Display the existing source or venue without fabricating a completion.
multi-task-convolution-neural-network-for-season-insensitive-chlorophyll-a-est-3891d2c9,2021,Multi-task convolution neural network for season-insensitive chlorophyll-a estimation in inland water,IEEE Journal of Selected Topics in Applied Earth Observations and Remote …,B,The source or venue appears truncated but remains meaningful.,Display the existing source or venue without fabricating a completion.
pasig-river-water-quality-estimation-using-an-empirical-ordinary-least-squares-a569121c,2021,Pasig river water quality estimation using an empirical ordinary least squares regression model of sentinel-2 satellite images,"The International Archives of the Photogrammetry, Remote Sensing and Spatial …",B,The source or venue appears truncated but remains meaningful.,Display the existing source or venue without fabricating a completion.
post-disaster-assessment-of-mangrove-forest-recovery-in-lawaan-balangiga-easte-38df9077,2021,"Post-disaster assessment of mangrove forest recovery in lawaan-balangiga, eastern samar using ndvi time series analysis","ISPRS Annals of the Photogrammetry, Remote Sensing and Spatial Information …",B,The source or venue appears truncated but remains meaningful.,Display the existing source or venue without fabricating a completion.
preliminary-investigation-on-chlorophyll-a-and-total-suspended-matter-concentr-69fd04d6,2021,Preliminary investigation on chlorophyll-a and total suspended matter concentration in manila bay using Himawari-8 ahi and Sentinel-3 olci C2RCC,"The International Archives of the Photogrammetry, Remote Sensing and Spatial …",B,The source or venue appears truncated but remains meaningful.,Display the existing source or venue without fabricating a completion.
present-day-vertical-land-movement-in-san-fernando-la-union-and-currimao-iloco-6480b168,2021,"Present-day vertical land movement in San Fernando (La Union) and Currimao (Ilocos Norte), northwest Luzon, Philippines","EGU General Assembly Conference Abstracts, EGU21-12815",A,,Display the existing source or venue.
project-sinag-solar-pv-resource-and-installation-assessment-using-geospatial-t-b9ff713f,2021,Project SINAG: Solar PV Resource and Installation Assessment Using Geospatial Technologies,宇宙からの地球環境・災害のモニタリングとリスク評価: 生研フォーラム論文集= Monitoring of …,B,The source or venue appears truncated but remains meaningful.,Display the existing source or venue without fabricating a completion.
scaling-relations-and-substrate-conditions-controlling-the-complexity-of-rhizo-1e85f5b0,2021,Scaling relations and substrate conditions controlling the complexity of Rhizophora prop root system,"Estuarine, Coastal and Shelf Science 248, 107014",A,,Display the existing source or venue.
semi-automated-delineation-of-informal-settlement-structures-from-drone-rgb-im-811906ac,2021,Semi-Automated Delineation of Informal Settlement Structures from Drone RGB Imagery Using Object-Based Image Analysis,"The International Archives of the Photogrammetry, Remote Sensing and Spatial …",B,The source or venue appears truncated but remains meaningful.,Display the existing source or venue without fabricating a completion.
spatio-temporal-mapping-and-analysis-of-mangrove-extents-around-manila-bay-usi-864d7d85,2021,Spatio-temporal mapping and analysis of mangrove extents around Manila Bay using Landsat satellite imagery and Mangrove Vegetation Index (MVI),"The International Archives of the Photogrammetry, Remote Sensing and Spatial …",B,The source or venue appears truncated but remains meaningful.,Display the existing source or venue without fabricating a completion.
supplementing-satellite-imagery-with-social-media-data-for-remote-reconnaissan-eed7ecf6,2021,Supplementing satellite imagery with social media data for remote reconnaissance: A case study of the 2020 Taal volcano eruption,"The International Archives of the Photogrammetry, Remote Sensing and Spatial …",B,The source or venue appears truncated but remains meaningful.,Display the existing source or venue without fabricating a completion.
the-retrieval-of-chlorophyll-a-concentrations-in-inland-water-using-convolutio-31e9a031,2021,THE RETRIEVAL OF CHLOROPHYLL-A CONCENTRATIONS IN INLAND WATER USING CONVOLUTION NEURAL NETWORK ON SATELLITE IMAGERY,"42nd Asian Conference on Remote Sensing, ACRS 2021",A,,Display the existing source or venue.
time-series-analysis-for-monitoring-seagrass-habitat-and-environment-in-busuan-01d160bb,2021,"Time series analysis for monitoring seagrass habitat and environment in busuanga, Philippines using google earth engine","The International Archives of the Photogrammetry, Remote Sensing and Spatial …",B,The source or venue appears truncated but remains meaningful.,Display the existing source or venue without fabricating a completion.
utilization-of-sentinel-2-imagery-in-the-estimation-of-plastics-among-floating-66eba9a8,2021,Utilization of Sentinel-2 imagery in the estimation of plastics among floating debris along the coast of Manila Bay,"The International Archives of the Photogrammetry, Remote Sensing and Spatial …",B,The source or venue appears truncated but remains meaningful.,Display the existing source or venue without fabricating a completion.
co-evolution-of-landscape-forest-and-soil-in-a-planted-mangrove-eco-park-in-ka-862e90cd,2020,"Co-Evolution of Landscape, Forest, and Soil in a Planted Mangrove Eco-Park in Kalibo, Philippines",Ocean Sciences Meeting 2020,A,,Display the existing source or venue.
development-and-application-of-a-new-mangrove-vegetation-index-mvi-for-rapid-a-6a323228,2020,Development and application of a new mangrove vegetation index (MVI) for rapid and accurate mangrove mapping,"ISPRS Journal of Photogrammetry and Remote Sensing 166, 95-117",A,,Display the existing source or venue.
estimation-of-chl-a-concentration-in-laguna-lake-using-sentinel-3-olci-images-73ffbb5d,2020,Estimation of chl-a concentration in laguna lake using sentinel-3 olci imageS,"The International Archives of the Photogrammetry, Remote Sensing and Spatial …",B,The source or venue appears truncated but remains meaningful.,Display the existing source or venue without fabricating a completion.
evaluation-of-object-based-classification-methods-for-mapping-benthic-habitats-6aa80257,2020,Evaluation of object-based classification methods for Mapping Benthic habitats using Bathymetric LiDAR derivatives,Philippine Engineering Journal 41 (2),A,,Display the existing source or venue.
investigating-the-effects-of-river-discharges-on-submerged-aquatic-vegetation-8abaae0f,2020,Investigating the effects of river discharges on submerged aquatic vegetation using UAV images and GIS techniques,"ISPRS Annals of the Photogrammetry, Remote Sensing and Spatial Information …",B,The source or venue appears truncated but remains meaningful.,Display the existing source or venue without fabricating a completion.
land-cover-monitoring-of-laguna-lake-watershed-using-modis-ndvi-data-2020-218f218a,2020,Land cover monitoring of laguna lake watershed using MODIS NDVI data,"The International Archives of the Photogrammetry, Remote Sensing and Spatial …",B,The source or venue appears truncated but remains meaningful.,Display the existing source or venue without fabricating a completion.
modelling-and-simulation-of-potential-future-urbanization-scenarios-and-its-ef-3af05928,2020,"Modelling and simulation of potential future urbanization scenarios and its effect on the microclimate of lower session road, baguio city","ISPRS Annals of the Photogrammetry, Remote Sensing and Spatial Information …",B,The source or venue appears truncated but remains meaningful.,Display the existing source or venue without fabricating a completion.
modelling-of-land-surface-temperature-using-gray-level-co-occurrence-matrix-an-d939bc98,2020,Modelling of land surface temperature using gray level co-occurrence matrix and random forest regression,"The International Archives of the Photogrammetry, Remote Sensing and Spatial …",B,The source or venue appears truncated but remains meaningful.,Display the existing source or venue without fabricating a completion.
optmization-of-bio-optical-model-parameters-for-turbid-lake-water-quality-esti-212bfe53,2020,Optmization of bio-optical model parameters for turbid lake water quality estimation using Landsat 8 and wasi-2D,"The International Archives of the Photogrammetry, Remote Sensing and Spatial …",B,The source or venue appears truncated but remains meaningful.,Display the existing source or venue without fabricating a completion.
spatial-disaggregation-of-landsat-derived-land-surface-temperature-over-a-hete-8f748bed,2020,Spatial disaggregation of Landsat-derived land surface temperature over a heterogeneous urban landscape using planetscope image derivatives,"The International Archives of the Photogrammetry, Remote Sensing and Spatial …",B,The source or venue appears truncated but remains meaningful.,Display the existing source or venue without fabricating a completion.
spectral-and-spatial-kernel-water-quality-mapping-2020-d717172c,2020,Spectral and spatial kernel water quality mapping,"Environmental Monitoring and Assessment 192 (5), 299",A,,Display the existing source or venue.
waternet-a-convolutional-neural-network-for-chlorophyll-a-concentration-retrie-c34434a8,2020,WaterNet: A convolutional neural network for chlorophyll-a concentration retrieval,"Remote Sensing 12 (12), 1966",A,,Display the existing source or venue.
a-3dgis-multi-agent-geo-simulation-model-for-assessment-of-building-evacuation-f7049bca,2019,A 3DGIS multi-agent geo-simulation model for assessment of building evacuation scenarios considering urgency and knowledge of exits,"International Journal of Urban Sciences 23 (3), 318-334",A,,Display the existing source or venue.
analysis-of-the-impact-of-vegetation-distribution-urbanization-and-solar-radia-80807fc1,2019,"ANALYSIS OF THE IMPACT OF VEGETATION DISTRIBUTION, URBANIZATION, AND SOLAR RADIATION ON THE SEASONAL VARIATION OF THE URBAN HEAT ISLAND EFFECT IN CEBU CITY USING LANDSAT AND GLOBAL HORIZONTAL IRRADIANCE DATA","The International Archives of the Photogrammetry, Remote Sensing and Spatial …",B,The source or venue appears truncated but remains meaningful.,Display the existing source or venue without fabricating a completion.
assessment-of-seagrass-percent-cover-and-water-quality-using-uav-images-and-fi-37e635a6,2019,"Assessment of Seagrass Percent Cover and Water Quality Using Uav Images and Field Measurements in Bolinao, Pangasinan","The International Archives of the Photogrammetry, Remote Sensing and Spatial …",B,The source or venue appears truncated but remains meaningful.,Display the existing source or venue without fabricating a completion.
bio-optical-modelling-of-laguna-lake-using-bomber-tool-and-wasi-derived-invert-246c95f8,2019,Bio optical modelling of Laguna Lake using bomber tool and wasi-derived inverted parameters,"The International Archives of the Photogrammetry, Remote Sensing and Spatial …",B,The source or venue appears truncated but remains meaningful.,Display the existing source or venue without fabricating a completion.
canopy-cover-estimation-from-satellite-data-for-acacia-mangium-plantation-basa-8306e08f,2019,"CANOPY COVER ESTIMATION FROM SATELLITE DATA FOR ACACIA MANGIUM PLANTATION BASAY, NEGROS ORIENTAL","The International Archives of the Photogrammetry, Remote Sensing and Spatial …",B,The source or venue appears truncated but remains meaningful.,Display the existing source or venue without fabricating a completion.
chlorophyll-a-concentration-retrieval-using-convolutional-neural-networks-in-l-6ff91d79,2019,"Chlorophyll-a concentration retrieval using convolutional neural networks in Laguna Lake, Philippines","The International Archives of the Photogrammetry, Remote Sensing and Spatial …",B,The source or venue appears truncated but remains meaningful.,Display the existing source or venue without fabricating a completion.
correlation-of-uav-based-multispectral-vegetation-indices-and-leaf-color-chart-6362912a,2019,Correlation of UAV-based multispectral vegetation indices and leaf color chart observations for nitrogen concentration assessment on rice crops,"The International Archives of the Photogrammetry, Remote Sensing and Spatial …",B,The source or venue appears truncated but remains meaningful.,Display the existing source or venue without fabricating a completion.
estimation-of-chlorophyll-a-concentration-in-laguna-de-bay-using-sentinel-3-sa-539d3c47,2019,Estimation of chlorophyll-a concentration in Laguna de Bay using Sentinel-3 satellite data,"The International Archives of the Photogrammetry, Remote Sensing and Spatial …",B,The source or venue appears truncated but remains meaningful.,Display the existing source or venue without fabricating a completion.
estimation-of-chlorophyll-a-concentration-in-sampaloc-lake-using-uas-multispec-c37d299b,2019,Estimation of chlorophyll-a concentration in Sampaloc Lake using Uas multispectral remote sensing and regression analysis,"The International Archives of the Photogrammetry, Remote Sensing and Spatial …",B,The source or venue appears truncated but remains meaningful.,Display the existing source or venue without fabricating a completion.
geospatial-and-clustering-analysis-of-dengue-cases-using-self-organizing-maps-0b15e330,2019,"Geospatial and Clustering Analysis of dengue cases using self-organizing maps: case of Quezon City, 2010–2015","The International Archives of the Photogrammetry, Remote Sensing and Spatial …",B,The source or venue appears truncated but remains meaningful.,Display the existing source or venue without fabricating a completion.
geospatial-assessment-and-modeling-of-urban-heat-islands-in-quezon-city-philip-7a4ded74,2019,"Geospatial assessment and modeling of urban heat islands in Quezon City, Philippines using ols and geographically weighted regression","The International Archives of the Photogrammetry, Remote Sensing and Spatial …",B,The source or venue appears truncated but remains meaningful.,Display the existing source or venue without fabricating a completion.
geospatial-assessment-of-vulnerabilities-of-croplands-to-flooding-risks-a-case-51c1371b,2019,Geospatial assessment of vulnerabilities of croplands to flooding risks: A case study of Philippine river basins,"The International Archives of the Photogrammetry, Remote Sensing and Spatial …",B,The source or venue appears truncated but remains meaningful.,Display the existing source or venue without fabricating a completion.
geostatistics-for-air-quality-mapping-case-of-baguio-city-philippines-2019-6f6b0e60,2019,"Geostatistics for air quality mapping: Case of Baguio City, Philippines","The International Archives of the Photogrammetry, Remote Sensing and Spatial …",B,The source or venue appears truncated but remains meaningful.,Display the existing source or venue without fabricating a completion.
gis-assisted-rain-induced-landslide-susceptibility-mapping-of-benguet-using-a-43d54ed1,2019,Gis-Assisted Rain-Induced Landslide Susceptibility Mapping of Benguet Using a Logistic Regression Model,"The International Archives of the Photogrammetry, Remote Sensing and Spatial …",B,The source or venue appears truncated but remains meaningful.,Display the existing source or venue without fabricating a completion.
gis-based-mapping-of-local-climate-zones-using-fuzzy-logic-and-cellular-automa-3d043db6,2019,GIS-based mapping of local climate zones using fuzzy logic and cellular automata,"The International Archives of the Photogrammetry, Remote Sensing and Spatial …",B,The source or venue appears truncated but remains meaningful.,Display the existing source or venue without fabricating a completion.
historical-and-current-distribution-of-mangroves-in-the-philippines-spatio-tem-7a93061d,2019,Historical and current distribution of mangroves in the Philippines: spatio-temporal analysis,,D,No source or venue value is available.,Omit the venue line unless a DOI is present.
hydropower-dam-site-selection-and-visualization-using-gis-and-rs-techniques-a-808f4451,2019,"Hydropower dam site selection and visualization using GIS and RS techniques: a case of Marinduque, Philippines","The International Archives of the Photogrammetry, Remote Sensing and Spatial …",B,The source or venue appears truncated but remains meaningful.,Display the existing source or venue without fabricating a completion.
ideal-kiosk-placement-in-up-diliman-for-equal-probability-of-customer-turnout-7a337d2e,2019,Ideal Kiosk Placement in up Diliman for Equal Probability of Customer Turnout,"The International Archives of the Photogrammetry, Remote Sensing and Spatial …",B,The source or venue appears truncated but remains meaningful.,Display the existing source or venue without fabricating a completion.
illuminance-mapping-of-nighttime-road-environment-using-unmanned-aerial-system-96332d92,2019,Illuminance mapping of nighttime road environment using unmanned aerial system,"The International Archives of the Photogrammetry, Remote Sensing and Spatial …",B,The source or venue appears truncated but remains meaningful.,Display the existing source or venue without fabricating a completion.
indoorgml-based-topological-data-generation-from-omnidirectional-images-2019-626ce089,2019,IndoorGML-based Topological Data Generation from Omnidirectional Images,"한국측량학회 학술대회자료집, 69-73",A,,Display the existing source or venue.
intra-urban-heat-island-detection-and-trend-characterization-in-metro-manila-u-e7f8c833,2019,Intra-urban heat island detection and trend characterization in Metro Manila using surface temperatures derived from multi-temporal Landsat data,"The International Archives of the Photogrammetry, Remote Sensing and Spatial …",B,The source or venue appears truncated but remains meaningful.,Display the existing source or venue without fabricating a completion.
linear-spectral-unmixing-of-sentinel-3-imagery-for-urban-land-cover-land-surfa-19ceb06c,2019,"Linear spectral unmixing of Sentinel-3 imagery for urban land cover-land surface temperature (LST) analysis: a case study of metro Manila, Philippines","The International Archives of the Photogrammetry, Remote Sensing and Spatial …",B,The source or venue appears truncated but remains meaningful.,Display the existing source or venue without fabricating a completion.
mapping-of-blue-carbon-ecosystems-effect-of-proximity-activity-types-and-frequ-fbf8766b,2019,"Mapping of blue carbon ecosystems: effect of proximity, activity types and frequency of visits in the accuracy of participatory maps","The International Archives of the Photogrammetry, Remote Sensing and Spatial …",B,The source or venue appears truncated but remains meaningful.,Display the existing source or venue without fabricating a completion.
mapping-of-sargassum-distribution-in-the-eastern-coast-of-southern-leyte-using-acb48e0d,2019,MAPPING OF SARGASSUM DISTRIBUTION IN THE EASTERN COAST OF SOUTHERN LEYTE USING SENTINEL 2 SATELLITE IMAGERY,"The International Archives of the Photogrammetry, Remote Sensing and Spatial …",B,The source or venue appears truncated but remains meaningful.,Display the existing source or venue without fabricating a completion.
offshore-submarine-groundwater-discharge-at-a-coral-reef-front-controlled-by-f-3599bac4,2019,Offshore submarine groundwater discharge at a coral reef front controlled by faults,"Geochemistry, Geophysics, Geosystems 20 (7), 3170-3185",A,,Display the existing source or venue.
on-the-transferability-of-smart-energy-systems-on-off-grid-islands-using-clust-ad0aab24,2019,On the transferability of smart energy systems on off-grid islands using cluster analysis–A case study for the Philippine archipelago,"Applied Energy 251, 113290",A,,Display the existing source or venue.
optimization-of-ground-control-point-gcp-configuration-for-unmanned-aerial-veh-802fd8de,2019,Optimization of ground control point (GCP) configuration for unmanned aerial vehicle (UAV) survey using structure from motion (SFM),"The international archives of the photogrammetry, remote sensing and spatial …",B,The source or venue appears truncated but remains meaningful.,Display the existing source or venue without fabricating a completion.
radiometric-calibration-of-landsat-8-oli-and-sentinel-2-msi-images-for-water-q-b45ffeab,2019,"Radiometric Calibration of LANDSAT-8 Oli and SENTINEL-2 MSI Images for Water Quality Modelling of Laguna Lake, Philippines","The International Archives of the Photogrammetry, Remote Sensing and Spatial …",B,The source or venue appears truncated but remains meaningful.,Display the existing source or venue without fabricating a completion.
simulating-species-dominance-in-mixed-mangrove-forests-considering-species-spe-374fc713,2019,"Simulating species dominance in mixed mangrove forests considering species-specific responses to shading, salinity, and inundation frequency",International Conference on Simulation and Modeling Methodologies …,B,The source or venue appears truncated but remains meaningful.,Display the existing source or venue without fabricating a completion.
spatial-and-temporal-analysis-of-monthly-water-consumption-and-land-surface-te-54f05b0c,2019,Spatial and temporal analysis of monthly water consumption and land surface temperature (LST) derived using landsat 8 and modis data,"The International Archives of the Photogrammetry, Remote Sensing and Spatial …",B,The source or venue appears truncated but remains meaningful.,Display the existing source or venue without fabricating a completion.
spatial-and-temporal-community-detection-of-car-mobility-network-in-metro-mani-e034d81e,2019,Spatial and Temporal Community Detection of Car Mobility Network in Metro Manila,"The International Archives of the Photogrammetry, Remote Sensing and Spatial …",B,The source or venue appears truncated but remains meaningful.,Display the existing source or venue without fabricating a completion.
spatio-temporal-analysis-of-urban-heat-island-in-mandaue-city-philippines-2019-2ed255cb,2019,"Spatio-temporal analysis of urban heat island in Mandaue City, Philippines","The International Archives of the Photogrammetry, Remote Sensing and Spatial …",B,The source or venue appears truncated but remains meaningful.,Display the existing source or venue without fabricating a completion.
spatiotemporal-analysis-of-the-urban-cooling-island-uci-effect-of-water-spaces-752e2d5d,2019,Spatiotemporal analysis of the urban cooling island (UCI) effect of water spaces in a highly urbanized city: a case study of iloilo river and adjacent wetlands,"The International Archives of the Photogrammetry, Remote Sensing and Spatial …",B,The source or venue appears truncated but remains meaningful.,Display the existing source or venue without fabricating a completion.
spatiotemporal-multi-satellite-biophysical-data-analysis-of-the-effect-of-urba-44d83585,2019,"Spatiotemporal multi-satellite biophysical data analysis of the effect of urbanization on land surface and air temperature in Baguio City, Philippines","The International Archives of the Photogrammetry, Remote Sensing and Spatial …",B,The source or venue appears truncated but remains meaningful.,Display the existing source or venue without fabricating a completion.
urban-effects-on-land-surface-temperature-in-davao-city-philippines-2019-fd26caa9,2019,"Urban effects on land surface temperature in Davao City, Philippines","The International Archives of the Photogrammetry, Remote Sensing and Spatial …",B,The source or venue appears truncated but remains meaningful.,Display the existing source or venue without fabricating a completion.
using-openly-sourced-3d-geographic-information-systems-gis-in-determining-the-62d8b232,2019,Using openly sourced 3D geographic information systems (GIS) in determining the photovoltaic potential of Quezon City Hall in terms of received direct solar radiation,"The International Archives of the Photogrammetry, Remote Sensing and Spatial …",B,The source or venue appears truncated but remains meaningful.,Display the existing source or venue without fabricating a completion.
3d-visualization-of-building-interior-using-omnidirectional-images-2018-65769e81,2018,3D Visualization of Building Interior using Omnidirectional Images,39th Asian Conference on Remote Sensing: Remote Sensing Enabling Prosperity …,B,The source or venue appears truncated but remains meaningful.,Display the existing source or venue without fabricating a completion.
a-blend-then-index-method-of-fusing-landsat-and-modis-satellite-images-using-e-07dd55d0,2018,A BLEND-THEN-INDEX METHOD OF FUSING LANDSAT AND MODIS SATELLITE IMAGES USING ENCHANCED SPATIAL AND TEMPORAL ADAPTIVE REFLECTANCE FUSION MODEL (ESTARFM),,D,No source or venue value is available.,Omit the venue line unless a DOI is present.
assessment-of-landsat-8-based-indices-for-water-quality-parameter-estimation-i-b4ab19ea,2018,"Assessment of Landsat 8-based indices for water quality parameter estimation in Laguna de Bay, Philippines",Proceedings-39th Asian Conference on Remote Sensing: Remote Sensing Enabling …,B,The source or venue appears truncated but remains meaningful.,Display the existing source or venue without fabricating a completion.
building-construction-progress-monitoring-using-unmanned-aerial-system-uas-low-e27b47d6,2018,"Building construction progress monitoring using unmanned aerial system (UAS), low-cost photogrammetry, and geographic information system (GIS)","ISPRS Annals of the Photogrammetry, Remote Sensing and Spatial Information …",B,The source or venue appears truncated but remains meaningful.,Display the existing source or venue without fabricating a completion.
development-of-a-sentinel-2-based-mangroves-zonation-mapping-workflow-applicat-bac77913,2018,Development of a Sentinel 2-Based Mangroves Zonation Mapping Workflow: Application in the Philippines and Japan,(No Title),C,The source or venue value is a no-title placeholder.,Omit the venue from public display and preserve the source value for later bibliographic correction.
estimation-of-mangrove-forest-aboveground-biomass-using-multispectral-bands-ve-bc348dce,2018,"ESTIMATION OF MANGROVE FOREST ABOVEGROUND BIOMASS USING MULTISPECTRAL BANDS, VEGETATION INDICES AND BIOPHYSICAL VARIABLES DERIVED FROM OPTICAL SATELLITE IMAGERIES: RAPIDEYE, PLANETSCOPE AND SENTINEL-2","ISPRS annals of the photogrammetry, remote sensing and spatial information …",B,The source or venue appears truncated but remains meaningful.,Display the existing source or venue without fabricating a completion.
estimation-of-pm2-5-vertical-distribution-using-customized-uav-and-mobile-sens-6cdd4907,2018,"ESTIMATION OF PM2.5 VERTICAL DISTRIBUTION USING CUSTOMIZED UAV AND MOBILE SENSORS IN BRGY. UP CAMPUS, DILIMAN, QUEZON CITY","The International Archives of the Photogrammetry, Remote Sensing and Spatial …",B,The source or venue appears truncated but remains meaningful.,Display the existing source or venue without fabricating a completion.
land-cover-change-and-the-use-of-soilgrids-data-for-assessing-flash-flood-in-m-f0efb855,2018,"Land cover change and the use of SoilGrids data for assessing flash flood in Marikina river basin, The Philippines",AOGS-EGU Joint Conference: New Dimensions for Natural Hazards in Asia,A,,Display the existing source or venue.
modelling-above-ground-biomass-of-mangrove-forest-using-sentinel-1-imagery-201-d463582e,2018,Modelling above ground biomass of mangrove forest using Sentinel-1 imagery,"ISPRS Annals of the Photogrammetry, Remote Sensing and Spatial Information …",B,The source or venue appears truncated but remains meaningful.,Display the existing source or venue without fabricating a completion.
reef-scale-modeling-of-coral-calcification-responses-to-ocean-acidification-an-bd0b17b8,2018,Reef-scale modeling of coral calcification responses to ocean acidification and sea-level rise,"Coral Reefs 37 (1), 37-53",A,,Display the existing source or venue.
remote-sensing-based-estimation-of-seagrass-percent-cover-and-lai-for-above-gr-9a49364e,2018,Remote sensing-based estimation of seagrass percent cover and LAI for above ground carbon sequestration mapping,"Remote Sensing of the Open and Coastal Ocean and Inland Waters 10778, 1077803",A,,Display the existing source or venue.
using-omnidirectional-images-for-semi-automatically-generating-indoorgml-data-e78795fd,2018,Using omnidirectional images for semi-automatically generating IndoorGML data,"Journal of the Korean Society of Surveying, Geodesy, Photogrammetry and …",B,The source or venue appears truncated but remains meaningful.,Display the existing source or venue without fabricating a completion.
3d-visualization-of-mangrove-and-aquaculture-conversion-in-banate-bay-iloilo-2-71aff7d3,2017,"3d visualization of mangrove and aquaculture conversion in Banate Bay, Iloilo","The International Archives of the Photogrammetry, Remote Sensing and Spatial …",B,The source or venue appears truncated but remains meaningful.,Display the existing source or venue without fabricating a completion.
a-dynamic-model-to-assess-mariculture-induced-environmental-impacts-on-seagras-4ed74e55,2017,"A dynamic model to assess mariculture-induced environmental impacts on seagrass beds along coasts of Bolinao and Anda, Philippines",Japan Geoscience Union,A,,Display the existing source or venue.
assessing-the-vulnerability-of-agricultural-crops-to-riverine-floods-in-kalibo-36ca7aa4,2017,"Assessing the Vulnerability of Agricultural Crops to Riverine Floods in Kalibo, Philippines using Composite Index Method.","GISTAM, 184-194",A,,Display the existing source or venue.
combination-of-modis-vegetation-indices-grace-terrestrial-water-storage-change-3f36d25e,2017,"Combination of MODIS Vegetation Indices, GRACE Terrestrial Water Storage Changes, and In-Situ Measurements for Drought Assessment in Cagayan River Basin, Philippines","JNRD-Journal of Natural Resources and Development 7, 45-55",A,,Display the existing source or venue.
comparative-assessment-of-water-column-correction-techniques-for-seagrass-mapp-166ef66c,2017,Comparative Assessment of Water Column Correction Techniques for Seagrass Mapping Using Worldview-2 Image,Philippine Engineering Journal 38 (2),A,,Display the existing source or venue.
creating-a-spectral-library-of-coastal-resources-in-the-philippines-2017-92daf551,2017,CREATING A SPECTRAL LIBRARY OF COASTAL RESOURCES IN THE PHILIPPINES,,D,No source or venue value is available.,Omit the venue line unless a DOI is present.
development-of-mapping-design-for-agricultural-features-extracted-from-lidar-d-d0d6ebf8,2017,Development of Mapping Design for Agricultural Features Extracted from LiDAR Datasets.,"GISTAM, 276-283",A,,Display the existing source or venue.
exploring-climate-change-effects-on-watershed-sediment-yield-and-land-cover-ba-7e56288c,2017,"EXPLORING CLIMATE CHANGE EFFECTS ON WATERSHED SEDIMENT YIELD AND LAND COVER-BASED MITIGATION MEASURES USING SWAT MODEL, RS AND GIS: CASE OF CAGAYAN RIVER BASIN, PHILIPPINES",宇宙からの地球環境・災害のモニタリングとリスク評価: 生研フォーラム論文集= Monitoring of …,B,The source or venue appears truncated but remains meaningful.,Display the existing source or venue without fabricating a completion.
extraction-of-seagrass-biophysical-parameters-using-unmanned-aerial-systems-ua-01a2b9f9,2017,EXTRACTION OF SEAGRASS BIOPHYSICAL PARAMETERS USING UNMANNED AERIAL SYSTEMS (UAS),,D,No source or venue value is available.,Omit the venue line unless a DOI is present.
feature-extraction-and-descriptor-calculation-methods-for-automatic-georeferen-73f0f959,2017,Feature extraction and descriptor calculation methods for automatic georeferencing of Philippines' first microsatellite imagery,"Image and Signal Processing for Remote Sensing XXIII 10427, 450-458",A,,Display the existing source or venue.
nationwide-mapping-of-coastal-resources-in-the-philippines-using-remote-sensin-def124ae,2017,Nationwide mapping of coastal resources in the Philippines using remote sensing,Natural Resources Canada,A,,Display the existing source or venue.
quality-assessment-and-control-of-outputs-of-a-nationwide-agricultural-land-co-7078d826,2017,Quality assessment and control of outputs of a nationwide agricultural land cover mapping program using LIDAR: PHIL-LIDAR 2 parmap experience,"The International Archives of the Photogrammetry, Remote Sensing and Spatial …",B,The source or venue appears truncated but remains meaningful.,Display the existing source or venue without fabricating a completion.
spectral-discrimination-of-coral-reef-environment-using-derivative-analysis-20-5eaf5d28,2017,Spectral discrimination of coral reef environment using derivative analysis,Natural Resources Canada,A,,Display the existing source or venue.
a-framework-for-capacity-building-in-mapping-coastal-resources-using-remote-se-58429141,2016,A framework for capacity building in mapping coastal resources using remote sensing in the Philippines,"The International Archives of the Photogrammetry, Remote Sensing and Spatial …",B,The source or venue appears truncated but remains meaningful.,Display the existing source or venue without fabricating a completion.
an-agent-based-approach-to-modeling-poverty-in-the-philippines-2016-70f113a1,2016,An agent-based approach to modeling poverty in the Philippines,,D,No source or venue value is available.,Omit the venue line unless a DOI is present.
assessment-of-point-cloud-analysis-in-improving-object-based-agricultural-land-8b3080a6,2016,"Assessment of point cloud analysis in improving object-based agricultural land cover classification using discrete LIDAR data in Cabadbaran, Agusan del Norte, Philippines",6th International Conference on Geographic Object-Based Image Analysis …,B,The source or venue appears truncated but remains meaningful.,Display the existing source or venue without fabricating a completion.
automated-calculation-of-cloud-cover-from-rgb-composite-of-landsat-8-and-diwat-3907b005,2016,Automated calculation of cloud cover from rgb composite of landsat 8 and diwata-1 satellite imagery,,D,No source or venue value is available.,Omit the venue line unless a DOI is present.
design-of-a-free-and-open-source-data-processing-archiving-and-distribution-su-22dc5ef8,2016,"DESIGN OF A FREE AND OPEN SOURCE DATA PROCESSING, ARCHIVING, AND DISTRIBUTION SUBSYSTEM FOR THE GROUND RECEIVING STATION OF THE PHILIPPINE SCIENTIFIC EARTH OBSERVATION MICRO-SATELLITE","The International Archives of the Photogrammetry, Remote Sensing and Spatial …",B,The source or venue appears truncated but remains meaningful.,Display the existing source or venue without fabricating a completion.
elucidating-factors-of-seagrass-fractional-cover-change-using-spatial-regressi-e289c38b,2016,Elucidating factors of seagrass fractional cover change using spatial regression,Proceedings of the 7th ASEAN Environmental Engineering Conference,A,,Display the existing source or venue.
georeferencing-uas-derivatives-through-point-cloud-registration-with-archived-0a6e97cf,2016,Georeferencing UAS derivatives through point cloud registration with archived lidar datasets,"ISPRS Annals of the Photogrammetry, Remote Sensing and Spatial Information …",B,The source or venue appears truncated but remains meaningful.,Display the existing source or venue without fabricating a completion.
landsat-based-detection-and-severity-analysis-of-burned-sugarcane-plots-in-tar-4fbd47f7,2016,"Landsat-based detection and severity analysis of burned sugarcane plots in tarlac, philippines using differenced normalized burn ratio (dNBR)","The International Archives of the Photogrammetry, Remote Sensing and Spatial …",B,The source or venue appears truncated but remains meaningful.,Display the existing source or venue without fabricating a completion.
mangrove-classification-through-the-use-of-object-oriented-classification-and-086c2c9d,2016,"Mangrove classification through the use of object oriented classification and support vector machine of lidar datasets: a case study in Naawan and Manticao, Misamis Oriental, Philippines",Earth Resources and Environmental Remote Sensing/GIS Applications VII 10005 …,B,The source or venue appears truncated but remains meaningful.,Display the existing source or venue without fabricating a completion.
mapping-of-coral-reefs-using-the-combined-bathymetric-lidar-and-casi-datasets-41d5d4fb,2016,Mapping of coral reefs using the combined bathymetric lidar and CASI datasets (Conference Presentation),"Remote Sensing of the Ocean, Sea Ice, Coastal Waters, and Large Water …",B,The source or venue appears truncated but remains meaningful.,Display the existing source or venue without fabricating a completion.
nationwide-natural-resource-inventory-of-the-philippines-using-lidar-strategie-96a9a411,2016,"Nationwide natural resource inventory of the Philippines using LiDAR: strategies, progress, and challenges","The International Archives of the Photogrammetry, Remote Sensing and Spatial …",B,The source or venue appears truncated but remains meaningful.,Display the existing source or venue without fabricating a completion.
rapid-assessment-of-seagrass-cover-change-using-mixture-tuned-matched-filterin-8e0d161b,2016,RAPID ASSESSMENT OF SEAGRASS COVER CHANGE USING MIXTURE TUNED MATCHED FILTERING,,D,No source or venue value is available.,Omit the venue line unless a DOI is present.
rs-based-water-resources-inventory-of-the-philippines-capacity-building-effort-86bd5e8e,2016,Rs-Based Water Resources Inventory of the Philippines: Capacity Building Efforts for Nationwide Implementation,"The International Archives of the Photogrammetry, Remote Sensing and Spatial …",B,The source or venue appears truncated but remains meaningful.,Display the existing source or venue without fabricating a completion.
seagrass-cover-change-mapping-in-the-bolinao-anda-area-2016-3b3648d4,2016,Seagrass Cover Change Mapping in the Bolinao-Anda Area,(No Title),C,The source or venue value is a no-title placeholder.,Omit the venue from public display and preserve the source value for later bibliographic correction.
species-diversity-of-tropical-seagrasses-affect-fish-assemblage-structures-aro-7059f324,2016,"Species diversity of tropical seagrasses affect fish assemblage structures, around Santiago Island, Bolinao, northwestern Philippines",,D,No source or venue value is available.,Omit the venue line unless a DOI is present.
using-spatial-point-pattern-analysis-as-supplement-for-object-based-image-clas-fd119470,2016,Using spatial point pattern analysis as supplement for object-based image classification of tree clusters,6th International Conference on Geographic Object-Based Image Analysis …,B,The source or venue appears truncated but remains meaningful.,Display the existing source or venue without fabricating a completion.
a-multi-scale-approach-for-benthic-habitat-mapping-of-shallow-water-region-of-1a90250a,2015,"A multi-scale approach for benthic habitat mapping of shallow water region of Guiuan, Eastern Samar using a 4-band high resolution WorldView-2 satellite image using object-based image analysis",36th Asian Conference on Remote Sensing Philippines2015,A,,Display the existing source or venue.
combining-watershed-transformation-and-local-maxima-approach-in-developing-a-t-0f499afb,2015,Combining Watershed Transformation and Local Maxima Approach in Developing a Tree Detection and Counting Methodology using Object-Based Image Analysis,Proceedings of South East Asian Survey Congress,A,,Display the existing source or venue.
development-of-the-philippine-hydrologic-dataset-phd-from-lidar-and-other-remo-f661fea6,2015,Development of the Philippine Hydrologic Dataset (PHD) from LiDAR and other remotely-sensed data,Earth Resources and Environmental Remote Sensing/GIS Applications VI 9644 …,B,The source or venue appears truncated but remains meaningful.,Display the existing source or venue without fabricating a completion.
evaluation-of-canny-edge-detection-and-muti-threshold-segmentation-technique-f-8ca1fd17,2015,Evaluation of Canny Edge Detection and Muti-Threshold Segmentation Technique for Precise Mapping and Inventory of Aquaculture Ponds in Coastal Areas,,D,No source or venue value is available.,Omit the venue line unless a DOI is present.
geostatistical-analysis-of-water-quality-in-bolinao-pangasinan-2015-df91c8bc,2015,"GEOSTATISTICAL ANALYSIS OF WATER QUALITY IN BOLINAO, PANGASINAN",,D,No source or venue value is available.,Omit the venue line unless a DOI is present.
hydrodynamic-investigation-of-a-shallow-tropical-lake-environment-laguna-lake-1a41c342,2015,"Hydrodynamic investigation of a shallow tropical lake environment (Laguna Lake, Philippines) and associated implications for eutrophic vulnerability","ASEAN Engineering Journal 4 (1), 48-62",A,,Display the existing source or venue.
light-detection-and-ranging-lidar-data-processing-and-classification-for-bathy-f90e020b,2015,LIGHT DETECTION AND RANGING (LIDAR) DATA PROCESSING AND CLASSIFICATION FOR BATHYMETRIC DEM GENERATION OF PHILIPPINE SHALLOW WATERS,,D,No source or venue value is available.,Omit the venue line unless a DOI is present.
mangrove-forest-extent-mapping-in-siargao-island-surigao-del-norte-philippines-37448696,2015,"MANGROVE FOREST EXTENT MAPPING IN SIARGAO ISLAND, SURIGAO DEL NORTE, PHILIPPINES USING SUPPORT VECTOR MACHINE (SVM) CLASSIFICATION",,D,No source or venue value is available.,Omit the venue line unless a DOI is present.
multi-agent-geo-simulation-of-building-evacuation-from-3dgis-dataset-of-melcho-3dd4644c,2015,"MULTI-AGENT GEO-SIMULATION OF BUILDING EVACUATION FROM 3DGIS DATASET OF MELCHOR HALL, UP DILIMAN",11th Engineering Research and Development for Technology Conference,A,,Display the existing source or venue.
object-based-image-analysis-for-benthic-habitat-mapping-using-lidar-derivative-f688a4e2,2015,Object-Based Image Analysis for Benthic Habitat Mapping using LiDAR Derivatives,,D,No source or venue value is available.,Omit the venue line unless a DOI is present.
object-based-image-analysis-for-mangroves-extraction-using-lidar-datasets-and-65061e15,2015,Object-based image analysis for mangroves extraction using LIDAR datasets and orthophoto,Asian Association on Remote Sensing,A,,Display the existing source or venue.
the-phil-lidar-2-program-national-resource-inventory-of-the-philippines-using-c42abbf8,2015,The Phil-LiDAR 2 program: National resource inventory of the Philippines using LiDAR and other remotely sensed data,"The International Archives of the Photogrammetry, Remote Sensing and Spatial …",B,The source or venue appears truncated but remains meaningful.,Display the existing source or venue without fabricating a completion.
the-phil-lidar-2-program-national-resource-inventory-of-the-philippines-using-61ba2bf3,2015,The Phil-LiDAR 2 Program: National resource inventory of the Philippines using LiDAR and other remotely sensed Data. The International Archives of the Photogrammetry,"Remote Sensing and Spatial Information Sciences, XL-7-W3, 1123-1127",A,,Display the existing source or venue.
3dgis-based-multi-agent-geosimulation-and-visualization-of-building-evacuation-882b11a4,2014,3DGIS-based multi-agent geosimulation and visualization of building evacuation using GAMA platform,"The International Archives of the Photogrammetry, Remote Sensing and Spatial …",B,The source or venue appears truncated but remains meaningful.,Display the existing source or venue without fabricating a completion.
a-framework-for-assessing-risk-from-natural-hazards-including-climate-change-f-e5b67e9f,2014,"A FRAMEWORK FOR ASSESSING RISK FROM NATURAL HAZARDS INCLUDING CLIMATE CHANGE FOR WATER, WASTEWATER AND SOLID WASTE SERVICES",Proceedings of the International Annual Conference of the American Society …,B,The source or venue appears truncated but remains meaningful.,Display the existing source or venue without fabricating a completion.
assessment-of-water-quality-variations-in-san-juan-river-using-gis-and-multiva-d43738e5,2014,Assessment of water quality variations in San Juan River using GIS and multivariate statistical techniques,"ASEAN Engineering Journal Part C 2 (2), 24",A,,Display the existing source or venue.
change-in-seagrass-fractional-cover-in-bolinao-and-anda-philippines-derived-fr-72368896,2014,"Change in seagrass fractional cover in Bolinao and Anda, Philippines, derived from Landsat images","Proceedings of the 35th Asian Conference on Remote Sensing, ACRS",A,,Display the existing source or venue.
coupling-artificial-neural-networks-and-genetic-algorithms-in-redesigning-exis-911c9cd4,2014,Coupling artificial neural networks and genetic algorithms in redesigning existing cities for flood resistance,ACHI,A,,Display the existing source or venue.
development-and-applications-of-an-integrated-decision-support-system-for-real-025efd31,2014,Development and Applications of an Integrated Decision Support System for realizing Sustainable Aquaculture and Coastal Ecosystem in Bolinao and its surrounding areas,(No Title),C,The source or venue value is a no-title placeholder.,Omit the venue from public display and preserve the source value for later bibliographic correction.
feature-classification-using-supervised-classification-support-vector-machines-fed1adbe,2014,FEATURE CLASSIFICATION USING SUPERVISED CLASSIFICATION SUPPORT VECTOR MACHINES,,D,No source or venue value is available.,Omit the venue line unless a DOI is present.
geovisualization-of-land-use-and-zoning-ordinances-in-boracay-island-malay-akl-48ff746a,2014,"Geovisualization of Land Use and Zoning Ordinances in Boracay Island, Malay, Aklan",(No Title),C,The source or venue value is a no-title placeholder.,Omit the venue from public display and preserve the source value for later bibliographic correction.
evaluating-mean-sea-level-anomalies-for-the-philippines-using-satellite-altime-72982352,2013,EVALUATING MEAN SEA LEVEL ANOMALIES FOR THE PHILIPPINES USING SATELLITE ALTIMETRY DATA AND GEOGRAPHIC INFORMATION SYSTEMS (GIS),,D,No source or venue value is available.,Omit the venue line unless a DOI is present.
improved-classification-of-moderate-resolution-satellite-image-using-band-rati-ca0eaf82,2013,"IMPROVED CLASSIFICATION OF MODERATE RESOLUTION SATELLITE IMAGE USING BAND RATIO, NBAI AND PC TRANSFORM",,D,No source or venue value is available.,Omit the venue line unless a DOI is present.
mapping-of-seagrass-and-other-benthic-habitats-in-bolinao-pangasinan-using-wor-19106cde,2013,"Mapping of seagrass and other benthic habitats in Bolinao, Pangasinan using Worldview-2 satellite image","2013 IEEE International Geoscience and Remote Sensing Symposium-IGARSS, 1579 …",B,The source or venue appears truncated but remains meaningful.,Display the existing source or venue without fabricating a completion.
phenological-changes-in-alaminos-and-bani-watersheds-derived-using-modis-data-f2c36ea3,2013,Phenological Changes in Alaminos and Bani Watersheds Derived Using MODIS Data: Indications of Salinity Intrusion,,D,No source or venue value is available.,Omit the venue line unless a DOI is present.
seasonal-variability-of-water-quality-around-patch-reefs-inside-a-lagoon-from-24a3a297,2013,Seasonal variability of water quality around patch reefs inside a lagoon from its interaction with outer sea,"Galaxea, Journal of Coral Reef Studies 15 (Supplement), 54-59",A,,Display the existing source or venue.
spatiotemporal-variations-in-co2-flux-in-a-fringing-reef-simulated-using-a-nov-c8064ef1,2013,Spatiotemporal variations in CO2 flux in a fringing reef simulated using a novel carbonate system dynamics model,"Coral Reefs 32 (1), 239-254",A,,Display the existing source or venue.
swat-model-for-assessment-of-climate-change-and-land-use-land-cover-change-imp-bfef776d,2013,Swat Model for Assessment of Climate Change and Land Use/Land Cover Change Impact on Philippine Soil Loss and Exploration of Land Cover-Based Mitigation Measures: Case of Cagayan,"ASEAN Eng. J. Part C 3, 104",A,,Display the existing source or venue.
assessment-of-coastal-vulnerability-to-sea-level-rise-of-bolinao-pangasinan-us-63e12e19,2012,"Assessment of coastal vulnerability to sea level rise of Bolinao, Pangasinan using remote sensing and geographic information systems","The International Archives of the Photogrammetry, Remote Sensing and Spatial …",B,The source or venue appears truncated but remains meaningful.,Display the existing source or venue without fabricating a completion.
assessment-of-coastal-vulnerability-to-sea-level-rise-using-remote-sensing-rs-1f8cacfa,2012,"Assessment of coastal vulnerability to sea level rise using remote sensing (RS) and geographic information systems (GIS): a case study of Bolinao, Pangasinan, Philippines","Asian and Pacific Coasts 2011, 377-384",A,,Display the existing source or venue.
climate-change-impact-assessment-on-soil-loss-rate-in-a-large-river-basin-usin-f9b44869,2012,"Climate Change Impact Assessment on Soil Loss Rate in a Large River Basin Using SWAT Model, RS and GIS",,D,No source or venue value is available.,Omit the venue line unless a DOI is present.
extraction-of-benthic-cover-information-from-video-tows-and-photographs-using-cdddf666,2012,Extraction of benthic cover information from video tows and photographs using object-based image analysis,"The International Archives of the Photogrammetry, Remote Sensing and Spatial …",B,The source or venue appears truncated but remains meaningful.,Display the existing source or venue without fabricating a completion.
integrated-use-of-electrical-resistance-tomography-and-radon-monitoring-for-ch-05865674,2012,INTEGRATED USE OF ELECTRICAL RESISTANCE TOMOGRAPHY AND RADON MONITORING FOR CHARACTERIZING SUBMARINE GROUNDWATER DISCHARGE DYNAMICS IN A FRINGING REEF,"Asian And Pacific Coasts 2011, 1102-1109",A,,Display the existing source or venue.
integrated-use-of-remote-sensing-gis-and-swat-model-to-explore-climate-change-dea1dba8,2012,"Integrated use of remote sensing, GIS and swat model to explore climate change effects on river discharge in the Cagayan river Basin and land cover-based adaptation measures","Proceedings of the 33rd Asian Conference on Remote Sensing, 1509-1518",A,,Display the existing source or venue.
key-biodiversity-areas-in-the-philippines-priorities-for-conservation-2012-186d6812,2012,Key biodiversity areas in the Philippines: priorities for conservation,"Journal of Threatened Taxa 4 (8), 2788-2796",A,,Display the existing source or venue.
sediment-discharge-from-an-agricultural-watershed-investigating-the-influence-6cf2e887,2012,Sediment discharge from an agricultural watershed: investigating the influence of land-cover fragmentation using the GSSHA model,"IAHS-AISH publication, 271-275",A,,Display the existing source or venue.
a-partnership-for-sustainable-lake-environment-collaborative-monitoring-and-re-1f55a6ce,2011,"A partnership for sustainable lake environment: collaborative monitoring and research on Laguna de Bay, Philippines, for management of resource use and ecosystem conservation","Lakes & Reservoirs: Research & Management 16 (2), 137-148",A,,Display the existing source or venue.
advanced-systems-for-detection-of-toxic-substances-towards-a-more-eco-efficien-4989e592,2011,ADVANCED SYSTEMS FOR DETECTION OF TOXIC SUBSTANCES. TOWARDS A MORE ECO-EFFICIENT AIRCRAFT,,D,No source or venue value is available.,Omit the venue line unless a DOI is present.
estimation-of-nearshore-groundwater-discharge-and-its-potential-effects-on-a-f-dfbb376c,2011,Estimation of nearshore groundwater discharge and its potential effects on a fringing coral reef,"Marine pollution bulletin 62 (4), 770-785",A,,Display the existing source or venue.
dynamic-evolution-of-nutrient-discharge-under-stormflow-and-baseflow-condition-781ae7d6,2010,"Dynamic evolution of nutrient discharge under stormflow and baseflow conditions in a coastal agricultural watershed in Ishigaki Island, Okinawa, Japan","Hydrological Processes 24 (18), 2601-2616",A,,Display the existing source or venue.
remote-sensing-and-gis-based-assessment-of-coastal-vulnerability-of-bolinao-pa-e362e20b,2010,"Remote sensing and GIS-based assessment of coastal vulnerability of Bolinao, Pangasinan to sea level rise",,D,No source or venue value is available.,Omit the venue line unless a DOI is present.
roles-of-sporadic-intrusion-of-outer-sea-water-in-water-exchange-and-water-qua-f12c2d60,2010,"Roles of sporadic intrusion of outer sea water in water exchange and water quality variations in the coastal lagoon of puerto galera, philippines","Asian and Pacific Coasts 2009: (In 4 Volumes, with CD-ROM), 232-238",A,,Display the existing source or venue.
assessment-of-philippine-coastal-vulnerability-to-sea-level-rise-using-rs-and-a026c99f,2009,"Assessment of Philippine Coastal Vulnerability to Sea Level Rise Using RS and GIS: A Case Study of Bolinao, Pangasinan",Philippine Engineering Journal 30 (2),A,,Display the existing source or venue.
comprehensive-circulation-and-water-quality-investigation-of-the-coastal-lagoo-7aa94dd8,2008,"Comprehensive circulation and water quality investigation of the coastal lagoon: Puerto Galera, The Philippines",Proceedings of 8th International Conference on Hydro-science and Engineering …,B,The source or venue appears truncated but remains meaningful.,Display the existing source or venue without fabricating a completion.
planktonic-and-benthic-microalgal-community-composition-as-indicators-of-terre-80546387,2008,"Planktonic and benthic microalgal community composition as indicators of terrestrial influence on a fringing reef in Ishigaki Island, Southwest Japan","Marine Environmental Research 66 (5), 520-535",A,,Display the existing source or venue.
a-multi-scale-investigation-of-environmental-controls-onn-shiraho-coral-reef-t-3cc2ef2c,2007,"A multi-scale investigation of environmental controls onn Shiraho Coral Reef through Field Measurements, Remote Sensing and GIS","Abstracts, 21st Pacific Science Congress, Okinawa, Japan, 91",A,,Display the existing source or venue.
coral-mortality-discrimination-and-change-detection-using-landsat-tm-and-etm-i-3dad614c,2007,"Coral mortality discrimination and change detection using Landsat TM And ETM+ imageries of Balabac, Palawan",28th Asian Conference on Remote Sensing. Kuala Lumpur,A,,Display the existing source or venue.
integrated-analysis-of-socio-economic-and-environmental-statistics-towards-dev-595c86ae,2007,Integrated analysis of socio-economic and environmental statistics towards development of coupled economy-environment indicators for Fiji and Samoa,"Abstracts, 21st Pacific Science Congress, Okinawa, Japan, 285",A,,Display the existing source or venue.
integrated-socio-environmental-investigation-of-water-quality-condition-in-pue-3534261f,2007,Integrated socio-environmental investigation of water quality condition in Puerto Galera: The Decision Supported System Development,"Abstract, 21st Pacific Science Congress, Okinawa, Japan, 78",A,,Display the existing source or venue.
spatial-and-temporal-distribution-composition-of-nutrients-microalgae-and-cdom-5e145ef6,2007,"Spatial and temporal distribution composition of nutrients, microalgae and CDOM in Shiraoh reef, ishigaki island",Abstracts of the Japan Geoscience Union Meeting 2007 [CD],A,,Display the existing source or venue.
water-balance-analysis-of-laguna-de-bay-philippines-with-focus-on-lake-water-u-13ecf836,2007,"Water balance analysis of Laguna de Bay, Philippines with focus on lake-water use and salinity intrusion","Abstracts of the Japan Geoscience Union Meeting 2007,[CD]",A,,Display the existing source or venue.
a-comparative-assessment-and-estimation-of-potential-soil-erosion-rates-and-pa-53d134bc,2006,A Comparative Assessment and Estimation of Potential Soil Erosion Rates and Patterns in Laguna Lake Watershed Using Three Models,Japan Society for the Promotion of Science (JSPS) and University of the …,B,The source or venue appears truncated but remains meaningful.,Display the existing source or venue without fabricating a completion.
a-comparative-assessment-and-estimation-of-potential-soil-erosion-rates-and-pa-a504171c,2006,A Comparative Assessment and Estimation of Potential Soil Erosion Rates and Patterns in Laguna Lake Watershed Using Three Models: Towards Development of an Erosion Index System for Integrated Watershed-Lake Management,"Symposium on Infrastructure Development and the Environment, 7-8",A,,Display the existing source or venue.
complementarity-of-sensor-based-measurements-and-community-perception-for-moni-7044512d,2006,Complementarity of sensor-based measurements and community perception for monitoring and management of seawater quality,,D,No source or venue value is available.,Omit the venue line unless a DOI is present.
connectivity-and-impact-assessment-of-land-use-cover-and-benthic-cover-change-cb67f416,2005,Connectivity and impact assessment of land use/cover and benthic cover change by advance remote sensing analysis,,D,No source or venue value is available.,Omit the venue line unless a DOI is present.
2005-6ce15bb3,2005,衛星データに基づく八重山諸島における土地利用・植生被覆の長期的変遷と周辺サンゴ礁域の海底被覆状態変化の関係解析,"海岸工学論文集 52, 1111-1115",A,,Display the existing source or venue.
bio-optical-modeling-of-laguna-de-bay-waters-and-applications-to-lake-monitori-bdebef44,2003,Bio-Optical Modeling of Laguna de Bay Waters and Applications to Lake Monitoring Using ASTER Data,"Proceedings of the KSRS Conference, 667-669",A,,Display the existing source or venue.
field-survey-on-hydrodynamics-and-water-quality-in-manila-bay-and-laguna-lake-6415fbe4,2003,Field survey on hydrodynamics and water quality in Manila Bay and Laguna Lake,Proceedings of the symposium on environmental issues related to …,B,The source or venue appears truncated but remains meaningful.,Display the existing source or venue without fabricating a completion.
integrated-use-of-gis-and-hydrological-models-for-targeting-areas-tool-for-ass-706d68cb,2003,Integrated Use of GIS and Hydrological Models for Targeting Areas: Tool for Assisting a Participatory Soil and Water Conservation Program,"University of Melbourne, Department of Geomatics",A,,Display the existing source or venue.
design-and-development-of-an-electronic-nose-system-to-control-the-processing-5b6d5001,2000,Design and Development of an Electronic Nose System to Control the Processing of Dry Cured Iberian Hams Monitored via Internet in Electronic Noses and Olfaction 2000,"Institute of Physics publishing, Bristol and Philadelphia",A,,Display the existing source or venue.
